v 0.23554012809307764 -0.01928746228121482 0.07608003785358973
v 0.23535103640167826 -0.018889428422581497 0.07401001203978289
v 0.23513593870371177 -0.018493357198512486 0.07194092083413269
v 0.2348949084970109 -0.018099272782781603 0.06987291132882124
v 0.23462801927940852 -0.017707199349162622 0.06780613061603076
v 0.23433534454873772 -0.017317161071429374 0.0657407257879434
v 0.2340169578028313 -0.016929182123355688 0.06367684393674133
v 0.2336729325395222 -0.01654328667871527 0.06161463215460673
v 0.23330334225664331 -0.01615949891128203 0.05955423753372176
v 0.2329082604520276 -0.015777842994829747 0.05749580716626858
v 0.23248776062350782 -0.01539834310313222 0.05543948814442938
v 0.23204191626891704 -0.015021023409963238 0.053385427560386334
v 0.23157080088608803 -0.014645908089096632 0.05133377250632158
v 0.23107448797285393 -0.014273021314306161 0.049284670074417315
v 0.2305530510270473 -0.013902387259365726 0.0472382673568557
v 0.23000656354650134 -0.013534030098049044 0.04519471144581891
v 0.22943509902904885 -0.013167974004129945 0.04315414943348911
v 0.2288387309725228 -0.01280424315138222 0.04111672841204848
v 0.2282175328747559 -0.012442861713579736 0.03908259547367917
v 0.22757157823358126 -0.012083853864496244 0.03705189771056337
v 0.22690094054683171 -0.011727243777905558 0.03502478221488325
v 0.22620569331234022 -0.011373055627581494 0.033001396078820966
v 0.22548591002793963 -0.01102131358729784 0.030981886394558695
v 0.22474166419146285 -0.010672041830828413 0.0289664002542786
v 0.2239730293007428 -0.010325264531947029 0.026955084750162867
v 0.22318007885361243 -0.009981005864427475 0.02494808697439365
v 0.2223628863479045 -0.00963929000204361 0.022945554019153127
v 0.22152152528145225 -0.009300141118569125 0.020947632976623484
v 0.2206560691520882 -0.008963583387777946 0.018954470938986858
v 0.21976659145764543 -0.008629640983443793 0.016966214998425436
v 0.2188531656959568 -0.00829833807934055 0.014983012247121397
v 0.21791586536485533 -0.007969698849241952 0.013005009777256885
v 0.2169547639621738 -0.007643747466921841 0.011032354681014088
v 0.21596993498574518 -0.007320508106154033 0.009065194050575202
v 0.2149614519334024 -0.007000004940712276 0.007103674978122337
v 0.2139293883029783 -0.006682262144370454 0.005147944555837711
v 0.21287381759230584 -0.006367303890902301 0.0031981498759034686
v 0.21179481329921787 -0.006055154354081688 0.001254438030501806
v 0.2106924489215474 -0.005745837707682361 -0.0006830438881851308
v 0.20956679795712724 -0.005439378125478164 -0.002614148787975168
v 0.20841793390379035 -0.005135799781242914 -0.004538729576686124
v 0.20724593025936955 -0.004835126848750371 -0.0064566391621358465
v 0.20605086052169785 -0.004537383501774378 -0.00836773045214215
v 0.20483279818860814 -0.00424259391408871 -0.010271856354522862
v 0.20359181675793334 -0.003950782259467198 -0.01216886977709582
v 0.2023279897275063 -0.003661972711683642 -0.014058623627678863
v 0.2010413905951599 -0.0033761894445118457 -0.015940970814089805
v 0.19973209285872714 -0.0030934566317256246 -0.017815764244146475
v 0.19840017001604096 -0.002813798447098753 -0.01968285682566674
v 0.1970456955649341 -0.002537239064405075 -0.021542101466468382
v 0.19566874300323958 -0.002263802657418379 -0.02339335107436925
v 0.1942693858287903 -0.001993513399912439 -0.025236458557187164
v 0.19284769753941916 -0.0017263954656611263 -0.02707127682273999
v 0.19140375163295908 -0.001462473028438216 -0.028897658778845498
v 0.18993762160724295 -0.0012017702620174958 -0.030715457333321563
v 0.18844938096010364 -0.0009443113401727959 -0.032524525393985995
v 0.18693910318937412 -0.0006901204366779046 -0.03432471586865665
v 0.1854068617928873 -0.0004392217253066516 -0.03611588166515135
v 0.18385273026847604 -0.00019163937983281143 -0.037897875691287886
v 0.18227678211397325 5.260242596978604e-05 -0.03967055085488411
v 0.1806790908272119 0.00029347951832735253 -0.0414337600637579
v 0.1790597299060248 0.0005309677234660581 -0.04318735622572702
v 0.17741877284824498 0.0007650428676121424 -0.04493119224860932
v 0.17575629315170524 0.0009956807769917475 -0.046665121040222635
v 0.1740723643142385 0.0012228572778310853 -0.048388995508384824
v 0.1723670598336777 0.0014465481963563676 -0.05010266856091364
v 0.17064045320785579 0.0016667293587937643 -0.05180599310562699
v 0.1688926179346056 0.001883376591369515 -0.05349882205034269
v 0.16712362751176008 0.002096465720309734 -0.05518100830287852
v 0.16533355543715209 0.0023059725718406893 -0.056852404771052356
v 0.16352247520861457 0.0025118729721885363 -0.05851286436268202
v 0.1616904603239805 0.002714142747579487 -0.06016223998558533
v 0.1598375842810826 0.002912757724239712 -0.061800384547580134
v 0.15796392057775396 0.0031076937283954498 -0.06342715095648424
v 0.15606954271182738 0.0032989265862728573 -0.0650423921201155
v 0.15415452418113584 0.003486432124098132 -0.06664596094629174
v 0.1522189384835122 0.0036701861680974723 -0.06823771034283076
v 0.1502628591167894 0.0038501645444971033 -0.06981749321755043
v 0.14828635957880032 0.004026343079523154 -0.07138516247826857
v 0.14628951336737786 0.0041986975994018905 -0.072940571032803
v 0.14427239398035496 0.004367203930359442 -0.07448357178897154
v 0.14223507491556447 0.004531837898622049 -0.07601401765459205
v 0.14017762967083935 0.0046925753304158935 -0.07753176153748233
v 0.13810013174401256 0.004849392051967161 -0.07903665634546023
v 0.13600265463291686 0.005002263889502062 -0.08052855498634359
v 0.1338852718353853 0.005151166669246754 -0.08200731036795018
v 0.13174805684925067 0.0052960762174274895 -0.08347277539809793
v 0.129591083172346 0.005436968360270411 -0.08492480298460457
v 0.1274144243025041 0.005573818924001744 -0.086363246035288
v 0.12521815373755787 0.005706603734847646 -0.08778795745796598
v 0.12300234497534031 0.005835298619034368 -0.08919879016045641
v 0.12076707151368425 0.005959879402788068 -0.09059559705057711
v 0.11851240685042261 0.006080321912334943 -0.09197823103614587
v 0.11623842448338832 0.006196601973901178 -0.09334654502498056
v 0.11394519791041428 0.006308695413712984 -0.09470039192489899
v 0.1116328006293334 0.006416578057996558 -0.09603962464371896
v 0.10930130613797856 0.0065202257329780855 -0.09736409608925839
v 0.1069507879341827 0.00661961426488375 -0.098673659169335
v 0.10458131951577869 0.0067147194799397625 -0.09996816679176669
v 0.10219297438059949 0.006805517204372322 -0.10124747186437127
v -0.009506105710873795 -0.029414611769900206 -0.022564597539118703
v -0.012243335894165572 -0.029295342731398263 -0.023712529869508465
v -0.014913793195052382 -0.02917801440081376 -0.024848049358729477
v -0.017518713315259744 -0.029062587897055167 -0.025971433475675595
v -0.020059331956513205 -0.028949024339030904 -0.027082959689240692
v -0.02253688482053831 -0.028837284845649472 -0.02818290546831864
v -0.02495260760906058 -0.02872733053581933 -0.029271548281803287
v -0.027307736023805547 -0.028619122528448906 -0.030349165598588485
v -0.029603505766498762 -0.028512621942446678 -0.031416034887568126
v -0.03184115253886575 -0.02840778989672113 -0.032472433617636035
v -0.03402191204263203 -0.02830458751018071 -0.03351863925768611
v -0.03614701997952316 -0.028202975901733873 -0.034554929276612176
v -0.03821771205126468 -0.028102916190289068 -0.03558158114330813
v -0.04023522395958211 -0.028004369494754794 -0.03659887232666782
v -0.042200791406200984 -0.027907296934039497 -0.03760708029558511
v -0.04411565009284685 -0.027811659627051608 -0.03860648251895388
v -0.04598103572124523 -0.02771741869269967 -0.039597356465667935
v -0.047798183993121655 -0.027624535249892057 -0.0405799796046212
v -0.04956833061020168 -0.027532970417537245 -0.04155462940470753
v -0.051292711274210825 -0.02744268531454376 -0.04252158333482074
v -0.05297256168687463 -0.027353641059820008 -0.04348111886385475
v -0.054609117549918644 -0.02726579877227446 -0.04443351346070337
v -0.05620361456506836 -0.027179119570815563 -0.04537904459426052
v -0.05775728843404937 -0.02709356457435183 -0.04631798973342001
v -0.05927137485858716 -0.02700909490179168 -0.047250626347075705
v -0.0607471095404073 -0.026925671672043572 -0.048177231904121515
v -0.06218572818123528 -0.02684325600401602 -0.04909808387345127
v -0.0635884664827967 -0.026761809016617413 -0.05001345972395882
v -0.06495656014681704 -0.026681291828756268 -0.05092363692453804
v -0.06629124487502187 -0.026601665559341015 -0.0518288929440828
v -0.06759375636913668 -0.026522891327280154 -0.052729505251486966
v -0.06886533033088707 -0.026444930251482104 -0.053625751315644385
v -0.07010720246199852 -0.026367743450855352 -0.05451790860544893
v -0.07132060846419659 -0.02629129204430833 -0.05540625458979448
v -0.07250678403920681 -0.02621553715074955 -0.05629106673757482
v -0.07366696488875471 -0.026140439889087444 -0.0571726225176839
v -0.07480238671456585 -0.026065961378230473 -0.058051199399015554
v -0.07591428521836573 -0.025992062737087096 -0.05892707485046361
v -0.0770038961018799 -0.025918705084565785 -0.05980052634092202
v -0.0780724550668339 -0.025845849539575 -0.060671831339284554
v -0.07912119781495325 -0.025773457221023213 -0.06154126731444509
v -0.08015136004796351 -0.025701489247818857 -0.06240911173529755
v -0.0811641774675902 -0.02562990673887043 -0.06327564207073573
v -0.08216088577555886 -0.02555867081308638 -0.06414113578965353
v -0.083142720673595 -0.025487742589375154 -0.06500587036094477
v -0.08411091786342421 -0.025417083186645234 -0.06587012325350339
v -0.08506671304677195 -0.02534665372380504 -0.06673417193622316
v -0.0860113419253638 -0.025276415319763115 -0.067598293877998
v -0.08694604020092535 -0.025206329093427862 -0.06846276654772177
v -0.08787204357518204 -0.02513635616370774 -0.06932786741428831
v -0.08879056250526812 -0.025066457264381656 -0.07019388725607126
v -0.08970222682271824 -0.024996584271248207 -0.07106142296947869
v -0.09060708573346717 -0.02492668020212578 -0.07193137756895321
v -0.09150516319885856 -0.024856687689703102 -0.07280466737841712
v -0.09239648318023595 -0.024786549366668992 -0.07368220872179275
v -0.09328106963894298 -0.024716207865712173 -0.07456491792300245
v -0.09415894653632322 -0.024645605819521438 -0.07545371130596855
v -0.0950301378337202 -0.024574685860785567 -0.07634950519461332
v -0.09589466749247758 -0.02450339062219331 -0.07725321591285916
v -0.09675255947393889 -0.024431662736433477 -0.07816575978462838
v -0.09760383773944774 -0.024359444836194816 -0.07908805313384329
v -0.09844852625034772 -0.02428667955416608 -0.08002101228442625
v -0.09928664896798241 -0.024213309523036075 -0.08096555356029957
v -0.10011822985369535 -0.024139277375493567 -0.08192259328538555
v -0.1009432928688302 -0.024064525744227308 -0.08289304778360655
v -0.1017618619747305 -0.023988997261926076 -0.08387783337888494
v -0.10257396113273987 -0.023912634561278664 -0.084877866395143
v -0.10337961430420185 -0.023835380274973825 -0.08589406315630305
v -0.10417884545046001 -0.023757177035700336 -0.08692733998628742
v -0.10497167853285803 -0.02367796747614695 -0.08797861320901851
v -0.1057581375127394 -0.023597694229002486 -0.08904879914841854
v -0.10653824635144776 -0.02351629992695567 -0.09013881412840992
v -0.10731202901032667 -0.023433727202695293 -0.09124957447291497
v -0.10807950945071972 -0.02334991868891012 -0.09238199650585599
v -0.1088407116339705 -0.023264817018288947 -0.0935369965511553
v -0.10959565952142256 -0.02317836482352051 -0.09471549093273528
v -0.11034437707441952 -0.023090504737293613 -0.09591839597451822
v -0.11108688825430497 -0.023001179392296997 -0.09714662800042646
v -0.11182321702242248 -0.022910331421219468 -0.09840110333438232
v -0.11255338734011563 -0.02281790345674975 -0.09968273830030813
v -0.11327742316872802 -0.02272383813157669 -0.10099244922212625
v -0.11399534846960327 -0.022628078078388972 -0.10233115242375902
v -0.11470718720408486 -0.02253056592987543 -0.1036997642291287
v -0.1154129633335165 -0.022431244318724813 -0.10509920096215765
v -0.11611270081924165 -0.022330055877625904 -0.10653037894676819
v -0.11680642362260399 -0.022226943239267466 -0.1079942145068827
v -0.11749415570494709 -0.022121849036338265 -0.10949162396642349
v -0.11817592102761448 -0.022014715901527093 -0.11102352364931282
v -0.11885174355194979 -0.021905486467522703 -0.1125908298794731
v -0.11952164723929662 -0.021794103367013873 -0.11419445898082663
v -0.12018565605099851 -0.021680509232689382 -0.11583532727729572
v -0.12084379394839909 -0.021564646697237996 -0.11751435109280277
v -0.12149608489284193 -0.021446458393348494 -0.11923244675127002
v -0.12214255284567059 -0.021325886953709614 -0.12099053057661986
v -0.12278322176822867 -0.02120287501101019 -0.12278951889277458
v -0.12341811562185973 -0.021077365197938958 -0.12463032802365649
v -0.12404725836790743 -0.020949300147184657 -0.12651387429318806
v -0.12467067396771529 -0.02081862249143611 -0.12844107402529145
v -0.1252883863826269 -0.020685274863382078 -0.13041284354388905
v -0.12590041957398587 -0.020549199895711315 -0.13243009917290322
v -0.23251679397431743 -0.08502124546498921 -0.20165732325837313
v -0.23413391919103382 -0.08502124546523053 -0.2020214134309494
v -0.23574888887209544 -0.08502124546594796 -0.20239412969821083
v -0.23736149882533322 -0.08502124546713166 -0.202775284198807
v -0.23897154485857816 -0.08502124546877185 -0.20316468907138752
v -0.2405788227796614 -0.08502124547085868 -0.20356215645460196
v -0.24218312839641365 -0.08502124547338236 -0.20396749848710008
v -0.24378425751666624 -0.08502124547633305 -0.20438052730753148
v -0.24538200594824996 -0.08502124547970094 -0.20480105505454574
v -0.24697616949899578 -0.08502124548347623 -0.20522889386679252
v -0.24856654397673475 -0.08502124548764908 -0.20566385588292138
v -0.2501529251892979 -0.08502124549220968 -0.20610575324158212
v -0.2517351089445161 -0.08502124549714823 -0.2065543980814243
v -0.2533128910502205 -0.08502124550245489 -0.20700960254109746
v -0.25488606731424185 -0.08502124550811986 -0.20747117875925128
v -0.25645443354441144 -0.08502124551413331 -0.20793893887453538
v -0.2580177855485601 -0.08502124552048546 -0.20841269502559948
v -0.2595759191345188 -0.08502124552716643 -0.20889225935109307
v -0.26112863011011855 -0.08502124553416646 -0.2093774439896659
v -0.26267571428319036 -0.08502124554147569 -0.20986806107996755
v -0.26421696746156526 -0.08502124554908434 -0.21036392276064758
v -0.2657521854530741 -0.08502124555698258 -0.21086484117035575
v -0.26728116406554814 -0.0850212455651606 -0.21137062844774165
v -0.2688036991068181 -0.08502124557360854 -0.21188109673145494
v -0.27031958638471504 -0.08502124558231665 -0.21239605816014512
v -0.27182862170707 -0.08502124559127508 -0.21291532487246198
v -0.273330600881714 -0.085021245600474 -0.213438709007055
v -0.274825319716478 -0.08502124560990362 -0.21396602270257398
v -0.276312574019193 -0.08502124561955411 -0.21449707809766838
v -0.2777921595976898 -0.08502124562941565 -0.21503168733098796
v -0.2792638722597997 -0.08502124563947844 -0.21556966254118223
v -0.2807275078133535 -0.08502124564973265 -0.2161108158669009
v -0.2821828620661822 -0.08502124566016847 -0.2166549594467937
v -0.2836297308261169 -0.08502124567077607 -0.21720190541951007
v -0.28506790990098846 -0.08502124568154565 -0.2177514659236997
v -0.286497195098628 -0.08502124569246738 -0.2183034530980123
v -0.2879173822268664 -0.08502124570353145 -0.2188576790810975
v -0.28932826709353465 -0.08502124571472805 -0.21941395601160468
v -0.29072964550646385 -0.08502124572604736 -0.2199720960281838
v -0.29212131327348484 -0.08502124573747954 -0.22053191126948432
v -0.2935030662024288 -0.08502124574901482 -0.22109321387415592
v -0.2948747001011266 -0.08502124576064335 -0.22165581598084821
v -0.29623601077740913 -0.08502124577235531 -0.2222195297282108
v -0.2975867940391076 -0.0850212457841409 -0.22278416725489342
v -0.29892684569405287 -0.0850212457959903 -0.2233495406995456
v -0.3002559615500759 -0.08502124580789369 -0.2239154622008169
v -0.3015739374150078 -0.08502124581984125 -0.22448174389735717
v -0.3028805690966795 -0.08502124583182318 -0.22504819792781586
v -0.304175652402922 -0.08502124584382964 -0.2256146364308427
v -0.3054589831415662 -0.08502124585585083 -0.22618087154508723
v -0.3067303571204432 -0.08502124586787692 -0.2267467154091992
v -0.3079895701473841 -0.08502124587989811 -0.2273119801618281
v -0.3092364180302196 -0.08502124589190457 -0.22787647794162366
v -0.3104706965767809 -0.08502124590388649 -0.2284400208872355
v -0.31169220159489897 -0.08502124591583406 -0.22900242113731326
v -0.31290072889240467 -0.08502124592773744 -0.22956349083050645
v -0.31409607427712904 -0.08502124593958685 -0.23012304210546494
v -0.31527803355690326 -0.08502124595137243 -0.23068088710083803
v -0.3164464025395581 -0.0850212459630844 -0.2312368379552757
v -0.3176009770329246 -0.08502124597471293 -0.23179070680742733
v -0.31874155284483385 -0.08502124598624819 -0.23234230579594264
v -0.31986792578311674 -0.08502124599768039 -0.23289144705947132
v -0.3209798916556043 -0.0850212460089997 -0.23343794273666288
v -0.32207724627012746 -0.08502124602019628 -0.23398160496616696
v -0.32315978543451734 -0.08502124603126036 -0.2345222458866333
v -0.32422730495660484 -0.0850212460421821 -0.2350596776367115
v -0.32527960064422096 -0.08502124605295168 -0.23559371235505114
v -0.32631646830519667 -0.08502124606355928 -0.23612416218030188
v -0.327337703747363 -0.0850212460739951 -0.23665083925111333
v -0.32834310277855083 -0.0850212460842493 -0.2371735557061351
v -0.3293324612065913 -0.08502124609431208 -0.2376921236840169
v -0.3303055748393154 -0.08502124610417364 -0.2382063553234083
v -0.331262239484554 -0.08502124611382413 -0.23871606276295895
v -0.3322022509501382 -0.08502124612325374 -0.23922105814131847
v -0.333125405043899 -0.08502124613245267 -0.23972115359713644
v -0.33403149757366724 -0.0850212461414111 -0.24021616126906262
v -0.334920324347274 -0.08502124615011919 -0.24070589329574651
v -0.33579168117255037 -0.08502124615856715 -0.24119016181583783
v -0.33664536385732713 -0.08502124616674517 -0.2416687789679862
v -0.3374811682094355 -0.0850212461746434 -0.24214155689084124
v -0.3382988900367063 -0.08502124618225204 -0.24260830772305245
v -0.33909832514697064 -0.08502124618956129 -0.24306884360326966
v -0.33987926934805945 -0.0850212461965613 -0.24352297667014242
v -0.34064151844780366 -0.08502124620324229 -0.24397051906232034
v -0.34138486825403436 -0.08502124620959442 -0.24441128291845313
v -0.3421091145745825 -0.08502124621560787 -0.2448450803771903
v -0.3428140532172791 -0.08502124622127284 -0.24527172357718155
v -0.34349947998995517 -0.08502124622657951 -0.24569102465707657
v -0.34416519070044155 -0.08502124623151805 -0.24610279575552482
v -0.3448109811565694 -0.08502124623607867 -0.24650684901117612
v -0.3454366471661696 -0.08502124624025152 -0.24690299656267997
v -0.3460419845370733 -0.0850212462440268 -0.24729105054868603
v -0.3466267890771112 -0.0850212462473947 -0.24767082310784397
v -0.3471908565941147 -0.08502124625034539 -0.24804212637880343
v -0.34773398289591434 -0.08502124625286907 -0.248404772500214
v -0.34825596379034146 -0.0850212462549559 -0.24875857361072526
v -0.34875659508522694 -0.08502124625659607 -0.24910334184898694
v -0.3492356725884017 -0.08502124625777979 -0.24943888935364858
v -0.3496929921076968 -0.08502124625849722 -0.24976502826335992
v -0.35012834945094323 -0.08502124625873854 -0.25008157071677045
v -0.3469706494424563 -0.08636500199342312 -0.2314697613914147
v -0.34748778998054153 -0.08639387841991102 -0.23087180975598706
v -0.3480509905147822 -0.08642613382714938 -0.23016115486212926
v -0.34865820019211274 -0.08646163808031133 -0.22934131836814733
v -0.3493073681594677 -0.08650026104456995 -0.2284158219323467
v -0.3499964435637818 -0.08654187258509835 -0.22738818721303336
v -0.3507233755519893 -0.08658634256706962 -0.22626193586851306
v -0.351486113271025 -0.08663354085565686 -0.22504058955709155
v -0.3522826058678232 -0.08668333731603316 -0.22372766993707446
v -0.35311080248931853 -0.08673560181337163 -0.22232669866676777
v -0.3539686522824455 -0.08679020421284535 -0.2208411974044772
v -0.35485410439413884 -0.08684701437962744 -0.21927468780850834
v -0.35576510797133293 -0.08690590217889099 -0.21763069153716724
v -0.3566996121609623 -0.08696673747580909 -0.21591273024875945
v -0.3576555661099615 -0.08702939013555484 -0.2141243256015909
v -0.35863091896526517 -0.08709373002330134 -0.2122689992539673
v -0.3596236198738078 -0.0871596270042217 -0.21035027286419428
v -0.36063161798252374 -0.08722695094348899 -0.2083716680905778
v -0.3616528624383479 -0.08729557170627633 -0.20633670659142356
v -0.3626853023882144 -0.08736535915775681 -0.20424891002503737
v -0.3637268869790581 -0.08743618316310353 -0.20211180004972484
v -0.3647755653578134 -0.08750791358748959 -0.19992889832379193
v -0.3658292866714149 -0.08758042029608809 -0.1977037265055444
v -0.36688600006679706 -0.08765357315407211 -0.19543980625328786
v -0.3679436546908946 -0.08772724202661476 -0.1931406592253283
v -0.3690001996906418 -0.08780129677888915 -0.1908098070799713
v -0.37005358421297335 -0.08787560727606836 -0.18845077147552267
v -0.3711017574048238 -0.08795004338332549 -0.18606707407028825
v -0.3721426684131276 -0.08802447496583365 -0.18366223652257374
v -0.3731742663848195 -0.08809877188876591 -0.18123978049068493
v -0.37419450046683367 -0.08817280401729541 -0.17880322763292758
v -0.3752013198061051 -0.08824644121659522 -0.17635609960760754
v -0.376192673549568 -0.08831955335183843 -0.17390191807303046
v -0.3771665108441569 -0.08839201028819815 -0.1714442046875022
v -0.37812106113647 -0.08846370497381303 -0.1689856081679204
v -0.37905567744013763 -0.0885346228683945 -0.1665252792309154
v -0.3799699994079297 -0.08860477300225741 -0.16406147847677022
v -0.38086367325059556 -0.08867416492461372 -0.16159244767384173
v -0.3817363513312325 -0.08874280868954518 -0.15911640959157686
v -0.3825876917468192 -0.08881071484239099 -0.15663156776469378
v -0.3834173578972543 -0.0888778944065815 -0.1541361061872179
v -0.3842250180421808 -0.08894435887094791 -0.15162818893501415
v -0.3850103448458415 -0.08901012017753683 -0.14910595971540547
v -0.3857730149101472 -0.08907519070995701 -0.14656754134239686
v -0.38651270829609274 -0.08913958328228505 -0.14401103513594538
v -0.3872291080335971 -0.08920331112855534 -0.14143452024362257
v -0.38792189961979057 -0.08926638789285905 -0.13883605288291087
v -0.38859077050570817 -0.08932882762007613 -0.1362136655022532
v -0.3892354095712924 -0.08939064474726356 -0.1335653658588426
v -0.38985550658854107 -0.08945185409572272 -0.13088913601098753
v -0.39045075167257515 -0.0895124708637682 -0.12818293122272562
v -0.3910208347203311 -0.08957251062022047 -0.12544467877817514
v -0.39156544483651323 -0.08963198929864413 -0.1226722767029169
v -0.3920842697463717 -0.08969092319235408 -0.11986359238948303
v -0.39257699519479344 -0.0897493289502118 -0.11701646112379209
v -0.39304330433111756 -0.0898072235732343 -0.11412868450911738
v -0.3934828770790052 -0.08986462441203878 -0.11119802878389724
v -0.39389538949060987 -0.08992154916514684 -0.10822222302939626
v -0.3942805130842033 -0.08997801587817256 -0.1051989572629065
v -0.39463791416432353 -0.09003404294392023 -0.10212588041182445
v -0.39496725312341024 -0.09008964910341818 -0.09900059816356709
v -0.39526818372379263 -0.09014485344791714 -0.09582067068588235
v -0.39554035235878804 -0.09019967542188236 -0.09258361021167155
v -0.3957833972915522 -0.0902541348270115 -0.08928687848197164
v -0.39599694787020584 -0.09030825182731145 -0.08592788404023313
v -0.39618062371763146 -0.09036204695527013 -0.0825039793704848
v -0.39633403389419875 -0.09041554111916147 -0.079012457871381
v -0.3964549229564109 -0.09046870355141352 -0.07544889749147486
v -0.39653359221789825 -0.09052129407956509 -0.07180225762907778
v -0.3965584256734995 -0.09057301654294513 -0.06805994379113846
v -0.39651773956059566 -0.09062357041544732 -0.06420948261694528
v -0.39639978654313696 -0.09067265082806043 -0.060238532633386785
v -0.3961927630779104 -0.09071994867208033 -0.05613489849398172
v -0.3958848200200592 -0.09076515078573653 -0.05188654866909001
v -0.3954640765194465 -0.09080794022690497 -0.047481636543205155
v -0.3949186372502515 -0.09084799663441881 -0.04290852485967897
v -0.39423661300308466 -0.09088499668022759 -0.0381558134336734
v -0.3934061446518104 -0.09091861461428626 -0.03321237003066603
v -0.39241543048613003 -0.09094852290357455 -0.028067364280583307
v -0.3912527568757781 -0.09097439296605293 -0.02271030446680956
v -0.389906532203007 -0.09099589599965036 -0.017131076995202044
v -0.38836532396699414 -0.09101270390555326 -0.011319988311198226
v -0.3866178989271378 -0.09102449030412683 -0.005267808993608607
v -0.3846532661122335 -0.09103093164075339 0.0010341802876958212
v -0.3824607224796722 -0.09103170837772798 0.007594141305576854
v -0.38002990096362893 -0.09102650626711821 0.014419629699290004
v -0.3773508206043686 -0.09101501769818979 0.02151754572894413
v -0.3744139384030961 -0.09099694311163821 0.02889408484277993
v -0.37121020249908804 -0.09097199247147408 0.03655468857786508
v -0.36773110621921296 -0.09093988678400769 0.044503996349718675
v -0.36396874250544475 -0.0909003596519984 0.05274579871646974
v -0.3599158581847988 -0.09085315885070547 0.06128299272722129
v -0.35556590750949774 -0.09079804791133353 0.07011753998115763
v -0.35091310436433554 -0.09073480769624291 0.07925042803249015
v -0.3459524725144148 -0.0906632379493276 0.08868163577554043
v -0.34067989325082454 -0.0905831588041877 0.09841010343323968
v -0.3350921497855298 -0.09049441223217161 0.1084337077503476
v -0.3291869677506544 -0.09039686341206866 0.11874924295928341
v -0.3229630511722606 -0.09029040200322108 0.12935240804136838
v -0.31642011331517034 -0.09017494330411822 0.14023780074954817
v -0.01212968305146346 0.14306277827853614 -0.0748637324674098
v -0.009359890533995179 0.13982744060466817 -0.07645828770598877
v -0.006679078636325156 0.13662123338740306 -0.07802696734208074
v -0.0040856489333823106 0.1334438224078004 -0.07957004748910987
v -0.00157800300009557 0.1302948734469202 -0.08108780426050029
v 0.0008454575886061495 0.12717405228582213 -0.08258051376967615
v 0.0031863312577939187 0.1240810247055661 -0.08404845213006155
v 0.005446216432538813 0.1210154564872118 -0.08549189545508064
v 0.007626711537911919 0.11797701341181911 -0.08691111985815758
v 0.009729414998984304 0.11496536126044783 -0.08830640145271645
v 0.011755925240827041 0.11198016581415766 -0.08967801635218142
v 0.013707840688511216 0.10902109285400856 -0.09102624066997665
v 0.01558675976710791 0.10608780816106024 -0.09235135051952623
v 0.017394280901688184 0.10317997751637249 -0.09365362201425431
v 0.019132002517323134 0.10029726670100521 -0.09493333126758506
v 0.020801523039083825 0.09743934149601811 -0.09619075439294254
v 0.022404440892041334 0.09460586768247096 -0.09742616750375095
v 0.023942354501266732 0.09179651104142368 -0.09863984671343441
v 0.025416862291831117 0.08901093735393602 -0.09983206813541708
v 0.02682956268880555 0.08624881240106773 -0.10100310788312303
v 0.028182054117261098 0.08350980196387871 -0.10215324206997643
v 0.02947593500226887 0.08079357182342863 -0.10328274680940146
v 0.030712803768899902 0.07809978776077743 -0.10439189821482216
v 0.031894258842225305 0.07542811555698488 -0.10548097239966277
v 0.033021898647316146 0.0727782209931107 -0.10655024547734733
v 0.0340973216092435 0.0701497698502148 -0.10759999356130005
v 0.03512212615307843 0.06754242790935684 -0.108630492764945
v 0.03609791070389203 0.06495586095159687 -0.10964201920170637
v 0.03702627368675537 0.06238973475799446 -0.11063484898500829
v 0.03790881352673954 0.05984371510960952 -0.11160925822827487
v 0.038747128648915594 0.057317467787501755 -0.11256552304493024
v 0.03954281747835462 0.054810658572731055 -0.11350391954839854
v 0.0402974784401277 0.05232295324635729 -0.11442472385210399
v 0.041012709959305914 0.04985401758944015 -0.11532821206947057
v 0.04169011046096032 0.04740351738303937 -0.11621466031392251
v 0.04233127837016202 0.044971118408214925 -0.11708434469888397
v 0.04293781211198206 0.04255648644602654 -0.11793754133777902
v 0.04351131011149154 0.040159287277534025 -0.11877452634403184
v 0.04405337079376154 0.037779186683797164 -0.11959557583106652
v 0.04456559258386312 0.035415850445875766 -0.12040096591230727
v 0.045049573906867355 0.03306894434482964 -0.12119097270117811
v 0.04550691318784536 0.030738134161718597 -0.1219658723111033
v 0.04593920885186816 0.02842308567760242 -0.12272594085550691
v 0.04634805932400687 0.02612346467354093 -0.12347145444781309
v 0.04673506302933254 0.023838936930593926 -0.12420268920144596
v 0.047101818392916266 0.021569168229821203 -0.12491992122982966
v 0.04744992383982911 0.019313824352282558 -0.12562342664638834
v 0.04778097779514215 0.01707257107903784 -0.12631348156454614
v 0.04809657868392648 0.014845074191146779 -0.12699036209772716
v 0.04839832493125318 0.012630999469669238 -0.12765434435935558
v 0.048687776078000546 0.010430016251907842 -0.12830571030580565
v 0.04896559732861365 0.008241875668751841 -0.12894487628130538
v 0.04923155955110428 0.006066410644676584 -0.12957239301793638
v 0.04948539472929148 0.00390345766040065 -0.1301888170907305
v 0.04972683484699427 0.001752853196642437 -0.13079470507471952
v 0.049955611888031694 -0.0003855662658796416 -0.13139061354493525
v 0.0501714578362228 -0.002511964246447118 -0.13197709907640953
v 0.0503741046753866 -0.004626504264341635 -0.13255471824417409
v 0.05056328438934214 -0.00672934983884467 -0.13312402762326084
v 0.050738728961908466 -0.00882066448923785 -0.13368558378870146
v 0.0509001703769046 -0.010900611734802737 -0.13423994331552788
v 0.0510473406181496 -0.012969355094820861 -0.13478766277877188
v 0.05117997166946246 -0.015027058088573839 -0.13532929875346522
v 0.051297795514662264 -0.01707388423534323 -0.1358654078146397
v 0.051400544137568005 -0.019109997054410577 -0.13639654653732722
v 0.05148794952199876 -0.021135560065057443 -0.1369232714965595
v 0.05155974365177354 -0.023150736786565415 -0.1374461392673684
v 0.05161565851071139 -0.02515569073821608 -0.13796570642478567
v 0.05165542608263133 -0.02715058543929097 -0.13848252954384316
v 0.05167877835135243 -0.029135584409071685 -0.13899716519957273
v 0.05168544730069368 -0.03111085116683976 -0.13951016996700602
v 0.05167516491447416 -0.03307654923187678 -0.14002210042117502
v 0.051647663176512884 -0.03503284212346432 -0.14053351313711146
v 0.051602674070628886 -0.03697989336088393 -0.14104496468984715
v 0.0515399295806412 -0.03891786646341721 -0.14155701165441384
v 0.05145916169036889 -0.0408469249503457 -0.14207021060584346
v 0.05136010238363094 -0.042767232340950964 -0.1425851181191677
v 0.05124248364424644 -0.04467895215451459 -0.14310229076941847
v 0.0511060374560344 -0.04658224791031812 -0.14362228513162748
v 0.05095049580281385 -0.04847728312764316 -0.1441456577808266
v 0.050775590668403835 -0.050364221325771244 -0.1446729652920476
v 0.050581054036623406 -0.052243226023983964 -0.14520476424032236
v 0.05036661789129157 -0.05411446074156286 -0.1457416112006826
v 0.0501320142162274 -0.05597808899778952 -0.1462840627481602
v 0.04987697499524988 -0.05783427431194553 -0.1468326754577869
v 0.0496012322121781 -0.05968318020331241 -0.14738800590459453
v 0.04930451785083106 -0.06152497019117178 -0.14795061066361495
v 0.048986563895027806 -0.06335980779480516 -0.14852104630987986
v 0.048647102328587384 -0.06518785653349414 -0.14909986941842118
v 0.04828586513532881 -0.06700927992652031 -0.14968763656427067
v 0.047902584299071134 -0.06882424149316521 -0.15028490432246014
v 0.0474969918036334 -0.07063290475271042 -0.15089222926802137
v 0.047068819632834616 -0.07243543322443749 -0.15151016797598615
v 0.04661779977049385 -0.07423199042762801 -0.1521392770213864
v 0.04614366420043012 -0.07602273988156354 -0.15278011297925384
v 0.045646144906462474 -0.07780784510552563 -0.15343323242462029
v 0.04512497387240993 -0.07958746961879588 -0.1540991919325176
v 0.044579883082091536 -0.08136177694065584 -0.1547785480779775
v 0.04401060451932633 -0.0831309305903871 -0.15547185743603184
v 0.04341687016793334 -0.08489509408727118 -0.1561796765817124
v -0.014126519081417417 0.14326491131264601 -0.0759182189519966
v -0.007379594594953383 0.14453008577320198 -0.07463346349769233
v -0.0009159129398079892 0.14561764663634857 -0.07322867938722537
v 0.0052760356170803045 0.14653410333079447 -0.0717080210340042
v 0.011207760808773028 0.14728596528524807 -0.07007564285143715
v 0.016890772368331704 0.1478797419284178 -0.0683356992529326
v 0.02233658002881788 0.14832194268901228 -0.06649234465189897
v 0.02755669352329309 0.14861907699573979 -0.0645497334617446
v 0.03256262258481885 0.14877765427730893 -0.06251202009587789
v 0.037365876946456704 0.14880418396242828 -0.06038335896770719
v 0.04197796634126817 0.1487051754798061 -0.05816790449064091
v 0.04641040050231481 0.14848713825815102 -0.055869811078087445
v 0.050674689162658146 0.1481565817261714 -0.05349323314345515
v 0.054782342055359694 0.14772001531257584 -0.051042325100152414
v 0.05874486891348099 0.1471839484460727 -0.048521241361587614
v 0.0625737794700836 0.14655489055537052 -0.045934136341169135
v 0.06628058345822903 0.14583935106917778 -0.04328516445230536
v 0.06987679061097879 0.1450438394162029 -0.040578480108404646
v 0.07337391066139445 0.14417486502515453 -0.0378182377228754
v 0.07678345334253751 0.14323893732474102 -0.035008591709126
v 0.08011691514061177 0.14224256057738216 -0.03215369441946131
v 0.08338298420797104 0.14119114379232056 -0.029257261252242362
v 0.08658408293323798 0.1400876523243037 -0.02632203270387069
v 0.0897217859061372 0.13893472088561032 -0.023350617360123203
v 0.09279766771639332 0.13773498418851932 -0.020345623806776816
v 0.09581330295373089 0.13649107694530943 -0.01730966062960849
v 0.09877026620787457 0.1352056338682595 -0.014245336414395179
v 0.10167013206854889 0.13388128966964846 -0.01115525974691382
v 0.10451447512547847 0.13252067906175496 -0.008042039212941287
v 0.10730486996838791 0.1311264367568578 -0.0049082833982545745
v 0.11004289118700175 0.1297011974672359 -0.0017566008886306002
v 0.11273011337104465 0.1282475959051681 0.0014103997301537045
v 0.1153681111102412 0.12676826678293318 0.004590109872321377
v 0.11795845899431594 0.12526584481280995 0.007779920952095495
v 0.12050273161299352 0.12374296470707714 0.010977224383699143
v 0.12300250355599851 0.12220226117801371 0.01417941158135536
v 0.1254593494130555 0.12064636893789842 0.017383873959287224
v 0.1278748437738891 0.11907792269901 0.020588002931717787
v 0.13025056122822384 0.11749955717362744 0.023789189912870105
v 0.13258807636578446 0.11591390707402942 0.026984826316967272
v 0.13488895509027937 0.11432354952803268 0.03017237979039536
v 0.13715442563654268 0.112728823067489 0.03335228150487814
v 0.1393852775955973 0.11112715820891307 0.036528812356372245
v 0.14158227124316192 0.10951579112125988 0.03970651052438455
v 0.14374616685495525 0.10789195797348448 0.04288991418842189
v 0.14587772470669602 0.10625289493454194 0.04608356152799115
v 0.14797770507410288 0.1045958381733872 0.04929199072259918
v 0.15004686823289456 0.10291802385897537 0.05251973995175283
v 0.15208597445878974 0.1012166881602614 0.05577134739495897
v 0.1540957840275071 0.09948906724620045 0.05905135123172445
v 0.15607705721476536 0.09773239728574741 0.06236428964155612
v 0.15803055429628327 0.09594391444785737 0.06571470080396084
v 0.1599570355477794 0.09412085490148538 0.0691071228984455
v 0.16185726124497254 0.09226045481558647 0.0725460941045169
v 0.16373199166358138 0.0903599503591156 0.07603615260168192
v 0.16558198707932467 0.08841657770102788 0.07958183656944749
v 0.16740800776792092 0.08642757301027827 0.08318768418732037
v 0.16921081400508908 0.08439017245582191 0.08685823363480748
v 0.17099116606654768 0.08230161220661374 0.09059802309141562
v 0.17274982422801544 0.08015912843160876 0.09441159073665166
v 0.1744873838637784 0.0779601681667998 0.09830308237488096
v 0.1762019729340927 0.0757053336438553 0.10227077271575766
v 0.1778898199790084 0.07339765597032279 0.10630841688860156
v 0.1795471046788917 0.0710402287328721 0.11040965376343112
v 0.1811700067141089 0.068636145518173 0.11456812221026495
v 0.1827547057650263 0.06618849991289542 0.11877746109912153
v 0.18429738151201 0.06370038550370906 0.12303130930001933
v 0.18579421363542642 0.06117489587728374 0.12732330568297706
v 0.18724138181564182 0.05861512462028935 0.1316470891180131
v 0.1886350657330223 0.05602416531939562 0.13599629847514605
v 0.18997144506793423 0.053405111561272464 0.14036457262439436
v 0.19124669950074388 0.05076105693258966 0.1447455504357766
v 0.19245700871181745 0.04809509502001698 0.1491328707793114
v 0.19359855238152127 0.045410319410224345 0.15352017252501712
v 0.19466751019022155 0.04270982368988151 0.15790109454291246
v 0.19566006181828455 0.03999670144565824 0.1622692757030158
v 0.19657238694607648 0.03727404626422444 0.1666183548753457
v 0.19740066525396374 0.034544951732249876 0.17094197092992083
v 0.19814107642231246 0.031812511436404387 0.17523376273675956
v 0.19878980013148892 0.029079818963357776 0.17948736916588048
v 0.19934371385439398 0.02634999105532841 0.18369644414248798
v 0.19980485218687888 0.02362631558851022 0.18785475285901937
v 0.20017756116256566 0.02091215714185174 0.1919561103782151
v 0.2004661977180847 0.018210880656106807 0.19599433199805297
v 0.2006751187900663 0.015525851072029279 0.1999632330165107
v 0.2008086813151407 0.012860433330373039 0.20385662873156596
v 0.20087124222993843 0.01021799237189204 0.20766833444119662
v 0.20086715847108969 0.007601893137340082 0.21139216544338033
v 0.20080078697522483 0.005015500567471132 0.21502193703609487
v 0.20067648467897423 0.0024621796030390025 0.21855146451731802
v 0.2004986085189682 -5.470481520240822e-05 0.22197456318502745
v 0.2002715154318371 -0.0025317877464992034 0.22528504833720098
v 0.19999956235421126 -0.004965704250097486 0.22847673527181625
v 0.19968710622272096 -0.007353089385243414 0.23154343928685112
v 0.19933850397399666 -0.00969057821118302 0.23447897568028325
v 0.19895811254466864 -0.011974805787162507 0.23727715975009042
v 0.19855028887136716 -0.014202407172427989 0.23993180679425044
v 0.19811938989072267 -0.016370017426225514 0.24243673211074088
v 0.19766977253936546 -0.018474271607801282 0.24478575099753966
v 0.19720579375392586 -0.02051180477640134 0.2469726787526244
v 0.267080095008343 -0.10018744601814385 0.042139558595917004
v 0.26706473975069567 -0.09986594728007156 0.042806660243673716
v 0.2670278709068393 -0.09947363503708423 0.04362169369128433
v 0.2669700527903522 -0.09901355484201571 0.044578685744354175
v 0.2668918497148122 -0.09848875224769985 0.045671663208488554
v 0.26679382599379764 -0.09790227280697048 0.046894652889292794
v 0.26667654594088647 -0.09725716207266147 0.04824168159237223
v 0.26654057386965685 -0.09655646559760665 0.049706776123332144
v 0.26638647409368693 -0.0958032289346399 0.05128396328777789
v 0.2662148109265548 -0.09500049763659504 0.05296726989131477
v 0.26602614868183866 -0.09415131725630596 0.054750722739548105
v 0.26582105167311637 -0.09325873334660646 0.05662834863808322
v 0.26560008421396625 -0.09232579146033043 0.05859417439252543
v 0.2653638106179664 -0.0913555371503117 0.06064222680848004
v 0.26511279519869485 -0.09035101596938412 0.0627665326915524
v 0.2648476022697298 -0.08931527347038154 0.0649611188473478
v 0.2645687961446492 -0.08825135520613782 0.06722001208147158
v 0.26427694113703126 -0.08716230672948681 0.06953723919952903
v 0.26397260156045416 -0.08605117359326235 0.07190682700712552
v 0.26365634172849584 -0.08492100135029831 0.0743228023098663
v 0.2633287259547346 -0.08377483555342852 0.07677919191335676
v 0.26299031855274835 -0.08261572175548682 0.07927002262320218
v 0.26264168383611536 -0.08144670550930709 0.08178932124500786
v 0.2622833861184137 -0.08027083236772316 0.08433111458437914
v 0.2619159897132214 -0.07909114788356889 0.08688942944692139
v 0.26154005893411664 -0.07791069760967811 0.08945829263823986
v 0.26115615809467757 -0.0767325270988847 0.09203173096393989
v 0.2607648515084822 -0.0755596819040225 0.09460377122962678
v 0.2603667034891087 -0.07439520757792535 0.0971684402409059
v 0.25996227835013513 -0.07324214967342711 0.09971976480338252
v 0.25955214040513963 -0.07210355374336164 0.10225177172266195
v 0.25913685396770036 -0.07098246534056275 0.1047584878043496
v 0.2587169833513953 -0.06988193001786433 0.10723393985405068
v 0.2582930928698027 -0.06880499332810022 0.10967215467737056
v 0.2578655691027316 -0.0677539856452013 0.11206848965574988
v 0.2574340876949147 -0.06672837662748643 0.11442362447397063
v 0.2569981465573163 -0.06572692075437157 0.11673956939265012
v 0.25655724360089976 -0.06474837250527266 0.11901833467240566
v 0.2561108767366293 -0.06379148635960563 0.12126193057385458
v 0.25565854387546855 -0.06285501679678636 0.12347236735761417
v 0.25519974292838155 -0.061937718296230806 0.12565165528430175
v 0.25473397180633206 -0.0610383453373549 0.12780180461453466
v 0.25426072842028397 -0.06015565239957455 0.12992482560893018
v 0.25377951068120114 -0.059288393962305716 0.13202272852810565
v 0.2532898165000474 -0.05843532450496428 0.13409752363267832
v 0.25279114378778667 -0.0575951985069662 0.13615122118326564
v 0.25228299045538277 -0.056766770447727384 0.13818583144048474
v 0.2517648544137996 -0.055948794806663774 0.1402033646649531
v 0.251236233574001 -0.05514002606319128 0.14220583111728793
v 0.25069662584695085 -0.05433921869672584 0.1441952410581066
v 0.250145529143613 -0.05354512718668338 0.14617360474802638
v 0.2495824413749512 -0.052756506012479824 0.14814293244766458
v 0.2490068604519295 -0.051972109653531086 0.1501052344176386
v 0.24841828428551163 -0.05119069258925312 0.15206252091856565
v 0.24781621078666155 -0.05041100929906182 0.15401680221106306
v 0.24720013786634304 -0.04963181426237313 0.15597008855574826
v 0.24656956343551992 -0.048851861958602985 0.1579243902132384
v 0.24592398540515628 -0.04806990686716728 0.15988171744415092
v 0.24526290168621567 -0.047284703467481974 0.161844080509103
v 0.2445858101896622 -0.04649500623896297 0.1638134896687121
v 0.24389220882645954 -0.04569956966102622 0.16579195518359544
v 0.24318159550757174 -0.04489714821308763 0.16778148731437037
v 0.24245346814396251 -0.04408649637456311 0.1697840963216542
v 0.24170732464659578 -0.04326636862486863 0.17180179246606422
v 0.2409426629264354 -0.04243551944342008 0.1738365860082178
v 0.24015898089444532 -0.041592703309633404 0.17589048720873218
v 0.2393557764615892 -0.04073667470292453 0.17796550632822472
v 0.23853239370151824 -0.03986648205369626 0.18006303094965673
v 0.2376875613386317 -0.03898234959629904 0.18218195794536504
v 0.2368198542600164 -0.03808479551607016 0.18432056151003087
v 0.23592784735275885 -0.037174337998346935 0.18647711583833496
v 0.2350101155039456 -0.03625149522846667 0.1886498951249584
v 0.2340652336006634 -0.035316785391766706 0.1908371735645821
v 0.2330917765299987 -0.03437072667358432 0.19303722535188708
v 0.23208831917903824 -0.033413837259256826 0.1952483246815543
v 0.2310534364348686 -0.03244663533412155 0.19746874574826462
v 0.22998570318457623 -0.03146963908351583 0.19969676274669912
v 0.22888369431524794 -0.03048336669277693 0.20193064987153875
v 0.22774598471397026 -0.02948833634724217 0.2041686813174644
v 0.2265711492678298 -0.028485066232248876 0.20640913127915714
v 0.22535776286391315 -0.02747407453313437 0.20865027395129782
v 0.22410440038930693 -0.026455879435235932 0.21089038352856748
v 0.22280963673109777 -0.025430999123890893 0.21312773420564707
v 0.22147204677637222 -0.024399951784436574 0.21536060017721753
v 0.2200902054122169 -0.02336325560221028 0.2175872556379599
v 0.21866268752571846 -0.022321428762549306 0.21980597478255498
v 0.21718806800396342 -0.021274989450790982 0.2220150318056839
v 0.21566492173403853 -0.020224455852272602 0.22421270090202755
v 0.2140918236030303 -0.019170346152331513 0.22639725626626692
v 0.21246734849802534 -0.01811317853630498 0.228566972093083
v 0.21079007130611027 -0.01705347118953035 0.23072012257715666
v 0.2090585669143717 -0.015991742297344902 0.23285498191316892
v 0.2072714102098962 -0.01492851004508601 0.23496982429580077
v 0.20542717607977046 -0.013864292618090884 0.23706292391973313
v 0.203524439411081 -0.012799608201696955 0.23913255497964703
v 0.20156177509091447 -0.011734974981241444 0.24117699167022333
v 0.19953775800635742 -0.010670911142061715 0.24319450818614305
v 0.19745096304449655 -0.00960793486949503 0.24518337872208718
v 0.1952999650924184 -0.008546564348878752 0.24714187747273667
v 0.19308333903720962 -0.007487317765550158 0.24906827863277242
v -0.012866403890589358 0.14766840409871596 -0.0760517720423901
v -0.012320253597533125 0.14727059315724916 -0.07495961143419233
v -0.01179419409033655 0.14686520701834732 -0.07387038696248999
v -0.011288168084476304 0.14645244544385078 -0.07278415247645928
v -0.010802118295429071 0.14603250819560026 -0.07170096182527645
v -0.010335987438671526 0.14560559503543624 -0.07062086885811766
v -0.009889718229680346 0.14517190572519934 -0.0695439274241591
v -0.009463253383932205 0.14473164002673 -0.06847019137257702
v -0.009056535616903788 0.14428499770186898 -0.06739971455254759
v -0.008669507644071763 0.1438321785124566 -0.06633255081324699
v -0.008302112180912811 0.14337338222033347 -0.06526875400385146
v -0.007954291942903612 0.14290880858734012 -0.06420837797353716
v -0.00762598964552084 0.14243865737531725 -0.06315147657148035
v -0.007317148004241173 0.1419631283461053 -0.06209810364685718
v -0.007027709734541288 0.14148242126154487 -0.06104831304884388
v -0.006757617551897861 0.1409967358834765 -0.06000215862661663
v -0.006506814171787569 0.1405062719737406 -0.05895969422935163
v -0.006275242309687092 0.14001122929417792 -0.05792097370622509
v -0.006062844681073107 0.13951180760662896 -0.056886050906413244
v -0.0058695640014222875 0.13900820667293418 -0.055854979679092226
v -0.005695342986211313 0.1385006262549342 -0.0548278138734383
v -0.00554012435091686 0.13798926611446966 -0.05380460733862763
v -0.005403850811015607 0.1374743260133809 -0.05278541392383643
v -0.005286465081984231 0.1369560057135087 -0.05177028747824089
v -0.005187909879299408 0.13643450497669346 -0.05075928185101722
v -0.005108127918437813 0.13591002356477577 -0.049752450891341615
v -0.005047061914876127 0.1353827612395962 -0.04874984844839028
v -0.005004654584091028 0.1348529177629953 -0.04775152837133945
v -0.004980848641559189 0.13432069289681353 -0.04675754450936527
v -0.004975586802757291 0.1337862864028917 -0.045767950711643954
v -0.004988811783162007 0.13324989804307003 -0.044782800827351726
v -0.005020466298250016 0.1327117275791892 -0.043802148705664776
v -0.005070493063497998 0.13217197477308984 -0.0428260481957593
v -0.005138834794382627 0.13163083938661252 -0.041854553146811524
v -0.00522543420638058 0.13108852118159764 -0.04088771740799761
v -0.005330234014968537 0.13054521991988588 -0.03992559482849377
v -0.005453176935623171 0.13000113536331775 -0.03896823925747621
v -0.005594205683821161 0.12945646727373372 -0.03801570454412116
v -0.005753262975039186 0.12891141541297452 -0.03706804453760479
v -0.005930291524753921 0.12836617954288054 -0.03612531308710332
v -0.006125234048442043 0.12782095942529237 -0.03518756404179289
v -0.006338033261580232 0.12727595482205067 -0.03425485125084979
v -0.0065686318796451615 0.1267313654949958 -0.03332722856345015
v -0.006816972618113511 0.12618739120596845 -0.0324047498287702
v -0.007082998192461955 0.12564423171680916 -0.031487468895986165
v -0.007366651318167175 0.1251020867893584 -0.030575439614274214
v -0.007667874710705844 0.12456115618545686 -0.029668715832810565
v -0.007986611085554639 0.12402163966694497 -0.028767351400771395
v -0.008322803158190244 0.12348373699566335 -0.027871400167332926
v -0.00867639364408933 0.12294764793345254 -0.026980915981671367
v -0.009047348878185316 0.12241356934572 -0.02609595752494546
v -0.00943617844291676 0.12188163147991314 -0.025216694613913026
v -0.009843935168227355 0.12135189796551886 -0.02434340820093085
v -0.010271695503517518 0.12082442953559148 -0.023476384070338367
v -0.010720535898187684 0.12029928692318505 -0.02261590800647494
v -0.011191532801638291 0.11977653086135352 -0.02176226579367994
v -0.011685762663269764 0.1192562220831511 -0.0209157432162928
v -0.012204301932482533 0.11873842132163166 -0.020076626058652857
v -0.012748227058677024 0.1182231893098495 -0.019245200105099548
v -0.013318614491253676 0.11771058678085865 -0.018421751139972218
v -0.013916540679612918 0.11720067446771308 -0.017606564947610277
v -0.01454308207315518 0.11669351310346705 -0.01679992731235312
v -0.015199315121280895 0.11618916342117437 -0.01600212401854011
v -0.015886316273390478 0.11568768615388934 -0.015213440850510674
v -0.016605161978884387 0.11518914203466592 -0.014434163592604143
v -0.017356928687163025 0.11469359179655826 -0.013664578029159973
v -0.01814269284762684 0.11420109617262043 -0.012904969944517519
v -0.01896353090967626 0.11371171589590644 -0.012155625123016139
v -0.019820519322711703 0.11322551169947041 -0.01141682934899527
v -0.020714734536133626 0.11274254431636645 -0.01068886840679428
v -0.021647252999342427 0.11226287447964857 -0.009972028080752562
v -0.02261915116173856 0.11178656292237087 -0.00926659415520949
v -0.023631505472722452 0.11131367037758742 -0.00857285241450446
v -0.024685392381694527 0.11084425757835238 -0.007891088642976881
v -0.025781888338055226 0.11037838525771966 -0.007221588624966094
v -0.02692206979120496 0.10991611414874349 -0.006564638144811535
v -0.028107013190544167 0.10945750498447789 -0.005920522986852576
v -0.0293377949854733 0.10900261849797689 -0.005289528935428587
v -0.03061549162539276 0.10855151542229464 -0.004671941774878986
v -0.031941179559703006 0.10810425649048518 -0.004068047289543134
v -0.03331593523780443 0.10766090243560254 -0.0034781312637604395
v -0.034740835109097506 0.10722151399070094 -0.0029024794818702793
v -0.03621695562298262 0.10678615188883432 -0.002341377728212052
v -0.03774537322886024 0.10635487686305682 -0.0017951117871251344
v -0.03932716437613079 0.10592774964642244 -0.001263967442948908
v -0.04096340551419468 0.10550483097198536 -0.0007482304800227844
v -0.04265517309245237 0.1050861815727996 -0.00024818668268613425
v -0.04440354356030426 0.10467186218191925 0.00023587816472165138
v -0.04620959336715079 0.10426193353239836 0.0007036782778611708
v -0.04807439896239241 0.10385645635729106 0.001154927872393064
v -0.04999903679542952 0.10345549138965134 0.0015893411639779156
v -0.0519845833156626 0.1030590993625334 0.0020066323682763586
v -0.05403211497249201 0.10266734100899118 0.002406515700948981
v -0.05614270821531825 0.10228027706207886 0.002788705377656419
v -0.058317439493541685 0.10189796825485047 0.003152915614059268
v -0.06055738525656279 0.10152047532036006 0.0034988606258181468
v -0.062863621953782 0.1011478589916618 0.003826254628593668
v -0.06523722603459972 0.10078018000180967 0.0041348118380464365
v -0.0676792739484164 0.10041749908385782 0.004424246469837072
v -0.07019084214463245 0.10005987697086023 0.0046942727396261826
v 0.042372721474862415 -0.09960515546477758 -0.058706786677356085
v 0.04211995020270918 -0.09897175797802168 -0.05821403634429562
v 0.04184106599569586 -0.09829192501664553 -0.05769486448334203
v 0.04153674541672688 -0.09756677416447698 -0.05715006971821428
v 0.041207665028706646 -0.09679742300534391 -0.05658045067263144
v 0.040854501394539576 -0.09598498912307417 -0.05598680597031254
v 0.04047793107713008 -0.09513059010149565 -0.05536993423497656
v 0.04007863063938255 -0.09423534352443619 -0.05473063409034251
v 0.039657276644201434 -0.09330036697572366 -0.054069704160129434
v 0.03921454565449112 -0.09232677803918594 -0.053387943068056345
v 0.03875111423315604 -0.09131569429865088 -0.052686149437842264
v 0.03826765894310058 -0.09026823333794638 -0.05196512189320618
v 0.03776485634722917 -0.08918551274090027 -0.05122565905786715
v 0.03724338300844623 -0.08806865009134042 -0.050468559555544176
v 0.03670391548965616 -0.0869187629730947 -0.04969462200995628
v 0.03614713035376338 -0.08573696896999099 -0.048904645044822476
v 0.03557370416367229 -0.08452438566585714 -0.04809942728386174
v 0.034984313482287324 -0.08328213064452103 -0.04727976735079317
v 0.03437963487251288 -0.08201132148981052 -0.04644646386933575
v 0.03376034489725337 -0.08071307578555346 -0.04560031546320846
v 0.03312712011941322 -0.07938851111557775 -0.04474212075613038
v 0.032480637101896824 -0.07803874506371122 -0.043872678371820475
v 0.031821572407608606 -0.07666489521378177 -0.0429927869339978
v 0.03115060259945299 -0.07526807914961724 -0.04210324506638134
v 0.030468404240334365 -0.0738494144550455 -0.04120485139269016
v 0.029775653893157162 -0.07241001871389442 -0.04029840453664324
v 0.029073028120825767 -0.07095100950999188 -0.039384703121959574
v 0.02836120348624464 -0.06947350442716574 -0.03846454577235826
v 0.027640856552318155 -0.06797862104924383 -0.037538731111558254
v 0.026912663881950735 -0.06646747696005406 -0.03660805776327859
v 0.026177302038046794 -0.0649411897434243 -0.03567332435123827
v 0.02543544758351074 -0.06340087698318238 -0.03473532949915632
v 0.024687777081247 -0.061847656263156185 -0.03379487183075179
v 0.023934967094159973 -0.06028264516717358 -0.032852749969743675
v 0.023177694185154075 -0.05870696127906245 -0.03190976253985095
v 0.022416634917133728 -0.057121722182650624 -0.030966708164792713
v 0.02165246585300333 -0.055528045461766 -0.030024385468287926
v 0.0208858635556673 -0.05392704870023643 -0.02908359307405561
v 0.020117504588030063 -0.05231984948188978 -0.028145129605814823
v 0.019348065512996008 -0.05070756539055391 -0.027209793687284534
v 0.018578222893469564 -0.04909131401005671 -0.026278383942183788
v 0.01780865329235514 -0.047472212924226 -0.025351698994231602
v 0.01704003327255715 -0.04585137971688969 -0.02443053746714698
v 0.016273039396980004 -0.044229931971875636 -0.023515697984648944
v 0.015508348228528122 -0.04260898727301172 -0.022607979170456535
v 0.014746636330105907 -0.04098966320412576 -0.02170817964828874
v 0.01398858026461778 -0.03937307734904567 -0.02081709804186459
v 0.013234856594968146 -0.03776034729159929 -0.019935532974903098
v 0.012486141884061415 -0.03615259061561448 -0.019064283071123286
v 0.01174311269480202 -0.034550924904919136 -0.018204146954244185
v 0.011006398110177932 -0.03295638093258284 -0.01735590334948207
v 0.010275535175099342 -0.03136799282423476 -0.01651987331649066
v 0.009548968896398625 -0.02978279805806376 -0.015695920249361058
v 0.008825096800991777 -0.028197747301500403 -0.014883887643681693
v 0.008102316415794742 -0.026609791221975237 -0.014083618995040948
v 0.007379025267723479 -0.0250158804869188 -0.013294957799027205
v 0.006653620883693967 -0.023412965763761617 -0.012517747551228902
v 0.005924500790622149 -0.02179799771993428 -0.011751831747234393
v 0.005190062515424012 -0.02016792702286735 -0.010997053882632116
v 0.004448703585015507 -0.018519704339991366 -0.010253257453010454
v 0.003698821526312594 -0.016850280338736853 -0.009520285953957788
v 0.002938813866231249 -0.015156605686534375 -0.008797982881062549
v 0.00216707813168742 -0.013435631050814509 -0.008086191729913105
v 0.0013820118495970891 -0.011684307099007807 -0.0073847559960978845
v 0.0005820125468762024 -0.009899584498544764 -0.0066935191752052516
v -0.0002345222495592568 -0.008078413916856014 -0.0060123247628236474
v -0.001069195012793339 -0.006217746021372039 -0.005341016254541451
v -0.001923608215910085 -0.004314531479523417 -0.004679437145947037
v -0.0027993643319935133 -0.0023657209587407135 -0.004027430932628837
v -0.003698065834127684 -0.00036826512645445064 -0.003384841110175233
v -0.004621315195396605 0.001680885349904765 -0.002751511174174631
v -0.005570714888884327 0.003784779802906438 -0.0021272846202154347
v -0.0065478673876749 0.005946467565120003 -0.0015120049438860222
v -0.007554375164852333 0.008168997969114883 -0.0009055156407748247
v -0.008591840693500687 0.010455420347460553 -0.0003076602064702033
v -0.009661866446703977 0.012808784032726464 0.0002817178634394145
v -0.010766054897546248 0.015232138357482022 0.0008627750733656361
v -0.011906008519111552 0.01772853265429676 0.001435667927720076
v -0.013083329784483896 0.020301016255740018 0.0020005529309143205
v -0.014299621166747344 0.02295263849438134 0.0025575865873599807
v -0.015556485138985904 0.02568644870279009 0.0031069254014686534
v -0.016855524174283647 0.028505496213535805 0.0036487258776519357
v -0.01819834074572457 0.031412830359187835 0.0041831445203214315
v -0.019586537326392733 0.03441150047231571 0.004710337833888745
v -0.02102171638937218 0.03750455588548883 0.005230462322765483
v -0.022505480407746924 0.040695045931276666 0.005743674491363229
v -0.024039431854601025 0.0439860199422487 0.0062501308440936
v -0.02562517320301849 0.04738052725097429 0.006749987885368191
v -0.027264306926083375 0.050881617190022946 0.007243402119598601
v -0.02895843549687973 0.054492339091964145 0.007730530051196442
v -0.030709161388491554 0.058215742289367226 0.008211528184573307
v -0.03251808707400292 0.062054876114801774 0.008686553024140797
v -0.03438681502649783 0.0660127899008371 0.009155761074310514
v -0.03631694771906037 0.0700925329800428 0.00961930883949406
v -0.038310087624774516 0.07429715468498814 0.010077352824103034
v -0.04036783721672433 0.07862970434824275 0.01053004953254904
v -0.04249179896799388 0.08309323130237599 0.010977555469243679
v -0.04468357535166714 0.08769078487995731 0.011420027138598549
v -0.04694476884082822 0.09242541441355616 0.01185762104502526
v -0.04927698190856108 0.09730016923574199 0.012290493692935401
v 0.051876730099957205 0.014951290519165966 -0.12562430175839553
v 0.05206114779241732 0.014840149543632053 -0.12479164068670594
v 0.052238741660093325 0.014717217191618948 -0.12389492633259215
v 0.05240948246009033 0.014582737338478216 -0.12293723600164914
v 0.052573340949513464 0.014436953859561272 -0.12192164699947174
v 0.0527302878854679 0.014280110630219667 -0.12085123663165494
v 0.05288029402505877 0.014112451525804953 -0.11972908220379365
v 0.05302333012539121 0.0139342204216686 -0.1185582610214828
v 0.05315936694357036 0.013745661193162118 -0.11734185039031732
v 0.05328837523670138 0.013547017715637044 -0.1160829276158921
v 0.05341032576188938 0.013338533864444863 -0.11478457000380214
v 0.05352518927623951 0.013120453514937125 -0.11344985485964236
v 0.05363293653685694 0.012893020542465314 -0.1120818594890076
v 0.05373353830084679 0.012656478822380912 -0.11068366119749283
v 0.0538269653253142 0.012411072230035514 -0.10925833729069305
v 0.05391318836736433 0.012157044640780545 -0.10780896507420314
v 0.053992178184102284 0.011894639929967588 -0.10633862185361799
v 0.054063905532633225 0.011624101972948123 -0.10485038493453254
v 0.054128341170062315 0.011345674645073675 -0.1033473316225418
v 0.054185455853494664 0.011059601821695714 -0.10183253922324058
v 0.05423522034003542 0.010766127378165777 -0.10030908504222384
v 0.05427760538678973 0.010465495189835416 -0.09878004638508657
v 0.05431258175086274 0.010157949132056088 -0.0972485005574236
v 0.054340120189359596 0.009843733080179315 -0.09571752486482994
v 0.054360191459385435 0.009523090909556678 -0.0941901966129005
v 0.05437276631804539 0.009196266495539604 -0.0926695931072302
v 0.054377815522444584 0.008863503713479617 -0.09115879165341394
v 0.054375309829688225 0.00852504643872827 -0.0896608695570467
v 0.05436521999688138 0.008181138546637018 -0.08817890412372337
v 0.05434751678112922 0.007832023912557426 -0.08671597265903885
v 0.05432217093953689 0.007477946411840977 -0.0852751524685881
v 0.05428915322920955 0.007119149919839238 -0.08385952085796612
v 0.05424843440725229 0.006755878311903621 -0.08247215513276772
v 0.054199985230770305 0.00638837546338572 -0.08111613259858788
v 0.05414374875718761 0.006016803876203999 -0.07979382580220187
v 0.054079557245203934 0.005641000558544856 -0.07850478825510637
v 0.054007215253837865 0.00526072114516167 -0.07724786870997842
v 0.053926527342108 0.004875721270807834 -0.076021915919495
v 0.05383729806903298 0.004485756570236685 -0.07482577863633315
v 0.05373933199363138 0.004090582678201643 -0.07365830561316991
v 0.053632433674921834 0.0036899552294560878 -0.07251834560268229
v 0.05351640767192292 0.0032836298587533563 -0.07140474735754729
v 0.05339105854365327 0.0028713622008468692 -0.07031635963044197
v 0.05325619084913148 0.0024529078904899915 -0.06925203117404331
v 0.05311160914737618 0.002028022562436102 -0.06821061074102838
v 0.05295711799740596 0.001596461851438552 -0.06719094708407419
v 0.05279252195823942 0.001157981392250762 -0.06619188895585776
v 0.052617625588895184 0.0007123368196260971 -0.06521228510905608
v 0.05243223344839185 0.0002592837683179222 -0.06425098429634621
v 0.052236150095748037 -0.00020142212692038364 -0.06330683527040513
v 0.05202918008998233 -0.0006700252313354277 -0.062378686783909926
v 0.05181112799011336 -0.0011467699101738449 -0.061465387589537596
v 0.05158179835515972 -0.0016319005286822563 -0.06056578643996513
v 0.05134099574414003 -0.002125661452107269 -0.05967873208786957
v 0.0510885247160729 -0.0026282970456955185 -0.058803073285928
v 0.05082418982997691 -0.0031400516746936252 -0.05793765878681731
v 0.0505477956448707 -0.0036611697043482244 -0.05708133734321463
v 0.05025914671977287 -0.0041918954999058955 -0.05623295770779696
v 0.049958047613702025 -0.004732473426613301 -0.0553913686332413
v 0.04964430288567677 -0.005283147849717035 -0.05455541887222469
v 0.049317717094715705 -0.005844163134463759 -0.05372395717742415
v 0.04897809479983745 -0.006415763646100067 -0.05289583230151669
v 0.04862524056006062 -0.006998193749872553 -0.052069892997179346
v 0.048258958934403816 -0.007591697811027892 -0.05124498801708914
v 0.047879054481885626 -0.008196520194812679 -0.05041996611392309
v 0.04748533176152469 -0.008812905266473534 -0.04959367604035822
v 0.0470775953323396 -0.009441097391257092 -0.04876496654907156
v 0.04665523728883405 -0.01008111687096444 -0.0479329154518347
v 0.04621599986745206 -0.010732087753614616 -0.04709751679679754
v 0.04575721284012276 -0.011392910023781122 -0.04625899369120455
v 0.04527620597877524 -0.012062483666037474 -0.045417569242300226
v 0.044770309055338645 -0.012739708664957161 -0.044573466557329064
v 0.044236851841742045 -0.013423485005113714 -0.04372690874353549
v 0.04367316410991458 -0.014112712671080621 -0.04287811890816401
v 0.04307657563178537 -0.0148062916474314 -0.04202732015845913
v 0.0424444161792835 -0.015503121918739579 -0.04117473560166528
v 0.041774015524338105 -0.01620210346957865 -0.04032058834502697
v 0.04106270343887828 -0.0169021362845221 -0.03946510149578866
v 0.04030780969483315 -0.017602120348143444 -0.038608498161194854
v 0.03950666406413182 -0.01830095564501623 -0.03775100144848999
v 0.038656596318703405 -0.0189975421597139 -0.036892834464918575
v 0.037754936230477015 -0.019690779876810047 -0.036034220317725074
v 0.03679901357138178 -0.020379568780878085 -0.035175382114154
v 0.03578615811334679 -0.021062808856491574 -0.03431654296144977
v 0.034713699628301155 -0.02173940008822403 -0.03345792596685691
v 0.033578967888174015 -0.022408242460648944 -0.032599754237619905
v 0.03237929266489444 -0.023068235958339817 -0.031742250880983175
v 0.031112003730391587 -0.02371828056587015 -0.03088563900419126
v 0.02977443085659455 -0.024357276267813505 -0.030030141714488614
v 0.028363903815432426 -0.024984123048743326 -0.029175982119119707
v 0.02687775237883436 -0.025597720893233145 -0.02832338332532904
v 0.025313306318729415 -0.02619696978585649 -0.027472568440361052
v 0.023667895407046755 -0.02678076971118684 -0.026623760571460268
v 0.021938849415715462 -0.02734802065379771 -0.02577718282587114
v 0.020123498116664668 -0.027897622598262603 -0.02493305831083815
v 0.018219171281823477 -0.028428475529155048 -0.02409161013360579
v 0.016223198683120978 -0.028939479431048548 -0.023253061401418505
v 0.014132910092486326 -0.029429534288516593 -0.022417635221520803
v 0.011945635281848586 -0.0298975400861327 -0.02158555470115715
v 0.009658704023136922 -0.03034239680847038 -0.020757042947572035
v 0.049722954742552776 -0.08203353561074173 -0.14866749304693366
v 0.04998951677027797 -0.08212416748590262 -0.14812370331121222
v 0.05025537014612975 -0.0822138042146427 -0.14753741320703012
v 0.05052026000670528 -0.08230251391605971 -0.14691039848303294
v 0.050783931488601705 -0.08239036470925142 -0.14624443488786634
v 0.05104612972841618 -0.08247742471331557 -0.1455412981701759
v 0.051306599862745855 -0.08256376204734991 -0.14480276407860718
v 0.05156508702818788 -0.08264944483045221 -0.14403060836180584
v 0.051821336361339385 -0.08273454118172022 -0.1432266067684175
v 0.05207509299879755 -0.08281911922025166 -0.1423925350470877
v 0.0523261020771595 -0.08290324706514432 -0.14153016894646211
v 0.05257410873302241 -0.08298699283549596 -0.14064128421518632
v 0.05281885810298341 -0.08307042465040429 -0.139727656601906
v 0.05306009532363966 -0.08315361062896709 -0.13879106185526663
v 0.0532975655315883 -0.08323661889028211 -0.13783327572391388
v 0.05353101386342651 -0.0833195175534471 -0.1368560739564934
v 0.0537601854557514 -0.08340237473755982 -0.1358612323016507
v 0.053984825445160124 -0.08348525856171801 -0.1348505265080315
v 0.05420467896824987 -0.08356823714501943 -0.13382573232428133
v 0.05441949116161775 -0.08365137860656184 -0.13278862549904583
v 0.05462900716186093 -0.08373475106544298 -0.13174098178097055
v 0.05483297210557655 -0.0838184226407606 -0.1306845769187012
v 0.05503113112936177 -0.08390246145161248 -0.1296211866608833
v 0.055223229369813734 -0.08398693561709634 -0.12855258675616246
v 0.055409011963529604 -0.08407191325630994 -0.12748055295318436
v 0.05558822404710652 -0.08415746248835104 -0.1264068610005946
v 0.05576061075714163 -0.0842436514323174 -0.12533328664703866
v 0.05592591723023209 -0.08433054820730676 -0.12426160564116227
v 0.056083888602975036 -0.08441822093241688 -0.12319359373161103
v 0.05623427001196764 -0.0845067377267455 -0.1221310266670305
v 0.056376806593807026 -0.08459616670939038 -0.12107568019606631
v 0.056511243485090394 -0.08468657599944929 -0.12002933006736409
v 0.05663732582241482 -0.08477803371601995 -0.11899375202956937
v 0.05675479874237751 -0.08487060797820015 -0.11797072183132785
v 0.05686342848037288 -0.08496434028253522 -0.1169615975359196
v 0.05696306566698444 -0.08505916563536106 -0.11596606646516254
v 0.05705358203159304 -0.08515499242046114 -0.11498339825550906
v 0.057134849303579434 -0.08525172902161894 -0.11401286254341166
v 0.05720673921232447 -0.08534928382261796 -0.11305372896532269
v 0.05726912348720895 -0.08544756520724167 -0.11210526715769469
v 0.057321873857613705 -0.08554648155927355 -0.11116674675698
v 0.057364862052919484 -0.0856459412624971 -0.11023743739963106
v 0.057397959802507156 -0.08574585270069579 -0.10931660872210035
v 0.0574210388357575 -0.0858461242576531 -0.10840353036084018
v 0.0574339708820513 -0.08594666431715255 -0.1074974719523031
v 0.05743662767076942 -0.08604738126297758 -0.10659770313294147
v 0.057428880931292656 -0.08614818347891169 -0.10570349353920776
v 0.0574106023930018 -0.08624897934873837 -0.10481411280755436
v 0.057381663785277676 -0.08634967725624111 -0.10392883057443374
v 0.05734193683750106 -0.08645018558520338 -0.10304691647629823
v 0.05729129327905279 -0.08655041271940866 -0.10216764014960038
v 0.05722960483931368 -0.08665026704264046 -0.10129027123079254
v 0.05715674324766452 -0.08674965693868224 -0.10041407935632718
v 0.05707258023348613 -0.0868484907913175 -0.09953833416265669
v 0.056976987526159324 -0.0869466769843297 -0.09866230528623354
v 0.05686983685506491 -0.08704412390150235 -0.09778526236351011
v 0.05675099994958365 -0.08714073992661892 -0.09690647503093884
v 0.056620348539096435 -0.0872364334434629 -0.09602521292497218
v 0.056477754352984015 -0.08733111283581776 -0.09514074568206256
v 0.05632308912062722 -0.08742468648746701 -0.09425234293866239
v 0.05615622457140685 -0.08751706278219412 -0.09335927433122407
v 0.055977032434703734 -0.08760815010378258 -0.09246080949620007
v 0.05578538443989866 -0.08769785683601586 -0.0915562180700428
v 0.05558115231637243 -0.08778609136267745 -0.09064476968920467
v 0.055364207793505885 -0.08787276206755085 -0.08972573399013815
v 0.05513442260067981 -0.08795777733441952 -0.0887983806092957
v 0.05489166846727502 -0.08804104554706696 -0.08786197918312962
v 0.0546357225865661 -0.08812252566633048 -0.08691602211996419
v 0.05436598400740274 -0.08820237896126268 -0.08596089291561042
v 0.05408175724252843 -0.08828081727797 -0.08499719783775131
v 0.05378234680468664 -0.08835805246255887 -0.08402554315406967
v 0.053467057206620844 -0.08843429636113574 -0.08304653513224834
v 0.0531351929610745 -0.08850976081980703 -0.08206078003997022
v 0.05278605858079112 -0.08858465768467917 -0.08106888414491814
v 0.052418958578514155 -0.08865919880185862 -0.080071453714775
v 0.05203319746698707 -0.08873359601745179 -0.07906909501722366
v 0.051628079758953366 -0.08880806117756511 -0.07806241431994698
v 0.05120290996715649 -0.08888280612830504 -0.07705201789062778
v 0.05075699260433995 -0.088958042715778 -0.076038511996949
v 0.050289632183247196 -0.08903398278609043 -0.07502250290659346
v 0.049800133216621696 -0.08911083818534875 -0.07400459688724403
v 0.04928780021720695 -0.08918882075965942 -0.0729854002065836
v 0.04875193769774643 -0.08926814235512885 -0.07196551913229501
v 0.0481918501709836 -0.08934901481786349 -0.07094555993206113
v 0.047606842149661925 -0.08943164999396977 -0.06992612887356482
v 0.04699621814652489 -0.08951625972955413 -0.06890783222448899
v 0.04635928267431598 -0.08960305587072301 -0.06789127625251641
v 0.04569534024577866 -0.08969225026358281 -0.06687706722533004
v 0.045003695373656415 -0.08978405475424 -0.06586581141061269
v 0.0442836525706927 -0.08987868118880102 -0.06485811507604727
v 0.04353451634963102 -0.08997634141337227 -0.06385458448931661
v 0.04275559122321482 -0.0900772472740602 -0.06285582591810357
v 0.04194618170418758 -0.09018161061697128 -0.06186244563009102
v 0.041105592305292794 -0.09028964328821187 -0.06087504989296186
v 0.040233127539273925 -0.09040155713388848 -0.05989424497439892
v 0.03932809191887445 -0.0905175640001075 -0.05892063714208508
v 0.038389789956837825 -0.09063787573297538 -0.057954832663703174
v 0.03741752616590756 -0.09076270417859855 -0.05699743780693611
v 0.0364106050588271 -0.09089226118308345 -0.05604905883946676
v 0.03536833114833994 -0.09102675859253652 -0.05511030202897793
v 0.05671104780745033 -0.020884130370835058 -0.1005511568358345
v 0.05673025427509262 -0.021060060323958074 -0.10060790173820372
v 0.05674738626956895 -0.02125506243010121 -0.10066798716948525
v 0.05676247231470174 -0.021468829122728766 -0.10073135950765788
v 0.05677554093431348 -0.021701052835305087 -0.10079796513070054
v 0.05678662065222669 -0.02195142600129453 -0.10086775041659202
v 0.05679573999226384 -0.02221964105416134 -0.10094066174331119
v 0.05680292747824743 -0.022505390427369876 -0.10101664548883696
v 0.05680821163399992 -0.02280836655438448 -0.10109564803114805
v 0.05681162098334382 -0.023128261868669453 -0.1011776157482234
v 0.05681318405010163 -0.0234647688036891 -0.10126249501804184
v 0.056812929358095815 -0.023817579792907745 -0.10135023221858223
v 0.05681088543114885 -0.024186387269789736 -0.10144077372782341
v 0.05680708079308327 -0.024570883667799345 -0.10153406592374424
v 0.0568015439677215 -0.024970761420400944 -0.10163005518432354
v 0.056794303478886074 -0.025385712961058834 -0.10172868788754023
v 0.05678538785039949 -0.02581543072323733 -0.10182991041137308
v 0.056774825606084184 -0.02625960714040075 -0.10193366913380096
v 0.056762645269762685 -0.026717934646013408 -0.10203991043280276
v 0.05674887536525745 -0.02719010567353966 -0.10214858068635728
v 0.056733544416391 -0.027675812656443782 -0.10225962627244341
v 0.056716680946985794 -0.028174748028190144 -0.10237299356903996
v 0.05669831348086435 -0.028686604222243006 -0.10248862895412585
v 0.05667847054184914 -0.029211073672066726 -0.10260647880567987
v 0.056657180653762636 -0.02974784881112562 -0.10272648950168088
v 0.05663447234042735 -0.030296622072884027 -0.10284860742010772
v 0.05661037412566574 -0.030857085890806213 -0.10297277893893923
v 0.05658491453330033 -0.03142893269835653 -0.1030989504361544
v 0.05655812208715358 -0.03201185492899934 -0.10322706828973184
v 0.056530025311048 -0.032605545016198875 -0.1033570788776506
v 0.056500652728806056 -0.03320969539341957 -0.10348892857788937
v 0.05647003286425025 -0.03382399849412562 -0.10362256376842717
v 0.05643819424120307 -0.03444814675178143 -0.10375793082724276
v 0.056405165383486965 -0.03508183259985129 -0.10389497613231498
v 0.0563709748149245 -0.03572474847179953 -0.1040336460616227
v 0.05633565105933809 -0.036376586801090474 -0.10417388699314474
v 0.056299222640550255 -0.037037040021188405 -0.10431564530486
v 0.05626171808238348 -0.037705800565557716 -0.10445886737474729
v 0.05622316590866026 -0.03838256086766266 -0.10460349958078548
v 0.05618359464320305 -0.03906701336096758 -0.10474948830095344
v 0.056143032809834376 -0.0397588504789368 -0.10489677991322997
v 0.05610150893237672 -0.04045776465503466 -0.10504532079559396
v 0.05605905153465254 -0.04116344832272544 -0.10519505732602423
v 0.056015689140484354 -0.041875593915473484 -0.1053459358824997
v 0.05597145027369465 -0.04259389386674311 -0.1054979028429991
v 0.055926363458105886 -0.04331804060999863 -0.1056509045855014
v 0.05588045721754058 -0.044047726578704365 -0.10580488748798537
v 0.0558337600758212 -0.044782644206324655 -0.1059597979284299
v 0.05578630055677026 -0.045522485926323804 -0.10611558228481384
v 0.055738107184210205 -0.046266944172166154 -0.10627218693511602
v 0.05568920848196356 -0.047015711377315986 -0.10642955825731525
v 0.0556396329738528 -0.04776847997523764 -0.10658764262939048
v 0.055589409183700415 -0.048524942399395456 -0.10674638642932051
v 0.05553856563532887 -0.04928479108325371 -0.1069057360350842
v 0.05548713085256069 -0.050047718460276766 -0.10706563782466037
v 0.055435133359218354 -0.05081341696392892 -0.10722603817602787
v 0.055382601679124316 -0.0515815790276745 -0.10738688346716559
v 0.05532956433610111 -0.05235189708497783 -0.10754812007605237
v 0.055276049853971186 -0.05312406356930323 -0.10770969438066703
v 0.05522208675655706 -0.05389777091411502 -0.10787155275898842
v 0.0551677035676812 -0.0546727115528775 -0.10803364158899549
v 0.0551129288111661 -0.05544857791905501 -0.10819590724866694
v 0.05505779101083424 -0.05622506244611188 -0.1083582961159817
v 0.05500231869050813 -0.057001857567512415 -0.10852075456891862
v 0.05494654037401023 -0.05777865571672094 -0.10868322898545656
v 0.05489048458516305 -0.05855514932720177 -0.10884566574357434
v 0.05483417984778908 -0.059331030832419224 -0.1090080112212508
v 0.05477765468571078 -0.060105992665837646 -0.10917021179646484
v 0.05472093762275066 -0.06087972726092132 -0.10933221384719526
v 0.05466405718273119 -0.06165192705113461 -0.10949396375142094
v 0.05460704188947488 -0.06242228446994178 -0.10965540788712076
v 0.05454992026680419 -0.0631904919508072 -0.10981649263227349
v 0.054492720838541626 -0.06395624192719518 -0.10997716436485801
v 0.054435472128509695 -0.06471922683257 -0.1101373694628532
v 0.05437820266053085 -0.06547913910039604 -0.11029705430423788
v 0.0543209409584276 -0.06623567116413759 -0.11045616526699094
v 0.05426371554602241 -0.06698851545725898 -0.11061464872909117
v 0.05420655494713779 -0.06773736441322452 -0.1107724510685175
v 0.05414948768559623 -0.06848191046549854 -0.11092951866324867
v 0.05409254228522018 -0.06922184604754535 -0.11108579789126367
v 0.05403574726983218 -0.06995686359282927 -0.11124123513054122
v 0.05397913116325468 -0.07068665553481462 -0.11139577675906022
v 0.05392272248931018 -0.07141091430696575 -0.11154936915479956
v 0.053866549771821176 -0.07212933234274693 -0.11170195869573803
v 0.05381064153461013 -0.07284160207562253 -0.11185349175985453
v 0.05375502630149957 -0.07354741593905684 -0.11200391472512784
v 0.05369973259631195 -0.07424646636651419 -0.1121531739695369
v 0.05364478894286977 -0.07493844579145889 -0.1123012158710605
v 0.05359022386499551 -0.07562304664735527 -0.1124479868076775
v 0.053536065886511656 -0.07629996136766766 -0.11259343315736674
v 0.053482343531240706 -0.07696888238586036 -0.1127375012981071
v 0.05342908532300516 -0.07762950213539771 -0.11288013760787742
v 0.05337631978562747 -0.07828151304974401 -0.11302128846465652
v 0.05332407544293015 -0.07892460756236361 -0.11316090024642332
v 0.053272380818735685 -0.07955847810672079 -0.11329891933115659
v 0.05322126443686657 -0.08018281711627989 -0.11343529209683524
v 0.053170754821145264 -0.08079731702450525 -0.11356996492143807
v 0.053120880495394276 -0.08140167026486117 -0.11370288418294398
v 0.053071669983436084 -0.08199556927081197 -0.11383399625933181
v 0.053023151809093186 -0.08257870647582197 -0.11396324752858038
v 0.05744814250251952 -0.023288301897740338 -0.1001977542258707
v 0.05758507661678442 -0.023312885062656732 -0.09983623022900037
v 0.057715131701530906 -0.02333710665351041 -0.09946720299427383
v 0.05783838202401334 -0.023361069044312177 -0.09909088902711673
v 0.057954901851486135 -0.02338487460907275 -0.09870750483295478
v 0.05806476545120367 -0.023408625721802925 -0.09831726691721351
v 0.05816804709042032 -0.023432424756513498 -0.09792039178531864
v 0.05826482103639047 -0.02345637408721521 -0.0975170959426958
v 0.058355161556368496 -0.023480576087918856 -0.09710759589477062
v 0.058439142917608794 -0.023505133132635178 -0.0966921081469687
v 0.058516839387365724 -0.023530147595374973 -0.0962708492047157
v 0.05858832523289367 -0.02355572185014901 -0.09584403557343729
v 0.05865367472144704 -0.02358195827096804 -0.09541188375855908
v 0.05871296212028019 -0.023608959231842863 -0.09497461026550673
v 0.05876626169664751 -0.023636827106784206 -0.09453243159970585
v 0.05881364771780338 -0.02366566426980289 -0.09408556426658213
v 0.05885519445100219 -0.023695573094909675 -0.09363422477156116
v 0.0588909761634983 -0.023726655956115297 -0.09317862962006856
v 0.05892106712254614 -0.02375901522743057 -0.09271899531753008
v 0.058945541595400046 -0.023792753282866244 -0.09225553836937124
v 0.0589644738493144 -0.023827972496433092 -0.0917884752810177
v 0.058977938151543605 -0.023864775242141895 -0.09131802255789516
v 0.05898600876934203 -0.02390326389400342 -0.0908443967054292
v 0.05898875996996407 -0.023943540826028425 -0.0903678142290455
v 0.05898626602066409 -0.023985708412227705 -0.08988849163416968
v 0.058978601188696494 -0.024029869026612014 -0.08940664542622737
v 0.05896583974131563 -0.024076125043192134 -0.08892249211064418
v 0.058948055945775915 -0.024124578835978835 -0.08843624819284583
v 0.05892532406933172 -0.024175332778982858 -0.08794813017825791
v 0.05889771837923741 -0.024228489246215013 -0.08745835457230604
v 0.05886531314274738 -0.02428415061168608 -0.08696713788041589
v 0.058828182627116025 -0.02434241924940679 -0.08647469660801312
v 0.058786401099597686 -0.024403397533387924 -0.08598124726052332
v 0.058740042827446805 -0.024467187837640264 -0.08548700634337218
v 0.05868918207791771 -0.024533892536174606 -0.08499219036198528
v 0.058633893118264814 -0.024603614003001692 -0.08449701582178828
v 0.05857425021574248 -0.024676454612132276 -0.08400169922820686
v 0.058510327637605095 -0.024752516737577154 -0.0835064570866666
v 0.05844219965110706 -0.02483190275334711 -0.08301150590259318
v 0.05836994052350273 -0.02491471503345287 -0.08251706218141222
v 0.0582936245220465 -0.025001055951905257 -0.08202334242854936
v 0.05821332591399277 -0.025091027882715 -0.08153056314943029
v 0.05812911896659587 -0.025184733199892922 -0.08103894084948056
v 0.05804107794711022 -0.025282274277449737 -0.08054869203412585
v 0.0579492771227902 -0.025383753489396255 -0.0800600332087918
v 0.05785379076089019 -0.02548927320974323 -0.07957318087890407
v 0.05775469312866457 -0.025598935812501444 -0.07908835154988827
v 0.057652058493367714 -0.02571284367168164 -0.07860576172717006
v 0.057545961122254005 -0.02583109916129464 -0.07812562791617506
v 0.05743647528257785 -0.02595380465535116 -0.07764816662232892
v 0.05732366361466786 -0.026081060611677295 -0.07717358185557924
v 0.05720732133956073 -0.02621292341585031 -0.07670179022987861
v 0.057086976259001165 -0.026349405381198926 -0.07623242096318464
v 0.056962144547808166 -0.026490516904866937 -0.07576509077797697
v 0.0568323423808007 -0.026636268383998254 -0.07529941639673514
v 0.05669708593279775 -0.02678667021573683 -0.07483501454193867
v 0.056555891378618287 -0.026941732797226475 -0.07437150193606724
v 0.05640827489308127 -0.027101466525611156 -0.07390849530160039
v 0.05625375265100573 -0.027265881798034686 -0.07344561136101768
v 0.05609184082721058 -0.027434989011641 -0.0729824668367987
v 0.05592205559651484 -0.02760879856357401 -0.07251867845142297
v 0.05574391313373753 -0.027787320850977543 -0.0720538629273702
v 0.05555692961369753 -0.027970566270995575 -0.07158763698711985
v 0.05536062121121388 -0.02815854522077192 -0.07111961735315156
v 0.05515450410110557 -0.02835126809745052 -0.07064942074794485
v 0.054938094458191526 -0.02854874529817522 -0.07017666389397938
v 0.05471090845729077 -0.028750987220089966 -0.06970096351373467
v 0.05447246227322227 -0.028958004260338593 -0.06922193632969029
v 0.054222272080805 -0.02916980681606504 -0.06873919906432584
v 0.05395985405485794 -0.029386405284413178 -0.0682523684401209
v 0.053684724370200054 -0.0296078100625269 -0.06776106117955505
v 0.05339639920165036 -0.029834031547550086 -0.06726489400510786
v 0.053094394724027806 -0.03006508013662665 -0.06676348363925892
v 0.05277822711215137 -0.030300966226900455 -0.06625644680448778
v 0.05244741254084004 -0.030541700215515416 -0.06574340022327402
v 0.05210146718491279 -0.030787292499615412 -0.06522396061809727
v 0.051739907219188606 -0.031037753476344354 -0.06469774471143704
v 0.05136224881848645 -0.03129309354284611 -0.06416436922577294
v 0.050968008157625325 -0.03155332309626456 -0.06362345088358456
v 0.05055670141142418 -0.031818452533743644 -0.06307460640735145
v 0.05012784475470202 -0.032088492252427214 -0.06251745251955321
v 0.04968095436227782 -0.03236345264945917 -0.06195160594266942
v 0.049215546408970544 -0.0326433441219834 -0.06137668339917962
v 0.04873113706959919 -0.03292817706714379 -0.060792301611563446
v 0.048227242518982694 -0.03321796188208426 -0.06019807730230041
v 0.0477033789319401 -0.03351270896394867 -0.059593627193870166
v 0.04715906248329034 -0.03381242870988092 -0.058978568008752216
v 0.04659380934785239 -0.034117131517024904 -0.05835251646942617
v 0.04600713570044527 -0.03442682778252451 -0.057715089298371644
v 0.045398557715887904 -0.03474152790352365 -0.05706590321806815
v 0.044767591568999315 -0.0350612422771662 -0.056404574950995295
v 0.04411375343459847 -0.035385981300596045 -0.05573072121963267
v 0.04343655948750433 -0.03571575537095707 -0.05504395874645984
v 0.04273552590253588 -0.036050574885393184 -0.05434390425395637
v 0.04201016885451212 -0.03639045024104827 -0.053630174464601846
v 0.04126000451825201 -0.03673539183506622 -0.05290238610087586
v 0.04048454906857452 -0.03708541006459092 -0.052160155885258006
v 0.03968331868029867 -0.03744051532676627 -0.0514031005402278
v 0.03885582952824337 -0.037800718018736156 -0.050630836788264855
v 0.03800159778722766 -0.038166028537644475 -0.04984298135184878
v 0.03857927268813194 -0.03535687974310259 -0.0509156161215413
v 0.0386305246523559 -0.03552310148637133 -0.05100220033248405
v 0.03868311643316415 -0.035703145045970636 -0.051092869583601944
v 0.03873699140417931 -0.035896802456341546 -0.05118755755787105
v 0.038792092939024 -0.03610386575192509 -0.05128619793826747
v 0.038848364411320786 -0.03632412696716229 -0.051388724407767275
v 0.0389057491946923 -0.03655737813649418 -0.051495070649346525
v 0.03896419066276116 -0.03680341129436176 -0.05160517034598136
v 0.039023632189149955 -0.03706201847520609 -0.05171895718064781
v 0.0390840171474813 -0.03733299171346818 -0.051836364836321966
v 0.03914528891137781 -0.037616123043589064 -0.051957326995979936
v 0.03920739085446209 -0.03791120450000977 -0.05208177734259778
v 0.03927026635035674 -0.038218028117171315 -0.05220964955915158
v 0.039333858772684374 -0.03853638592951477 -0.05234087732861743
v 0.03939811149506759 -0.03886606997148109 -0.0524753943339714
v 0.03946296789112902 -0.03920687227751137 -0.05261313425818957
v 0.03952837133449124 -0.039558584882046596 -0.05275403078424805
v 0.039594265198776894 -0.03992099981952782 -0.052898017595122915
v 0.03966059285760854 -0.04029390912439605 -0.0530450283737902
v 0.039727297684608844 -0.04067710483109233 -0.053194996803226036
v 0.03979432305340037 -0.041070378974057686 -0.053347856566406504
v 0.03986161233760575 -0.04147352358773313 -0.05350354134630765
v 0.03992910891084757 -0.04188633070655972 -0.053661984825905604
v 0.039996756146748455 -0.04230859236497844 -0.05382312068817641
v 0.04006449741893102 -0.04274010059743036 -0.053986882616096174
v 0.04013227610101786 -0.04318064743835647 -0.05415320429264095
v 0.04020003556663156 -0.04363002492219784 -0.05432201940078686
v 0.040267719189394785 -0.044088025083395446 -0.05449326162350997
v 0.040335270342930094 -0.04455443995639037 -0.05466686464378634
v 0.04040263240086012 -0.04502906157562361 -0.05484276214459209
v 0.04046974873680744 -0.045511681975536206 -0.05502088780890324
v 0.040536562724394716 -0.04600209319056917 -0.05520117531969594
v 0.04060301773724451 -0.046500087255163546 -0.05538355835994625
v 0.040669057148979434 -0.04700545620376035 -0.055567970612630246
v 0.040734624333222114 -0.04751799207080062 -0.05575434576072402
v 0.04079966266359514 -0.048037486890725366 -0.05594261748720364
v 0.04086411551372114 -0.04856373269797563 -0.05613271947504521
v 0.0409279262572227 -0.04909652152699245 -0.056324585407224764
v 0.04099103826772245 -0.04963564541221682 -0.05651814896671846
v 0.041053394918842974 -0.050180896388089806 -0.0567133438365023
v 0.041114939584206894 -0.050732066489052416 -0.05691010369955242
v 0.041175615637436824 -0.051288947749545684 -0.0571083622388449
v 0.04123536645215536 -0.05185133220401063 -0.05730805313735579
v 0.041294135401985115 -0.05241901188688828 -0.05750911007806121
v 0.041351865860548696 -0.05299177883261968 -0.057711466743937206
v 0.04140850120146871 -0.05356942507564583 -0.05791505681795989
v 0.04146398479836776 -0.054151742650407786 -0.05811981398310531
v 0.04151826002486846 -0.05473852359134656 -0.05832567192234958
v 0.04157127025459343 -0.05532955993290318 -0.058532564318668795
v 0.04162295886116526 -0.05592464370951867 -0.058740424855039
v 0.04167326921820655 -0.05652356695563409 -0.05894918721443629
v 0.04172214469933993 -0.05712612170569042 -0.059158785079836754
v 0.041769528678188 -0.05773209999412871 -0.059369152134216466
v 0.04181536452837336 -0.05834129385539 -0.05958022206055151
v 0.041859595623518625 -0.05895349532391529 -0.059791928541817974
v 0.041902165337246396 -0.05956849643414564 -0.06000420526099193
v 0.0419430170431793 -0.06018608922052206 -0.06021698590104946
v 0.04198209411493992 -0.06080606571748558 -0.06043020414496668
v 0.04201933992615089 -0.061428217959477206 -0.06064379367571962
v 0.04205469785043479 -0.062052337980938004 -0.06085768817628438
v 0.04208811126141424 -0.06267821781630897 -0.061071821329637066
v 0.04211952353271186 -0.06330564950003116 -0.06128612681875377
v 0.04214887803795024 -0.06393442506654559 -0.06150053832661051
v 0.04217611815075199 -0.06456433655029328 -0.061714989536183415
v 0.04220118724473973 -0.06519517598571527 -0.06192941413044854
v 0.04222402869353606 -0.06582673540725256 -0.06214374579238202
v 0.04224458587076359 -0.06645880684934621 -0.062357918204959895
v 0.04226280215004492 -0.06709118234643725 -0.06257186505115825
v 0.042278620905002666 -0.06772365393296668 -0.06278552001395316
v 0.04229198550925943 -0.06835601364337555 -0.06299881677632074
v 0.04230283933643783 -0.06898805351210488 -0.06321168902123704
v 0.04231112576016046 -0.0696195655735957 -0.06342407043167816
v 0.042316788154049934 -0.07025034186228904 -0.06363589469062017
v 0.04231976989172887 -0.0708801744126259 -0.06384709548103916
v 0.04232001434681986 -0.07150885525904735 -0.06405760648591123
v 0.04231746489294552 -0.07213617643599439 -0.06426736138821242
v 0.04231206490372846 -0.07276192997790806 -0.06447629387091884
v 0.042303757752791285 -0.07338590791922939 -0.06468433761700657
v 0.042292486813756594 -0.0740079022943994 -0.06489142630945169
v 0.04227819546024701 -0.07462770513785912 -0.06509749363123028
v 0.04226082706588513 -0.07524510848404957 -0.06530247326531843
v 0.04224032500429356 -0.0758599043674118 -0.06550629889469221
v 0.04221663264909493 -0.07647188482238682 -0.06570890420232771
v 0.04218969337391182 -0.07708084188341563 -0.065910222871201
v 0.04215945055236685 -0.07768656758493933 -0.06611018858428819
v 0.04212584755808262 -0.07828885396139888 -0.06630873502456534
v 0.04208882776468176 -0.07888749304723536 -0.06650579587500854
v 0.04204833454578685 -0.07948227687688975 -0.06670130481859389
v 0.04200431127502052 -0.08007299748480311 -0.06689519553829743
v 0.04195670132600537 -0.08065944690541646 -0.06708740171709526
v 0.041905448072364 -0.08124141717317082 -0.06727785703796346
v 0.04185049488771902 -0.08181870032250722 -0.06746649518387815
v 0.041791785145693046 -0.0823910883878667 -0.06765324983781536
v 0.041729262219908685 -0.08295837340369028 -0.06783805468275121
v 0.04166286948398854 -0.08352034740441897 -0.06802084340166174
v 0.041592550311555225 -0.08407680242449382 -0.06820154967752307
v 0.04151824807623133 -0.08462753049835586 -0.06838010719331128
v 0.041439906151639484 -0.08517232366044611 -0.06855644963200243
v 0.04135746791140228 -0.0857109739452056 -0.06873051067657263
v 0.04127087672914235 -0.08624327338707535 -0.06890222400999793
v -0.16435756281234876 0.13779654980051037 -0.07070419378112805
v -0.16513057006778215 0.13689839132027548 -0.07077971586181414
v -0.16585870670090233 0.1359309274091623 -0.07090981316892395
v -0.16654304100715805 0.13489595566792972 -0.07109336722764982
v -0.16718464128199795 0.13379527369733635 -0.07132925956318398
v -0.16778457582087059 0.13263067909814075 -0.07161637170071866
v -0.16834391291922476 0.13140396947110172 -0.07195358516544627
v -0.16886372087250903 0.13011694241697785 -0.07233978148255896
v -0.16934506797617221 0.12877139553652778 -0.07277384217724905
v -0.16978902252566283 0.1273691264305103 -0.07325464877470883
v -0.1701966528164296 0.12591193269968387 -0.07378108280013054
v -0.1705690271439212 0.12440161194480744 -0.07435202577870649
v -0.17090721380358628 0.12283996176663943 -0.07496635923562893
v -0.1712122810908735 0.12122877976593856 -0.07562296469609017
v -0.17148529730123152 0.11956986354346359 -0.07632072368528245
v -0.171727330730109 0.11786501069997309 -0.07705851772839806
v -0.17193944967295471 0.11611601883622578 -0.07783522835062928
v -0.17212272242521715 0.1143246855529803 -0.07864973707716838
v -0.17227821728234513 0.11249280845099537 -0.07950092543320765
v -0.17240700253978722 0.11062218513102957 -0.08038767494393932
v -0.17251014535405376 0.10871461418132584 -0.08130886626888403
v -0.17258847142672093 0.10677210353678072 -0.08226319654516356
v -0.17264226774151695 0.10479712821232497 -0.0832489534471894
v -0.17267174839011426 0.10279222642187887 -0.08426436924638447
v -0.17267712746418537 0.10075993637936285 -0.08530767621417198
v -0.17265861905540283 0.09870279629869731 -0.08637710662197502
v -0.17261643725543926 0.09662334439380278 -0.08747089274121668
v -0.1725507961559671 0.09452411887859964 -0.08858726684332002
v -0.17246190984865892 0.09240765796700824 -0.08972446119970814
v -0.17234999242518714 0.09027649987294901 -0.09088070808180412
v -0.17221525797722445 0.08813318281034245 -0.09205423976103114
v -0.17205792059644326 0.08598024499310884 -0.09324328850881211
v -0.1718781943745162 0.08382022463516879 -0.09444608659657032
v -0.17167629340311574 0.08165565995044251 -0.09566086629572873
v -0.17145243177391437 0.07948908915285056 -0.0968858598777105
v -0.17120682357858466 0.07732305045631331 -0.0981192996139387
v -0.17093968290879918 0.07516008207475118 -0.0993594177758364
v -0.1706512238562304 0.07300272222208455 -0.10060444663482669
v -0.17034166051255092 0.07085350911223394 -0.10185261846233269
v -0.1700112069694332 0.06871498095911967 -0.10310216552977751
v -0.1696600540490682 0.06658959171773564 -0.10435136400939442
v -0.16928748797254922 0.06447651977730327 -0.10560019671741484
v -0.1688916198521483 0.06237068845125031 -0.1068508634609872
v -0.16847048226563704 0.06026673667912684 -0.10810571221249453
v -0.16802210779078705 0.058159303400483156 -0.10936709094431983
v -0.16754452900536992 0.05604302755486941 -0.11063734762884607
v -0.16703577848715717 0.05391254808183578 -0.11191883023845635
v -0.16649388881392055 0.051762503920932526 -0.11321388674553355
v -0.16591689256343145 0.04958753401170983 -0.11452486512246081
v -0.16530282231346163 0.04738227729371787 -0.11585411334162103
v -0.16464971064178258 0.04514137270650691 -0.11720397937539727
v -0.16395559012616598 0.04285945918962712 -0.11857681119617254
v -0.16321849334438335 0.04053117568262864 -0.11997495677632984
v -0.1624364528742063 0.0381511611250618 -0.12140076408825216
v -0.16160750129340648 0.03571405445647678 -0.12285658110432256
v -0.16072967117975545 0.03321449461642369 -0.12434475579692399
v -0.15980099511102475 0.030647120544452802 -0.1258676361384395
v -0.158819505664986 0.028006571180114334 -0.12742757010125205
v -0.1577832354194109 0.025287485462958476 -0.12902690565774474
v -0.1566902169520709 0.02248450233253542 -0.13066799078030042
v -0.1555387506031214 0.019592768622879952 -0.13235292885421135
v -0.15433114323134933 0.016615030774389278 -0.1340801635171869
v -0.15307278592151768 0.013559885419486842 -0.1358453211260005
v -0.1517691490953921 0.010436079677850943 -0.13764395556717618
v -0.15042570317473825 0.007252360669159741 -0.13947162072723832
v -0.1490479185813218 0.0040174755130916034 -0.14132387049271103
v -0.14764126573690836 0.0007401713293246626 -0.14319625875011846
v -0.14621121506326357 -0.002570804762462839 -0.14508433938598483
v -0.14476323698215318 -0.0059067056425925885 -0.14698366628683437
v -0.14330280191534273 -0.009258784191386468 -0.14888979333919117
v -0.1418353802845979 -0.012618293289166138 -0.15079827442957947
v -0.14036644251168437 -0.015976485816253383 -0.15270466344452352
v -0.13890145901836776 -0.01932461465297003 -0.15460451427054742
v -0.13744590022641373 -0.02265393267963775 -0.15649338079417538
v -0.13600523655758798 -0.025955692776578373 -0.1583668169019316
v -0.1345849384336561 -0.029221147824113627 -0.1602203764803403
v -0.13319047627638375 -0.03244155070256527 -0.1620496134159256
v -0.13182732050753657 -0.035608154292255126 -0.16385008159521178
v -0.13050094154888023 -0.03871221147350485 -0.16561733490472288
v -0.12921680982218034 -0.041744975126636344 -0.1673469272309832
v -0.127979643800705 -0.044698151106987605 -0.16903548718553557
v -0.12678860458835647 -0.047566793038377346 -0.1706875862695135
v -0.12564036245963867 -0.05034745502436583 -0.17231135601067463
v -0.12453157593986011 -0.05303669824624807 -0.17391494472935512
v -0.12345890355432944 -0.05563108388531908 -0.17550650074589116
v -0.12241900382835519 -0.0581271731228738 -0.17709417238061875
v -0.12140853528724595 -0.06052152714020724 -0.17868610795387416
v -0.1204241564563103 -0.06281070711861436 -0.18029045578599337
v -0.11946252586085682 -0.06499127423939013 -0.18191536419731266
v -0.11852030202619403 -0.06705978968382961 -0.18356898150816803
v -0.11759414347763061 -0.0690128146332277 -0.18525945603889565
v -0.11668070874047506 -0.07084691026887942 -0.18699493610983164
v -0.11577665634003595 -0.07255863777207974 -0.1887835700413121
v -0.1148786448016219 -0.07414455832412366 -0.19063350615367322
v -0.11398333265054149 -0.07560123310630613 -0.19255289276725102
v -0.11308737841210324 -0.07692522329992216 -0.19454987820238176
v -0.11218744061161579 -0.07811309008626674 -0.19663261077940147
v -0.11128017777438766 -0.07916139464663483 -0.19880923881864632
v -0.11036224842572741 -0.08006669816232143 -0.20108791064045237
v -0.1094303110909437 -0.0808255618146215 -0.20347677456515575
v -0.006698093565399103 -0.007219240035560598 -0.0008961928222991529
v -0.0077728879918098496 -0.006778949404903659 -0.001119452156702349
v -0.009111013861833831 -0.00626050504701281 -0.0013894501843691558
v -0.010697269402067899 -0.005666932811984979 -0.0017040514515911168
v -0.012516452839108887 -0.0050012585499172035 -0.00206112050465972
v -0.014553362399553639 -0.004266508110906425 -0.0024585218898664774
v -0.016792796309998997 -0.003465707345049668 -0.002894120153502905
v -0.019219552797041798 -0.0026018821024439004 -0.0033657798418605042
v -0.0218184300872789 -0.00167805823318605 -0.0038713655012308015
v -0.02457422640730713 -0.0006972615873731686 -0.004408741677905302
v -0.027471739983723324 0.0003374819848977889 -0.004975772918175504
v -0.030495769043124343 0.001423146633529812 -0.005570323768332941
v -0.033631111812107026 0.002556706508425946 -0.006190258774669093
v -0.0368625665172682 0.003735135759489208 -0.006833442483475494
v -0.04017493138520471 0.004955408536622588 -0.007497739441043649
v -0.0435530046425134 0.006214498989729145 -0.00818101419366506
v -0.046981584515791125 0.00750938126871184 -0.008881131287631242
v -0.05044546923163472 0.008837029523473733 -0.009595955269233718
v -0.05392945701664102 0.010194417903917868 -0.010323350684763987
v -0.057418346097406876 0.011578520559947195 -0.011061182080513567
v -0.060896934700529114 0.01298631164146477 -0.011807314002773944
v -0.0643500210526046 0.014414765298373586 -0.012559610997836663
v -0.06776240338023014 0.01586085568057667 -0.01331593761199321
v -0.0711188799100026 0.01732155693797706 -0.014074158391535103
v -0.07440424886851886 0.01879384322047775 -0.014832137882753862
v -0.0776033545217194 0.02027469424685592 -0.015587745995115272
v -0.08070661189613539 0.02176176356966257 -0.016339501582173118
v -0.08371525526407281 0.023254013426877093 -0.01708718384343724
v -0.08663176196011836 0.024750556416081315 -0.01783071678412305
v -0.08945860931885861 0.02625050513485712 -0.018570024409445978
v -0.09219827467488015 0.027752972180786276 -0.019305030724621437
v -0.09485323536276961 0.029257070151450695 -0.020035659734864857
v -0.09742596871711355 0.030761911644432136 -0.020761835445391643
v -0.09991895207249858 0.032266609257312465 -0.021483481861417224
v -0.10233466276351137 0.03377027558767355 -0.02220052298815701
v -0.10467557812473846 0.03527202323309718 -0.022912882830826427
v -0.10694417549076646 0.03677096479116519 -0.023620485394640896
v -0.10914293219618201 0.038266212859459484 -0.024323254684815835
v -0.11127432557557164 0.039756880035561784 -0.02502111470656666
v -0.11334083296352203 0.04124207891705399 -0.025713989465108774
v -0.11534493169461976 0.042720922101518 -0.026401802965657657
v -0.11728909910345137 0.04419252218653548 -0.027084479213428648
v -0.11917581252460363 0.04565599176968847 -0.027761942213637234
v -0.12100754929266296 0.04711044344855868 -0.028434115971498784
v -0.12278678674221602 0.04855498982072791 -0.029100924492228734
v -0.12451600220784947 0.04998874348377812 -0.02976229178104253
v -0.12619767302414983 0.05141081703529103 -0.03041814184315556
v -0.1278342765257038 0.05282032307284855 -0.031068398683783246
v -0.1294282900470979 0.054216374194032455 -0.031712986308141025
v -0.1309821909229188 0.05559808299642467 -0.03235182872144429
v -0.1324984098835992 0.05696460737358071 -0.03298486747788945
v -0.133978305764033 0.05831614702645231 -0.033612447758234895
v -0.1354221655035753 0.05965394346338741 -0.034235318369801176
v -0.13683022943742737 0.06097928348870761 -0.03485424566888967
v -0.13820273790079038 0.06229345390673453 -0.03546999601180184
v -0.13953993122886563 0.06359774152179005 -0.03608333575483917
v -0.14084204975685427 0.06489343313819552 -0.036695031254303054
v -0.14210933381995758 0.06618181556027271 -0.03730584886649496
v -0.14334202375337673 0.06746417559234326 -0.03791655494771631
v -0.14454035989231298 0.06874180003872889 -0.038527915854268555
v -0.14570458257196764 0.07001597570375116 -0.03914069794245317
v -0.14683493212754178 0.07128798939173171 -0.03975566756857156
v -0.14793164889423677 0.07255912790699225 -0.04037359108892519
v -0.14899497320725377 0.07383067805385436 -0.04099523485981549
v -0.15002514540179399 0.07510392663663977 -0.041621365237543895
v -0.15102240581305867 0.0763801604596701 -0.04225274857841188
v -0.15198699477624908 0.07766066632726694 -0.04289015123872088
v -0.1529191526265664 0.07894673104375201 -0.04353433957477233
v -0.15381911969921191 0.08023964141344693 -0.044186079942867676
v -0.15468713632938674 0.08154068424067333 -0.044846138699308355
v -0.15552344285229222 0.08285114632975286 -0.045515282200395815
v -0.15632827960312953 0.08417231448500721 -0.0461942768024315
v -0.15710188691709992 0.08550547551075803 -0.04688388886171686
v -0.1578445051294046 0.08685191621132689 -0.04758488473455333
v -0.1585563745752448 0.08821292339103555 -0.04829803077724239
v -0.15923778936027902 0.08959012020602762 -0.04902425480404286
v -0.15988951159229367 0.09098805731904643 -0.049765889911436045
v -0.16051254435038373 0.09241279274729704 -0.05052599276674956
v -0.1611078927051425 0.09387039696545958 -0.05130762601723539
v -0.16167656172716335 0.09536694044821394 -0.05211385231014552
v -0.16221955648703962 0.09690849367024028 -0.05294773429273192
v -0.16273788205536457 0.09850112710621857 -0.053812334612246576
v -0.16323254350273156 0.1001509112308288 -0.05471071591594144
v -0.163704545899734 0.10186391651875105 -0.055645940851068554
v -0.16415489431696514 0.10364621344466536 -0.056621072064879874
v -0.16458459382501833 0.10550387248325165 -0.05763917220462733
v -0.16499464949448694 0.10744296410919006 -0.05870330391756298
v -0.1653860663959643 0.10946955879716054 -0.05981652985093877
v -0.16575984960004364 0.11158972702184315 -0.060981912652006656
v -0.16611700417731842 0.11380953925791797 -0.06220251496801868
v -0.1664585351983819 0.11613506598006486 -0.06348139944622677
v -0.16678544773382747 0.11857237766296404 -0.06482162873388295
v -0.16709874685424841 0.12112754478129546 -0.06622626547823915
v -0.16739943763023812 0.12380663780973909 -0.0676983723265474
v -0.16768852513238988 0.12661572722297498 -0.06924101192605966
v -0.16796701443129705 0.12956088349568323 -0.07085724692402791
v -0.1682359105975529 0.13264817710254379 -0.07255013996770414
v -0.16849621870175086 0.13588367851823668 -0.07432275370434029
v -0.1687489438144842 0.13927345821744208 -0.07617815078118845
v -0.16899509100634624 0.14282358667483974 -0.07811939384550046
v -0.07498374201111704 0.10378724771182023 -0.0017109146161600093
v -0.074042507217812 0.10368412055587185 -0.001031844342325887
v -0.07297755815565186 0.10353049867003393 -0.00025305150127598666
v -0.0717924322816538 0.1033274522909133 0.0006226653360301426
v -0.07049066705283501 0.1030760516551164 0.001592507598632966
v -0.06907579992621274 0.1027773669992501 0.0026536767155729245
v -0.06755136835880415 0.10243246855992104 0.003803374115890476
v -0.06592090980762642 0.10204242657373604 0.005038801228626072
v -0.06418796172969678 0.10160831127730162 0.006357159482820174
v -0.062356061582032454 0.10113119290722465 0.007755650307513219
v -0.06042874682165059 0.10061214170011175 0.009231475131745676
v -0.05840955490556841 0.10005222789256961 0.010781835384557998
v -0.05630202329080311 0.09945252172120504 0.012403932494990626
v -0.054109689434371874 0.09881409342262461 0.014094967892084028
v -0.051836090793291954 0.09813801323343506 0.01585214300487864
v -0.0494847648245805 0.09742535139024323 0.017672659262414934
v -0.04705924898525472 0.09667717812965564 0.01955371809373335
v -0.044563080732331825 0.09589456368827907 0.02149252092787434
v -0.041999797522829 0.09507857830272025 0.023486269193878376
v -0.039372936813763464 0.09423029220958577 0.02553216432078589
v -0.03668603606215237 0.09335077564548251 0.027627407737637354
v -0.033942632725012974 0.09244109884701705 0.02976920087347321
v -0.031146264259362448 0.09150233205079612 0.0319547451573339
v -0.028300468122217988 0.09053554549342639 0.03418124201825991
v -0.0254087817705968 0.08954180941151467 0.03644589288529167
v -0.02247474266151609 0.08852219404166763 0.03874589918746963
v -0.019501888251993033 0.08747776962049188 0.04107846235383426
v -0.016493755999044873 0.08640960638459418 0.04344078381342599
v -0.013453883359688758 0.08531877457058125 0.045830064995285295
v -0.010385807790941911 0.08420634441505977 0.048243507328452624
v -0.007293066749821527 0.08307338615463646 0.05067831224196842
v -0.004179197693344816 0.0819209700259181 0.05313168116487316
v -0.001047738078528963 0.08075016626551122 0.05560081552620727
v 0.0020977746376088105 0.07956204511002267 0.058082916755011205
v 0.005254456819919295 0.07835745420865999 0.06057573921539387
v 0.008422040120725092 0.0771363508610347 0.06307924901173795
v 0.011600910014216773 0.07589846977935898 0.06559396518349452
v 0.014791451974584893 0.07464354567584518 0.06812040677011467
v 0.01799405147602002 0.07337131326270567 0.07065909281104951
v 0.02120909399271276 0.07208150725215277 0.07321054234575017
v 0.02443696499885365 0.0707738623563988 0.07577527441366774
v 0.02767804996863329 0.06944811328765609 0.07835380805425332
v 0.030932734376242232 0.0681039947581369 0.080946662306958
v 0.034201403695871026 0.0667412414800536 0.08355435621123289
v 0.03748444340171026 0.0653595881656185 0.08617740880652909
v 0.04078223896795054 0.06395876952704398 0.08881633913229775
v 0.0440951758687824 0.06253852027654229 0.09147166622798988
v 0.047423639578396404 0.06109857512632576 0.09414390913305667
v 0.050768015570983135 0.059638668788606755 0.09683358688694917
v 0.054128689320733184 0.05815853597559749 0.09954121852911851
v 0.05750604630183709 0.056657911399510444 0.10226732309901578
v 0.060900471988485395 0.05513652977255783 0.10501241963609206
v 0.06431235185486876 0.05359412580695201 0.1077770271797985
v 0.06774207137517767 0.052030434214905316 0.11056166476958618
v 0.07119001602360277 0.05044518970863009 0.11336685144490619
v 0.07465657127433459 0.04883812700033853 0.11619310624520966
v 0.07814212260156365 0.047208980802243075 0.11904094820994766
v 0.08164705547948066 0.04555748582655607 0.12191089637857136
v 0.08517175538227603 0.04388337678548977 0.12480346979053178
v 0.08871660778414042 0.04218638839125645 0.12771918748528005
v 0.0922819981592644 0.040466255356068556 0.13065856850226729
v 0.0958683119818385 0.03872271239213833 0.1336221318809446
v 0.09947593472605336 0.03695549421167811 0.13661039666076308
v 0.10310525186609946 0.03516433552690022 0.1396238818811738
v 0.10675664887616744 0.03334897105001701 0.1426631065816279
v 0.11043051123044788 0.03150913549324079 0.1457285898015765
v 0.11412722440313125 0.029644563568783852 0.14882085058047068
v 0.11784618851335597 0.027755293493058927 0.15194018733557518
v 0.1215828622600509 0.02584257749928011 0.15508601599540908
v 0.12533171898709294 0.023907971324862 0.15825753186630545
v 0.1290872320383587 0.021953030707219115 0.16145393025459695
v 0.13284387475772497 0.019979311383766005 0.16467440646661646
v 0.13659612048906847 0.01798836909191716 0.1679181558086969
v 0.14033844257626593 0.015981759569087123 0.17118437358717098
v 0.1440653143631941 0.013961038552690486 0.17447225510837164
v 0.14777120919372966 0.01192776178014171 0.1777809956786316
v 0.1514506004117494 0.00988348498885537 0.18110979060428378
v 0.15509796136113005 0.007829763916245944 0.18445783519166103
v 0.15870776538574827 0.005768154299728018 0.18782432474709615
v 0.16227448582948095 0.0037002118767161113 0.191208454576922
v 0.16579259603620458 0.0016274923846247707 0.19460941998747133
v 0.16925656934979613 -0.0004484484391314991 0.1980264162850771
v 0.17266087911413217 -0.002526054857138152 0.20145863877607206
v 0.1759999986730895 -0.004603771131980627 0.20490528276678907
v 0.17926840137054487 -0.0066800415262444485 0.20836554356356102
v 0.18246056055037493 -0.008753310302515041 0.21183861647272065
v 0.18557094955645653 -0.010822021723377914 0.21532369680060084
v 0.1885940417326663 -0.01288462005141848 0.21881997985353446
v 0.19152431042288104 -0.014939549549222206 0.22232666093785428
v 0.19435622897097743 -0.016985254479374642 0.22584293535989322
v 0.19708427072083226 -0.019020179104461146 0.22936799842598404
v 0.19970290901632218 -0.021042767687067282 0.23290104544245957
v 0.202206617201324 -0.023051464489778448 0.23644127171565268
v 0.20458986861971443 -0.02504471377518014 0.2399878725518963
v 0.20684713661537016 -0.027020959805857808 0.24354004325752307
v 0.20897289453216797 -0.028978646844396938 0.24709697913886594
v 0.21096161571398458 -0.03091621915338301 0.25065787550225777
v 0.2128077735046967 -0.032832120995401434 0.25422192765403134
v 0.2145058412481811 -0.03472479663303775 0.25778833090051956
v 0.2160502922883145 -0.036592690328877374 0.2613562805480551
v -0.013827828026552056 0.1962080944623693 0.2206256359755454
v -0.013174100332416125 0.19554205913139217 0.21960553126712848
v -0.012531804653361367 0.19485722295912045 0.21858515181528562
v -0.011900516989113052 0.1941538123475975 0.21756400925087097
v -0.011279813339396448 0.19343205369886612 0.21654161520473855
v -0.010669269703936828 0.19269217341496953 0.21551748130774256
v -0.010068462082459461 0.19193439789795086 0.21449111919073702
v -0.009476966474689624 0.19115895354985324 0.2134620404845761
v -0.008894358880352582 0.19036606677271956 0.21242975682011378
v -0.008320215299173612 0.18955596396859314 0.21139377982820423
v -0.007754111730877981 0.18872887153951695 0.21035362113970157
v -0.007195624175190961 0.1878850158875341 0.20930879238545982
v -0.006644328631837823 0.18702462341468773 0.2082588051963332
v -0.0060998011005438365 0.18614792052302082 0.20720317120317563
v -0.0055616175810342785 0.18525513361457663 0.2061414020368414
v -0.005029354073034415 0.18434648909139822 0.2050730093281845
v -0.004502586576269518 0.18342221335552855 0.20399750470805897
v -0.00398089109046486 0.18248253280901072 0.20291439980731904
v -0.00346384361534571 0.18152767385388802 0.20182320625681874
v -0.002951020150637341 0.18055786289220338 0.20072343568741208
v -0.002441996696065024 0.17957332632599993 0.19961459972995332
v -0.001936349251354028 0.17857429055732077 0.19849621001529646
v -0.0014336538162296288 0.17756098198820897 0.19736777817429554
v -0.0009334863904170941 0.17653362702070763 0.19622881583780477
v -0.0004354229736416943 0.17549245205685993 0.19507883463667827
v 6.096043437129685e-05 0.17443768349870886 0.19391734620177004
v 0.0005560878338966101 0.1733695477482975 0.19274386216393413
v 0.0010503832252089708 0.17228827120766904 0.19155789415402477
v 0.001544270608583113 0.1711940802788664 0.19035895380289602
v 0.0020381739842937627 0.1700872013639329 0.18914655274140194
v 0.00253251735261565 0.16896786086491145 0.18792020260039657
v 0.003027724713823502 0.1678362851838453 0.18667941501073418
v 0.00352422006819205 0.16669270072277742 0.1854237016032687
v 0.004022427415996016 0.16553733388375091 0.18415257400885432
v 0.004522611887999336 0.16437031099891997 0.1828654914270228
v 0.00502440313692272 0.1631913581208831 0.18156170333201685
v 0.005527271945976081 0.1620001012323497 0.18024040676675704
v 0.0060306890983693314 0.16079616631602922 0.17890079877416365
v 0.006534125377312383 0.15957917935463117 0.17754207639715722
v 0.007037051566015153 0.1583487663308651 0.17616343667865814
v 0.007538938447687551 0.1571045532274406 0.1747640766615869
v 0.00803925680553949 0.15584616602706686 0.17334319338886386
v 0.008537477422780887 0.1545732307124537 0.17189998390340958
v 0.009033071082621646 0.15328537326631037 0.17043364524814436
v 0.00952550856827168 0.15198221967134645 0.16894337446598878
v 0.010014260662940913 0.15066339591027156 0.16742836859986324
v 0.01049879814983925 0.149328527965795 0.16588782469268812
v 0.010978591812176603 0.14797724182062633 0.1643209397873839
v 0.011453112433162889 0.1466091634574751 0.16272691092687105
v 0.011921830796008016 0.14522391885905073 0.16110493515406996
v 0.012384217683921896 0.14382113400806273 0.15945420951190112
v 0.012839743880114446 0.1424004348872206 0.15777393104328494
v 0.013287880167795583 0.14096144747923384 0.15606329679114186
v 0.013728097330175206 0.13950379776681188 0.15432150379839235
v 0.014159866150463236 0.13802711173266435 0.15254774910795685
v 0.014582657411869593 0.13653101535950063 0.15074122976275572
v 0.014995941897604174 0.13501513463003018 0.14890114280570954
v 0.015399190390876907 0.13347909552696263 0.1470266852797387
v 0.01579187367489769 0.13192252403300736 0.14511705422776353
v 0.01617346253287645 0.13034504613087394 0.14317144669270462
v 0.016543427748023087 0.12874628780327174 0.14118905971748233
v 0.016901240103547523 0.1271258750329104 0.13916909034501712
v 0.017246370382659672 0.12548343380249932 0.13711073561822942
v 0.017578289368569432 0.12381859009474804 0.13501319258003971
v 0.017896467844486733 0.12213096989236598 0.1328756582733684
v 0.01820037659362148 0.12042019917806272 0.130697329741136
v 0.01848948639918359 0.11868590393454774 0.12847740402626281
v 0.018762595718524594 0.11692621279483835 0.12621432974680674
v 0.01901581370556253 0.11513326499318301 0.12390356182137498
v 0.019244577188357075 0.11329770241413813 0.12153980674371205
v 0.019444322994967882 0.11141016694226018 0.11911777100756256
v 0.01961048795345462 0.10946130046210541 0.11663216110667105
v 0.019738508891876953 0.10744174485823026 0.11407768353478207
v 0.01982382263829455 0.10534214201519114 0.11144904478564018
v 0.019861866020767067 0.10315313381754428 0.10874095135298997
v 0.019848075867354174 0.10086536214984616 0.10594810973057599
v 0.019777889006115535 0.09846946889665319 0.10306522641214279
v 0.019646742265110817 0.09595609594252162 0.10008700789143493
v 0.019450072472399684 0.09331588517200791 0.09700816066219702
v 0.019183316456041793 0.09053947846966838 0.09382339121817354
v 0.018841911044096816 0.08761751772005945 0.0905274060531091
v 0.018421293064624412 0.08454064480773742 0.08711491166074825
v 0.01791689934568426 0.08129950161725875 0.08358061453483559
v 0.01732416671533601 0.07788473003317979 0.07991922116911565
v 0.01663853200163933 0.07428697194005683 0.07612543805733295
v 0.01585543203265389 0.07049686922244632 0.0721939716932321
v 0.014970303636439336 0.0665050637649046 0.06811952857055764
v 0.01397858364105536 0.0623021974519881 0.06389681518305419
v 0.012875708874561614 0.057878912168253124 0.059520538024466274
v 0.01165711616501775 0.05322584979825602 0.05498540358853839
v 0.01031824234048346 0.04833365222655327 0.0502861183690152
v 0.008854524229018376 0.04319296133770113 0.04541738885964117
v 0.007261398658682197 0.037794419016256034 0.04037392155416096
v 0.005534302457534556 0.03212866714677433 0.035150422946319045
v 0.003668672453635144 0.026186347613812402 0.029741599529860063
v 0.0016599454750436192 0.019958102301926642 0.024142157798528557
v -0.0004964416501803825 0.013434573095673336 0.018346804246069
v -0.002805052093977149 0.006606401879608995 0.012350245366226087
v -0.005270449028287064 -0.0005357694617101755 0.006147187652744253
v -0.007897195625050413 -0.00800129904372765 -0.0002676624006318143
v -0.2600904017447575 0.16290696919248182 0.14597466544132437
v -0.2601714647066091 0.16244050592652232 0.1469958668122204
v -0.26024878985335603 0.16193386598827653 0.14806068873983133
v -0.260322437370712 0.16138804963523123 0.1491669349857927
v -0.2603924682274932 0.16080404935504078 0.15031242390328295
v -0.26045894406977754 0.1601828487682001 0.1514949894947977
v -0.2605219271188589 0.15952542158926797 0.15271248234043308
v -0.260581480073043 0.15883273064542364 0.15396277039857034
v -0.26063766601331095 0.15810572695098873 0.15524373968096036
v -0.2606905483128685 0.15734534883640583 0.15655329480427685
v -0.26074019055057585 0.15655252113004042 0.15788935942025084
v -0.26078665642825166 0.15572815439106158 0.15924987652651182
v -0.2608300096918208 0.15487314419155096 0.16063280866024238
v -0.2608703140562771 0.15398837044590497 0.16203613797671212
v -0.2609076331344101 0.15307469678551006 0.16345786621468147
v -0.2609420303692481 0.15213296997660208 0.16489601455056851
v -0.2609735689701493 0.15116401937915852 0.1663486233431469
v -0.26100231185247763 0.1501686564446174 0.1678137517703902
v -0.26102832158078293 0.14914767425016806 0.1692894773599023
v -0.26105166031540683 0.1481018470673175 0.17077389541416949
v -0.261072389762427 0.14703192996239978 0.172265118331643
v -0.2610905711268491 0.14593865842666198 0.1737612748244046
v -0.2611062650689518 0.1448227480335299 0.17526050903288906
v -0.2611195316636885 0.14368489412063207 0.17676097953783035
v -0.26113043036304445 0.14252577149412998 0.1782608582692609
v -0.26113901996124933 0.14134603415288227 0.17975832931203406
v -0.2611453585627404 0.14014631502993896 0.1812515876069417
v -0.2611495035527728 0.13892722574883704 0.18273883754607698
v -0.261151511570573 0.13768935639213653 0.1842182914606306
v -0.261151438484929 0.1364332752796042 0.18568816799881546
v -0.261149339372114 0.13515952875340864 0.18714669039107729
v -0.26114526849603775 0.13386864096764983 0.18859208459917537
v -0.2611392792905241 0.13256111367949114 0.19002257734509098
v -0.26113142434361014 0.1312374260391031 0.19143639401505044
v -0.2611216747387004 0.12989756972428668 0.19283236062971573
v -0.26110967714120686 0.1285396731456236 0.1942116973500007
v -0.2610949939521771 0.12716142749296716 0.19557617660418158
v -0.2610771835793804 0.12576055637150063 0.1969275171535175
v -0.26105580038250914 0.12433481673409745 0.1982673864050248
v -0.261030394710418 0.1228820003534971 0.19959740232712553
v -0.26100051303326977 0.1213999358307072 0.20091913498460634
v -0.2609656981726058 0.11988649113580742 0.20223410770788808
v -0.26092548963243434 0.11833957667659349 0.20354379791052618
v -0.2608794240344141 0.11675714888925141 0.20484963756810945
v -0.2608270356601041 0.11513721434348205 0.20615301337129593
v -0.2607678571030486 0.11347783435220889 0.20745526656560748
v -0.26070142003315655 0.11177713007318828 0.2087576924907836
v -0.2606272560754169 0.11003328808650799 0.2100615398329685
v -0.26054489780446155 0.10824456642811621 0.2113680096037544
v -0.26045387985582863 0.10640930105518158 0.2126782538611191
v -0.26035374015401125 0.10452591271427635 0.2139933741885621
v -0.26024402125647067 0.10259291417812293 0.21531441995024325
v -0.2601242718117696 0.10060891781100957 0.2166423863416357
v -0.2599940481288362 0.09857264341700621 0.2179782122571009
v -0.25985291585309966 0.0964829263188799 0.21932277799784355
v -0.2597004517438648 0.09433872560919863 0.22067690284587216
v -0.2595362455458181 0.09213913250862667 0.22204134253184135
v -0.2593599019459938 0.08988337875996545 0.22341678662693185
v -0.25917104260590235 0.0875708449802108 0.22480385589118845
v -0.258969308256847 0.08520106888692063 0.22620309961292595
v -0.2587543608447574 0.08277375330966731 0.227614992975867
v -0.25852588570918295 0.08028877389245177 0.2290399344925305
v -0.2582835937794384 0.07774618638884305 0.23047824354398208
v -0.2580272237693235 0.0751462334484539 0.23193015806730827
v -0.25775654435037926 0.07248935079133394 0.23339583243303266
v -0.2574713562823392 0.06977617266612317 0.2348753355550726
v -0.2571714944783239 0.06700753648851042 0.23636864927568993
v -0.2568568454366036 0.06418366388218934 0.23787520727549655
v -0.25652738254893664 0.0613015922125076 0.2393925782819092
v -0.25618309693291613 0.05835746312374919 0.24091796001619575
v -0.2558239763684864 0.055347318691911604 0.2424486620814924
v -0.25545000272996243 0.052267099580830825 0.2439821122621261
v -0.2550611494554741 0.04911264212408438 0.24551586146130608
v -0.25465737905974045 0.045879674294151254 0.24704758734621626
v -0.25423864069329166 0.0425638105234382 0.2485750967797804
v -0.25380486774857175 0.03916054534344175 0.2500963271260895
v -0.25335597551077194 0.03566524580842893 0.2516093465218138
v -0.25289185884880233 0.032073142668565105 0.253112353209092
v -0.25241238993948717 0.028379320254353427 0.2546036740265958
v -0.2519174160158895 0.02457870502956054 0.25608176215497863
v -0.25140675712860666 0.020666052763467002 0.25754519421093836
v -0.2508802039069181 0.01663593426525925 0.25899266678093436
v -0.25033751530479553 0.012482719613646762 0.2604229924814036
v -0.24977841631496925 0.008200560803265783 0.2618350956273511
v -0.24920259563244918 0.0037833727160523495 0.26322800758564446
v -0.24860970324710344 -0.0007751876895941701 0.26460086188340454
v -0.24799934794304318 -0.005481744096524119 0.2659528891357065
v -0.2473710946806211 -0.010343225597898964 0.2672834118505399
v -0.24672446183476796 -0.015366893684445923 0.2685918391627229
v -0.24605891826111395 -0.020560371641979505 0.26987766154233905
v -0.24537388015881686 -0.02593167657972506 0.2711404455173222
v -0.244668707696181 -0.03148925434211369 0.2723798284441359
v -0.24394270136192248 -0.037242017593057716 0.27359551335509746
v -0.24319509800125366 -0.04319938740291319 0.27478726390583635
v -0.2424250664917121 -0.04937133871514294 0.27595489944164064
v -0.24163170300875897 -0.05576845012304204 0.2770982901970633
v -0.2408140258254922 -0.062401958447853664 0.27821735263910313
v -0.23997096958421626 -0.06928381867949933 0.2793120449605471
v -0.23910137896993208 -0.07642676992152397 0.28038236272662787
v -0.23820400170684664 -0.08384440807456528 0.28142833467499345
v -0.01814084291187658 0.18740951628333002 0.2335823685420021
v -0.019388353566693443 0.18736239108792818 0.23497982187082728
v -0.020847972542776778 0.18726448883460112 0.23650646370423914
v -0.022505152002329356 0.18711915902798126 0.23814959699599061
v -0.02434534410755394 0.18692975117270094 0.23989652469983452
v -0.02635400102065329 0.18669961477339236 0.24173454976952355
v -0.028516574903830205 0.18643209933468802 0.2436509751588107
v -0.030818517919287414 0.18613055436122 0.24563310382144876
v -0.03324528222922771 0.18579832935762064 0.2476682387111906
v -0.03578231999585386 0.18543877382852247 0.24974368278178896
v -0.03841508338136862 0.1850552372785575 0.2518467389869968
v -0.04112902454797476 0.18465106921235813 0.25396471028056683
v -0.043909595657875077 0.1842296191345567 0.25608489961625197
v -0.04674224887327231 0.1837942365497856 0.258194609947805
v -0.04961243635636923 0.18334827096267697 0.2602811442289789
v -0.052505610269368605 0.18289507187786325 0.26233180541352624
v -0.055407222774473214 0.18243798879997664 0.26433389645520017
v -0.05830272603388582 0.1819803712336494 0.2662747203077532
v -0.06117757220980919 0.1815255686835141 0.2681415799249384
v -0.06401721346444608 0.18107693065420272 0.26992177826050856
v -0.0668071238036243 0.18063780106997296 0.271602639241676
v -0.06953740808167413 0.18021034081562431 0.2731759331690712
v -0.07220850318755659 0.17979407125867536 0.27464335078967755
v -0.07482224400223332 0.17938815662265695 0.27600792515188743
v -0.07738046540666614 0.1789917611311005 0.2772726893040935
v -0.07988500228181668 0.178604049007537 0.2784406762946881
v -0.08233768950864676 0.1782241844754977 0.27951491917206406
v -0.08474036196811806 0.1778513317585138 0.2804984509846136
v -0.08709485454119233 0.1774846550801163 0.28139430478072947
v -0.08940300210883126 0.1771233186638363 0.28220551360880397
v -0.09166663955199662 0.17676648673320516 0.2829351105172298
v -0.0938876017516501 0.17641332351175376 0.28358612855439946
v -0.09606772358875348 0.17606299322301355 0.2841616007687055
v -0.09820883994426843 0.17571466009051545 0.28466456020854036
v -0.10031278569915673 0.17536748833779064 0.2850980399222967
v -0.10238139573438007 0.17502064218837032 0.2854650729583668
v -0.10441650493090018 0.1746732858657855 0.28576869236514346
v -0.10641994816967881 0.17432458359356756 0.2860119311910191
v -0.10839356033167766 0.1739736995952475 0.28619782248438613
v -0.1103391762978585 0.17361979809435646 0.28632939929363727
v -0.11225863316168369 0.17326205902424469 0.2864096560081108
v -0.11415385402757923 0.17290027303747968 0.2864400841464137
v -0.11602687373125488 0.17253502413249316 0.2864202229449166
v -0.11787973457561031 0.1721669493283563 0.2863494811656824
v -0.11971447886354511 0.1717966856441403 0.2862272675707739
v -0.12153314889795878 0.17142487009891627 0.28605299092225406
v -0.12333778698175103 0.17105213971175537 0.28582605998218563
v -0.1251304354178214 0.17067913150172875 0.2855458835126314
v -0.12691313650906946 0.17030648248790764 0.28521187027565437
v -0.12868793255839484 0.16993482968936302 0.28482342903331725
v -0.1304568658686971 0.16956481012516628 0.2843799685476829
v -0.13222197874287583 0.1691970608143885 0.28388089758081425
v -0.13398531348383064 0.16883221877610088 0.28332562489477403
v -0.13574891239446116 0.1684709210293744 0.2827135592516252
v -0.13751481777766694 0.1681138045932804 0.2820441094134305
v -0.13928507193634757 0.16776150648688998 0.28131668414225286
v -0.1410617171734026 0.16741466372927427 0.28053069220015503
v -0.14284679579173176 0.16707391333950455 0.27968554234919996
v -0.14464235009423454 0.16673989233665193 0.2787806433514505
v -0.14645042238381045 0.16641323773978745 0.2778154039689693
v -0.14827297908657294 0.1660945297283698 0.27678922629485525
v -0.15011085128709145 0.16578349799283987 0.2757014126347449
v -0.15196399608176722 0.16547921751550854 0.2745511884776885
v -0.15383234808499044 0.16518074643731995 0.27333777733674713
v -0.15571584191115148 0.1648871428992184 0.27206040272498166
v -0.1576144121746407 0.16459746504214812 0.27071828815545335
v -0.15952799348984834 0.1643107710070531 0.26931065714122293
v -0.16145652047116482 0.16402611893487778 0.2678367331953516
v -0.16339992773298045 0.1637425669665663 0.2662957398309004
v -0.1653581498896855 0.16345917324306286 0.2646869005609301
v -0.1673311215556703 0.16317499590531165 0.26300943889850187
v -0.16931877734532522 0.16288909309425686 0.2612625783566767
v -0.17132105187304056 0.16260052295084265 0.25944554244851564
v -0.17333787975320664 0.16230834361601337 0.2575575546870796
v -0.17536919560021383 0.16201161323071323 0.25559783858542956
v -0.17741493402845238 0.16170938993588618 0.2535656176566267
v -0.17947502965231266 0.16140073187247672 0.2514601154137319
v -0.18154941708618502 0.16108469718142893 0.24928055536980623
v -0.18363803094445968 0.16076034400368705 0.2470261610379107
v -0.18574080584152708 0.16042673048019518 0.24469615593110616
v -0.18785865354796658 0.1600836927266706 0.24228797735470886
v -0.1899997076293171 0.1597368165786367 0.2397858614224188
v -0.19217533848099388 0.15939426491305242 0.23716812743478097
v -0.19439693176647754 0.15906421276273236 0.23441306678284415
v -0.19667587314924884 0.15875483516049127 0.2314989708576571
v -0.19902354829278826 0.15847430713914368 0.2284041310502687
v -0.20145134286057656 0.1582308037315045 0.22510683875172763
v -0.2039706425160944 0.1580324999703881 0.2215853853530828
v -0.20659283292282232 0.15788757088860944 0.2178180622453831
v -0.2093292997442411 0.15780419151898306 0.2137831608196772
v -0.2121914286438313 0.15779053689432365 0.20945897246701392
v -0.21519060528507367 0.15785478204744602 0.2048237885784421
v -0.21833821533144865 0.15800510201116452 0.1998559005450106
v -0.22164564444643714 0.1582496718182942 0.19453359975776807
v -0.2251242782935196 0.15859666650164955 0.18883517760776355
v -0.2287855025361768 0.15905426109404536 0.18273892548604576
v -0.2326407028378894 0.1596306306282962 0.17622313478366333
v -0.23670126486213786 0.16033395013721669 0.16926609689166536
v -0.24097857427240307 0.16117239465362165 0.16184610320110038
v -0.24548401673216552 0.16215413921032568 0.15394144510301744
v -0.16871898053294893 0.13512279559485124 -0.07174726297508498
v -0.1688967603597284 0.1350095450969842 -0.07164649934415386
v -0.1690826329936181 0.13489006720334568 -0.07154802915323671
v -0.1692764371736933 0.13476452178491444 -0.07145184390606704
v -0.16947801163902965 0.13463306871266967 -0.0713579351063784
v -0.1696871951287026 0.1344958678575905 -0.07126629425790441
v -0.16990382638178755 0.1343530790906558 -0.07117691286437854
v -0.17012774413736018 0.13420486228284478 -0.07108978242953443
v -0.1703587871344959 0.13405137730513633 -0.0710048944571056
v -0.17059679411227016 0.13389278402850957 -0.07092224045082555
v -0.17084160380975846 0.1337292423239435 -0.07084181191442794
v -0.1710930549660364 0.13356091206241727 -0.07076360035164624
v -0.17135098632017945 0.13338795311490975 -0.07068759726621408
v -0.17161523661126302 0.13321052535240013 -0.07061379416186496
v -0.17188564457836264 0.1330287886458672 -0.07054218254233244
v -0.17216204896055387 0.1328429028662904 -0.07047275391135009
v -0.1724442884969121 0.1326530278846484 -0.07040549977265147
v -0.17273220192651292 0.13245932357192053 -0.07034041162997014
v -0.17302562798843182 0.13226194979908557 -0.07027748098703963
v -0.17332440542174424 0.13206106643712268 -0.07021669934759354
v -0.1736283729655257 0.13185683335701093 -0.07015805821536537
v -0.17393736935885165 0.13164941042972933 -0.07010154909408872
v -0.17425123334079773 0.13143895752625684 -0.07004716348749712
v -0.17456980365043934 0.1312256345175728 -0.06999489289932417
v -0.174892919026852 0.13100960127465583 -0.06994472883330338
v -0.17522041820911116 0.13079101766848522 -0.06989666279316832
v -0.17555213993629232 0.13057004357003998 -0.06985068628265254
v -0.17588792294747108 0.13034683885029918 -0.06980679080548963
v -0.17622760598172282 0.13012156338024172 -0.06976496786541307
v -0.17657102777812306 0.12989437703084677 -0.0697252089661565
v -0.1769180270757473 0.1296654396730933 -0.06968750561145343
v -0.17726844261367108 0.1294349111779604 -0.06965184930503743
v -0.1776221131309699 0.12920295141642713 -0.06961823155064205
v -0.17797887736671916 0.1289697202594724 -0.06958664385200083
v -0.1783385740599945 0.12873537757807535 -0.06955707771284737
v -0.1787010419498713 0.1285000832432151 -0.06952952463691521
v -0.17906611977542508 0.12826399712587055 -0.06950397612793789
v -0.17943364627573136 0.12802727909702077 -0.06948042368964896
v -0.17980346018986565 0.12779008902764477 -0.06945885882578201
v -0.18017540025690346 0.12755258678872172 -0.06943927304007057
v -0.18054930521592014 0.12731493225123058 -0.06942165783624818
v -0.18092501380599135 0.12707728528615037 -0.06940600471804843
v -0.18130236476619258 0.12683980576446008 -0.06939230518920486
v -0.18168119683559925 0.1266026535571389 -0.06938055075345104
v -0.1820613487532869 0.12636598853516573 -0.0693707329145205
v -0.182442659258331 0.1261299705695197 -0.06936284317614685
v -0.18282496708980706 0.12589475953117985 -0.06935687304206359
v -0.18320811098679063 0.12566051529112515 -0.06935281401600428
v -0.1835919296883571 0.12542739772033468 -0.0693506576017025
v -0.18397626193358205 0.12519556668978749 -0.0693503953028918
v -0.18436094646154094 0.12496518207046255 -0.06935201862330571
v -0.1847458220113093 0.12473640373333901 -0.06935551906667785
v -0.1851307273219626 0.12450939154939582 -0.06936088813674171
v -0.1855155011325763 0.12428430538961212 -0.06936811733723088
v -0.18589998218222595 0.12406130512496684 -0.0693771981718789
v -0.18628400920998706 0.12384055062643905 -0.06938812214441933
v -0.18666742095493508 0.12362220176500781 -0.06940088075858575
v -0.18705005615614556 0.12340641841165222 -0.06941546551811167
v -0.18743175355269395 0.12319336043735117 -0.0694318679267307
v -0.18781235188365572 0.12298318771308382 -0.06945007948817632
v -0.18819168988810647 0.12277606010982915 -0.0694700917061822
v -0.18856960630512162 0.12257213749856628 -0.06949189608448178
v -0.18894593987377664 0.12237157975027417 -0.06951548412680869
v -0.1893205293331471 0.12217454673593185 -0.06954084733689646
v -0.18969321342230847 0.12198119832651842 -0.06956797721847861
v -0.19006383088033627 0.12179169439301289 -0.06959686527528879
v -0.19043222044630592 0.12160619480639433 -0.06962750301106048
v -0.190798220859293 0.12142485943764174 -0.06965988192952725
v -0.19116167085837293 0.12124784815773419 -0.06969399353442267
v -0.19152240918262128 0.1210753208376507 -0.06972982932948028
v -0.1918802745711135 0.1209074373483703 -0.06976738081843363
v -0.19223510576292516 0.12074435756087203 -0.06980663950501632
v -0.19258674149713162 0.12058624134613492 -0.06984759689296187
v -0.19293502051280853 0.12043324857513811 -0.06989024448600387
v -0.19327978154903125 0.12028553911886052 -0.0699345737878758
v -0.19362086334487535 0.12014327284828118 -0.06998057630231129
v -0.19395810463941632 0.12000660963437924 -0.07002824353304385
v -0.1942913441717297 0.11987570934813375 -0.0700775669838071
v -0.19462042068089086 0.11975073186052358 -0.07012853815833453
v -0.19494517290597546 0.11963183704252793 -0.07018114856035973
v -0.19526543958605885 0.11951918476512573 -0.07023538969361623
v -0.19558105946021664 0.1194129348992961 -0.0702912530618376
v -0.19589187126752422 0.11931324731601804 -0.07034873016875741
v -0.1961977137470572 0.11922028188627064 -0.07040781251810921
v -0.196498425637891 0.11913419848103286 -0.07046849161362653
v -0.1967938456791011 0.11905515697128378 -0.07053075895904296
v -0.1970838126097631 0.11898331722800247 -0.07059460605809205
v -0.1973681651689524 0.11891883912216795 -0.07066002441450733
v -0.19764674209574454 0.11886188252475925 -0.0707270055320224
v -0.19791938212921498 0.11881260730675534 -0.07079554091437075
v -0.19818592400843923 0.11877117333913541 -0.070865622065286
v -0.19844620647249286 0.11873774049287843 -0.0709372404885017
v -0.19870006826045125 0.11871246863896341 -0.07101038768775136
v -0.19894734811138998 0.11869551764836937 -0.0710850551667686
v -0.1991878847643845 0.11868704739207543 -0.07116123442928692
v -0.19942151695851035 0.1186872177410606 -0.07123891697903989
v -0.19964808343284296 0.11869618856630386 -0.07131809431976109
v -0.1998674229264579 0.1187141197387843 -0.07139875795518405
v -0.20007937417843064 0.11874117112948103 -0.07148089938904234
v -0.20028377592783667 0.11877750260937299 -0.07156451012506951
v -0.19801742468782343 0.11582767603028458 -0.06864642081993474
v -0.19793763095128508 0.1148720897889262 -0.06786066207434983
v -0.19777060225717255 0.11377919289046819 -0.06700776105614124
v -0.19752021946462403 0.11255880533989017 -0.06609288705447511
v -0.19719036343277752 0.11122074714217116 -0.06512120935851753
v -0.19678491502077114 0.10977483830229055 -0.06409789725743466
v -0.1963077550877431 0.10823089882522759 -0.06302812004039257
v -0.19576276449283134 0.10659874871596149 -0.06191704699655737
v -0.19515382409517412 0.10488820797947156 -0.06076984741509517
v -0.1944848147539094 0.10310909662073707 -0.05959169058517208
v -0.19375961732817537 0.10127123464473724 -0.05838774579595424
v -0.1929821126771101 0.09938444205645137 -0.05716318233660772
v -0.1921561816598517 0.09745853886085874 -0.055923169496298636
v -0.1912857051355383 0.09550334506293857 -0.05467287656419313
v -0.19037456396330796 0.09352868066767019 -0.053417472829457274
v -0.18942663900229878 0.09154436568003278 -0.05216212758125721
v -0.18844581111164893 0.08956022010500568 -0.05091201010875902
v -0.18743596115049638 0.08758606394756809 -0.0496722897011288
v -0.1864009699779794 0.08563171721269937 -0.04844813564753271
v -0.185344718453236 0.0837069999053787 -0.04724471723713684
v -0.18427107952416513 0.08182171572489925 -0.04606719491370366
v -0.18318224895597382 0.07998221156510509 -0.044918853895426755
v -0.1820766804977688 0.07818712173032387 -0.04379879552458428
v -0.1809523215793532 0.07643403696097396 -0.042705555037622134
v -0.17980711963053056 0.0747205479974739 -0.04163766767098634
v -0.178639022081104 0.0730442455802421 -0.04059366866112285
v -0.1774459763608771 0.07140272044969713 -0.03957209324447769
v -0.17622592989965313 0.06979356334625737 -0.03857147665749683
v -0.1749768301272354 0.0682143650103413 -0.03759035413662619
v -0.17369662447342715 0.06666271618236731 -0.036627260918311796
v -0.17238326036803192 0.06513620760275395 -0.03568073223899963
v -0.17103468524085289 0.06363243001191961 -0.03474930333513562
v -0.1696488465216935 0.06214897415028291 -0.03383150944316583
v -0.16822369164035714 0.060683430758262144 -0.03292588579953619
v -0.16675716802664703 0.059233390576275816 -0.03203096764069267
v -0.16524722311036655 0.05779644434474242 -0.03114529020308127
v -0.16369180432131908 0.05637018280408039 -0.030267388723147954
v -0.16208885908930792 0.05495219669470823 -0.02939579843733869
v -0.16043633484413647 0.05354007675704432 -0.028529054582099502
v -0.15873217901560802 0.05213141373150719 -0.02766569239387633
v -0.1569744034071951 0.05072384098912895 -0.026804275969298578
v -0.1551635223487585 0.049316649166046986 -0.02594449134462636
v -0.1533033010404511 0.04791128174438759 -0.025087481995382747
v -0.15139772194355933 0.04650932608459819 -0.024234488800209928
v -0.1494507675193695 0.04511236954712601 -0.02338675263775006
v -0.14746642022916803 0.04372199949241852 -0.022545514386645298
v -0.14544866253424116 0.042339803280922975 -0.021712014925537818
v -0.14340147689587535 0.04096736827308682 -0.02088749513306976
v -0.1413288457753568 0.039606281829357284 -0.020073195887883314
v -0.13923475163397203 0.038258131310181784 -0.019270358068620628
v -0.13712317693300732 0.03692450407600771 -0.018480222553923866
v -0.13499810413374896 0.035606987487282374 -0.017704030222435208
v -0.13286351569748334 0.03430716890445305 -0.016943021952796792
v -0.13072339408549685 0.033026635687967196 -0.016198438623650804
v -0.1285817217590758 0.03176697519827211 -0.015471521113639395
v -0.12644248117950652 0.030529774795815104 -0.01476351030140471
v -0.1243096548080754 0.029316621841043625 -0.014075647065588965
v -0.12218722510606876 0.028129103694404953 -0.013409172284834275
v -0.12007917453477301 0.02696880771634648 -0.012765326837782826
v -0.11798948555547441 0.0258373212673155 -0.012145351603076764
v -0.11592184282462978 0.024736087772791904 -0.011550411071800704
v -0.11387547495606073 0.02366439696466839 -0.010980526750844443
v -0.11184618029314455 0.022619880657249458 -0.01043484027560133
v -0.10982966894079045 0.021600128017441794 -0.009912470648114343
v -0.1078216510039076 0.020602728212152074 -0.009412536870426407
v -0.10581783658740536 0.01962527040828714 -0.008934157944580485
v -0.10381393579619284 0.018665343772753584 -0.008476452872619517
v -0.1018056587351793 0.017720537472458206 -0.00803854065658648
v -0.09978871550927404 0.01678844067430768 -0.007619540298524321
v -0.09775881622338617 0.015866642545208698 -0.007218570800475974
v -0.095711670982425 0.01495273225206803 -0.006834751164484423
v -0.09364298989129975 0.01404429896179242 -0.0064672003925926
v -0.09154848305491964 0.01313893184128849 -0.006115037486843462
v -0.0894238605781939 0.012234220057463066 -0.0057773814492799724
v -0.08726483256603175 0.011327752777222769 -0.005453351281945074
v -0.08506710912334244 0.010417119167474398 -0.00514206598688173
v -0.08282640035503518 0.009499908395124643 -0.00484264456613288
v -0.08053841636601919 0.008573709627080192 -0.004554206021741489
v -0.07819886726120374 0.007636112030247777 -0.004275869355750514
v -0.075803463145498 0.006684704771534114 -0.004006753570202887
v -0.07334786081804022 0.0057179241340354625 -0.003746075299390462
v -0.07082732311500427 0.004740467118936026 -0.0034937727409444196
v -0.06823693629719754 0.0037598367997978 -0.0032501074993203614
v -0.06557178579252464 0.0027835494863732435 -0.0030153427044777616
v -0.06282695702889021 0.0018191214884147738 -0.0027897414863761114
v -0.059997535434198904 0.000874069115674822 -0.0025735669749748884
v -0.05707860643635535 -4.4091322094166885e-05 -0.002367082300233591
v -0.054065255463264246 -0.0009278435151397479 -0.00217055059211169
v -0.05095256794283022 -0.0017696711537094761 -0.001984234980568683
v -0.04773562930295787 -0.002562057928050948 -0.0018083985955640383
v -0.04440952497155193 -0.003297487528411691 -0.001643304567057257
v -0.04096934037651694 -0.003968443645039274 -0.0014892160250078099
v -0.03741016094575766 -0.0045674099681812935 -0.0013463960993751918
v -0.033727072107178624 -0.005086870188085263 -0.0012151079201188734
v -0.029915159288684597 -0.005519307994998765 -0.0010956146171983636
v -0.02596950791818016 -0.005857207079169355 -0.0009881793205731293
v -0.021885203423569925 -0.006093051130844601 -0.0008930651602026482
v -0.017657331232758623 -0.006219323840272045 -0.0008105352660464187
v -0.013280976773650815 -0.0062285088976992975 -0.0007408527680639251
v -0.00875122547415124 -0.006113089993373885 -0.0006842807962146417
v -0.15562325928056042 0.04548905045693842 -0.028732982476747656
v -0.15571513033347367 0.045172603122022356 -0.027436808874814114
v -0.15583691531297342 0.044889312114469684 -0.02606462700319061
v -0.15598806503400797 0.04463889175024659 -0.024619715108177658
v -0.15616803031152557 0.04442105634531919 -0.023105351436075745
v -0.15637626196047458 0.04423552021565362 -0.021524814233185374
v -0.15661221079580323 0.044081997677216114 -0.019881381745807034
v -0.15687532763245993 0.0439602030459728 -0.018178332220241237
v -0.15716506328539287 0.04386985063788974 -0.016418943902788457
v -0.15748086856955051 0.04381065476893324 -0.014606495039749218
v -0.15782219429988106 0.04378232975506939 -0.01274426387742401
v -0.1581884912913328 0.04378458991226432 -0.010835528662113302
v -0.15857921035885408 0.04381714955648423 -0.008883567640117652
v -0.15899380231739324 0.043879723003695234 -0.00689165905773749
v -0.15943171798189854 0.04397202456986356 -0.004863081161273371
v -0.15989240816731828 0.04409376857095533 -0.0028011121970257687
v -0.16037532368860083 0.04424466932293668 -0.000709030411295164
v -0.1608799153606944 0.04442444114177378 0.0014098859496179152
v -0.16140563399854738 0.0446327983434328 0.00355235863941299
v -0.161951930417108 0.04486945524387985 0.005715109411789553
v -0.16251825543132464 0.04513412615908115 0.007894860020447123
v -0.16310405985614562 0.04542652540500276 0.010088332219085188
v -0.16370879450651918 0.04574636729761099 0.012292247761403245
v -0.16433191019739357 0.046093366152871865 0.01450332840110081
v -0.1649728577437173 0.04646723628675163 0.016718295891877382
v -0.16563108796043852 0.04686769201521633 0.018933871987432457
v -0.16630605166250556 0.04729444765423228 0.021146778441465543
v -0.16699719966486676 0.0477472175197655 0.02335373700767613
v -0.16770398278247037 0.04822571592778223 0.02555146943976374
v -0.16842585183026476 0.04872965719424856 0.02773669749142787
v -0.16916225762319817 0.04925875563513067 0.029906142916368013
v -0.169912650976219 0.04981272556639478 0.03205652746828368
v -0.1706764827042755 0.050391281304006955 0.034184572900874365
v -0.17145320362231595 0.0509941371639334 0.036287000967839565
v -0.17224235230224497 0.05162109917395037 0.03836123448014113
v -0.1730438183437921 0.05227234020907463 0.040407500477790126
v -0.17385757910364308 0.052948124856133025 0.04242672705806
v -0.17468361193848375 0.05364871770195233 0.04441984231822414
v -0.175521894205 0.05437438333335946 0.046387774355555966
v -0.17637240325987752 0.05512538633718127 0.04833145126732892
v -0.17723511645980225 0.055901991300244605 0.0502518011508164
v -0.17811001116145986 0.05670446280937623 0.05214975210329183
v -0.17899706472153618 0.05753306545140312 0.054026232222028625
v -0.17989625449671706 0.05838806381315202 0.05588216960430019
v -0.18080755784368835 0.059269722481449835 0.057718492347379954
v -0.18173095211913579 0.06017830604312342 0.059536128548541345
v -0.18266641467974515 0.06111407908499962 0.061336006305057755
v -0.18361392288220232 0.06207730619390524 0.06311905371420264
v -0.18457345408319306 0.06306825195666714 0.06488619887324935
v -0.18554498563940322 0.06408718096011225 0.06663836987947139
v -0.18652849490751852 0.06513435779106726 0.0683764948301421
v -0.18752395924422482 0.06621004703635917 0.07010150182253493
v -0.18853135600620796 0.06731451328281472 0.0718143189539233
v -0.18955066255015368 0.06844802111726082 0.0735158743215806
v -0.1905818562327479 0.06961083512652437 0.07520709602278029
v -0.19162491441067625 0.07080321989743212 0.07688891215479576
v -0.19267981444062462 0.07202544001681087 0.07856225081490044
v -0.19374653367927896 0.07327776007148763 0.08022804010036776
v -0.19482504948332485 0.07456044464828916 0.08188720810847108
v -0.19591533920944823 0.07587375833404232 0.08354068293648385
v -0.19701738021433485 0.07721796571557392 0.08518939268167952
v -0.19813114985467054 0.07859333137971082 0.08683426544133144
v -0.19925662548714113 0.08000011991327997 0.08847622931271311
v -0.20039378446843237 0.08143859590310808 0.09011621239309787
v -0.20154260415523012 0.08290902393602205 0.09175514277975919
v -0.20270306190422013 0.08441166859884879 0.09339394856997045
v -0.2038751350720882 0.08594679447841504 0.09503355786100508
v -0.20505867429692767 0.08751455805022275 0.09667466167940159
v -0.20625302334246115 0.08911468334447369 0.09831700276875859
v -0.2074573992538188 0.09074678628004483 0.09996008680193989
v -0.20867101907613084 0.09241048277581292 0.1016034194518092
v -0.20989309985452728 0.09410538875065484 0.1032465063912303
v -0.2111228586341384 0.09583112012344754 0.1048888532930669
v -0.21235951246009427 0.09758729281306781 0.10652996583018273
v -0.21360227837752513 0.0993735227383926 0.1081693496754416
v -0.21485037343156094 0.10118942581829861 0.10980651050170717
v -0.21610301466733198 0.10303461797166287 0.11144095398184325
v -0.21735941912996834 0.10490871511736215 0.11307218578871356
v -0.21861880386460023 0.1068113331742734 0.11469971159518184
v -0.21988038591635778 0.10874208806127338 0.11632303707411186
v -0.22114338233037104 0.11070059569723896 0.11794166789836733
v -0.2224070101517702 0.11268647200104707 0.119555109740812
v -0.2236704864256855 0.11469933289157459 0.12116286827430961
v -0.22493302819724692 0.11673879428769825 0.12276444917172392
v -0.22619385251158478 0.11880447210829508 0.12435935810591868
v -0.22745217641382903 0.12089598227224181 0.12594710074975762
v -0.22870721694911 0.12301294069841541 0.12752718277610448
v -0.2299581911625577 0.12515496330569265 0.12909910985782302
v -0.2312043160993024 0.12732166601295042 0.13066238766777696
v -0.2324448088044741 0.12951266473906564 0.1322165218788301
v -0.233678886323203 0.13172757540291513 0.1337610181638461
v -0.2349057657006193 0.1339660139233757 0.13529538219568876
v -0.23612466398185306 0.1362275962193243 0.1368191196472218
v -0.2373347982120345 0.13851193820963786 0.138331736191309
v -0.23853538543629374 0.14081865581319303 0.13983273750081407
v -0.23972564269976085 0.14314736494886687 0.14132162924860076
v -0.24090478704756604 0.14549768153553605 0.1427979171075328
v -0.2420720355248395 0.1478692214920776 0.144261106750474
v -0.2432266051767113 0.15026160073736844 0.14571070385028803
v -0.24436771304831156 0.15267443519028517 0.14714621407983863
v 0.26507837345114843 -0.08502124546498921 0.06842958635728731
v 0.2654068306488898 -0.0850212756752558 0.06657845089642535
v 0.2657196938397517 -0.08502129938786372 0.06438226073399568
v 0.2660129635592212 -0.0850213172481696 0.06187184098281723
v 0.26628264034278554 -0.08502132990153 0.05907801675570887
v 0.26652472472593225 -0.08502133799330153 0.05603161316548955
v 0.2667352172441483 -0.08502134216884079 0.05276345532497813
v 0.2669101184329211 -0.08502134307350438 0.049304368346993546
v 0.26704542882773785 -0.0850213413526489 0.04568517734435469
v 0.26713714896408586 -0.08502133765163092 0.041936707429880496
v 0.26718127937745234 -0.08502133261580708 0.03808978371638984
v 0.2671738206033247 -0.08502132689053395 0.034175231316701644
v 0.26711077317719006 -0.08502132112116813 0.030223875343634795
v 0.2669881376345357 -0.08502131595306622 0.02626654091000822
v 0.2668019145108489 -0.08502131203158482 0.022334053128640823
v 0.2665487159615991 -0.08502130990784161 0.01845399631636021
v 0.2662289286303853 -0.085021309551378 0.014633954877695936
v 0.2658443776003943 -0.08502131071009945 0.010873891345123964
v 0.26539689078638645 -0.08502131313147511 0.007173753247435095
v 0.26488829610312253 -0.08502131656297415 0.0035334881134201773
v 0.26432042146536316 -0.08502132075206571 -4.695652813001272e-05
v 0.26369509478786884 -0.08502132544621896 -0.003567633148424631
v 0.26301414398540024 -0.08502133039290305 -0.007028594218672857
v 0.26227939697271785 -0.08502133533958713 -0.010429892210083887
v 0.2614926816645824 -0.08502134003374037 -0.01377157959386691
v 0.2606558259757545 -0.08502134422283193 -0.017053708841231096
v 0.2597706578209946 -0.08502134765433096 -0.02027633242338563
v 0.2588390051150634 -0.08502135007570663 -0.02343950281153968
v 0.2578626957727214 -0.08502135123442808 -0.026543272476902465
v 0.2568435399601277 -0.08502135090352841 -0.029587824467262897
v 0.25578317348117824 -0.0850213491071809 -0.03257462461472947
v 0.25468313317356644 -0.08502134601210334 -0.035505866846419404
v 0.2535449547390749 -0.08502134178664963 -0.03838375344635099
v 0.25237017387948646 -0.08502133659917367 -0.041210486698542576
v 0.2511603262965838 -0.08502133061802934 -0.04398826888701246
v 0.24991694769214978 -0.08502132401157055 -0.04671930229577902
v 0.24864157376796694 -0.08502131694815117 -0.04940578920886049
v 0.24733574022581817 -0.08502130959612512 -0.05204993191027525
v 0.24600098276748614 -0.0850213021238463 -0.05465393268404156
v 0.24463883709475368 -0.08502129469966858 -0.05721999381417782
v 0.24325083890940333 -0.08502128749194587 -0.059750317584702284
v 0.241838523913218 -0.08502128066903207 -0.062247106279633285
v 0.2404034278079805 -0.08502127439928106 -0.06471256218298917
v 0.23894699888615725 -0.08502126884406609 -0.06714878227641224
v 0.2374692172368588 -0.08502126404750711 -0.06955609479069827
v 0.2359688446818525 -0.0850212599564311 -0.07193336030477786
v 0.23444460616710064 -0.08502125651472013 -0.07427939497314161
v 0.23289522663856527 -0.08502125366625621 -0.07659301495028023
v 0.23131943104220862 -0.08502125135492139 -0.07887303639068441
v 0.2297159443239929 -0.08502124952459769 -0.08111827544884481
v 0.2280834914298801 -0.08502124811916716 -0.08332754827925207
v 0.22642079730583262 -0.08502124708251182 -0.08549967103639688
v 0.22472658689781247 -0.08502124635851373 -0.08763345987476992
v 0.22299958515178206 -0.08502124589105489 -0.08972773094886188
v 0.22123851701370328 -0.08502124562401737 -0.0917813004131634
v 0.21944210742953849 -0.08502124550128318 -0.0937929844221652
v 0.21760908134524978 -0.08502124546673437 -0.09576159913035791
v 0.2157381498878404 -0.0850212454649892 -0.09768600671367385
v 0.21382756764685698 -0.08502124546498921 -0.0995665897601159
v 0.21187503901255658 -0.0850212454649892 -0.101405563192862
v 0.2098782356191458 -0.08502124546498921 -0.10320525102295154
v 0.207834829100831 -0.08502124546498921 -0.10496797726142394
v 0.20574249109181886 -0.0850212454649892 -0.10669606591931864
v 0.20359889322631572 -0.08502124546498921 -0.108391841007675
v 0.20140170713852812 -0.08502124546498921 -0.11005762653753255
v 0.1991486044626626 -0.08502124546498921 -0.11169574651993065
v 0.19683725683292558 -0.08502124546498921 -0.11330852496590875
v 0.19446533588352363 -0.08502124546498921 -0.11489828588650626
v 0.19203051324866321 -0.08502124546498921 -0.1164673532927626
v 0.18953046056255077 -0.08502124546498921 -0.11801805119571716
v 0.18696284945939284 -0.0850212454649892 -0.11955270360640945
v 0.18432534095359082 -0.08502124546498921 -0.12107361826046044
v 0.18161467080902288 -0.08502124546498921 -0.1225816848976654
v 0.17882594464947812 -0.08502124546498921 -0.12407529498109911
v 0.17595410216429014 -0.08502124546498921 -0.1255525856704243
v 0.1729940830427925 -0.0850212454649892 -0.12701169412530364
v 0.16994082697431878 -0.0850212454649892 -0.12845075750539983
v 0.16678927364820262 -0.08502124546498921 -0.12986791297037564
v 0.1635343627537776 -0.0850212454649892 -0.13126129767989372
v 0.16017103398037727 -0.0850212454649892 -0.13262904879361687
v 0.15669422701733532 -0.08502124546498921 -0.13396930347120767
v 0.15309888155398532 -0.0850212454649892 -0.13528019887232895
v 0.1493799372796609 -0.08502124546498921 -0.13655987215664334
v 0.14553233388369563 -0.08502124546498921 -0.13780646048381356
v 0.1415510110554231 -0.0850212454649892 -0.13901810101350237
v 0.13743088981701965 -0.08502124546498921 -0.14019292904161468
v 0.13315740827474495 -0.08502124546498921 -0.14132813307510014
v 0.12869112121415646 -0.0850212454649892 -0.14241841723177998
v 0.1239885513148313 -0.08502124546498921 -0.14345808305779364
v 0.11900622125634655 -0.0850212454649892 -0.1444414320992806
v 0.11370065371827949 -0.08502124546498921 -0.14536276590238018
v 0.1080283713802071 -0.0850212454649892 -0.14621638601323192
v 0.1019458969217067 -0.08502124546498921 -0.14699659397797524
v 0.09540975302235526 -0.08502124546498921 -0.14769769134274952
v 0.08837646236173007 -0.08502124546498921 -0.14831397965369425
v 0.08080254761940822 -0.0850212454649892 -0.14883976045694886
v 0.07264453147496676 -0.08502124546498921 -0.1492693352986528
v 0.063858936607983 -0.08502124546498921 -0.14959700572494547
v 0.0544022856980339 -0.0850212454649892 -0.14981707328196636
v 0.04423110142469679 -0.08502124546498921 -0.14992383951585486
v 0.24150775159547133 -0.038573133053535276 0.021433871429623712
v 0.2409467760010716 -0.03827325416317331 0.019415314453205625
v 0.24036038149040392 -0.03797417200762908 0.01740261254398582
v 0.2397486670220644 -0.03767590636769016 0.015395897756425626
v 0.23911173155464924 -0.03737847702414402 0.013395302144986373
v 0.2384496740467546 -0.037081903757778215 0.011400957764129393
v 0.2377625934569766 -0.036786206349380256 0.009412996668316012
v 0.23705058874391155 -0.03649140457973763 0.007431550912007555
v 0.23631375886615544 -0.0361975182296379 0.005456752549665357
v 0.23555220278230452 -0.03590456707986856 0.0034887336357507515
v 0.23476601945095493 -0.03561257091121715 0.0015276262247250587
v 0.23395530783070284 -0.035321549504471125 -0.0004264376289503796
v 0.23312016688014442 -0.03503152264041809 -0.002373325870814246
v 0.2322606955578758 -0.0347425100998455 -0.004312906446405224
v 0.2313769928224932 -0.034454531663540885 -0.006245047301261939
v 0.23046915763259268 -0.03416760711229179 -0.0081696163809231
v 0.22953728894677045 -0.03388175622688572 -0.010086481630927364
v 0.22858148572362272 -0.03359699878811016 -0.011995510996813414
v 0.2276018469217456 -0.033313354576752705 -0.013896572424119905
v 0.22659847149973525 -0.03303084337360081 -0.015789533858385506
v 0.2255714584161879 -0.03274948495944199 -0.017674263245148893
v 0.2245209066296996 -0.0324692991150638 -0.01955062852994875
v 0.2234469150988666 -0.03219030562125373 -0.021418497658323727
v 0.22234958278228512 -0.03191252425879931 -0.02327773857581251
v 0.22122900863855113 -0.03163597480848805 -0.025128219227953778
v 0.22008529162626092 -0.0313606770511075 -0.026969807560286174
v 0.2189185307040107 -0.03108665076744513 -0.028802371518348368
v 0.21772882483039654 -0.03081391573828847 -0.03062577904767905
v 0.21651627296401463 -0.030542491744425068 -0.032439898093816893
v 0.21528097406346106 -0.03027239856664242 -0.034244596602300545
v 0.214023027087332 -0.03000365598572806 -0.03603974251866869
v 0.21274253099422386 -0.02973628378246948 -0.03782520378846001
v 0.21143958474273247 -0.02947030173765422 -0.03960084835721317
v 0.21011428729145415 -0.0292057296320698 -0.0413665441704668
v 0.20876673759898512 -0.028942587246503712 -0.04312215917375964
v 0.20739703462392142 -0.02868089436174351 -0.044867561312630325
v 0.2060052773248593 -0.028420670758576655 -0.04660261853261753
v 0.2045915646603948 -0.028161936217790742 -0.048327198779259894
v 0.20315599558912426 -0.02790471052017325 -0.05004116999809613
v 0.20169866906964365 -0.027649013446511675 -0.051744400134664886
v 0.2002196840605493 -0.027394864777593564 -0.05343675713450487
v 0.19871913952043724 -0.027142284294206453 -0.05511810894315469
v 0.19719713440790368 -0.026891291777137824 -0.05678832350615305
v 0.19565376768154485 -0.026641907007175183 -0.058447268769038635
v 0.19408913829995683 -0.026394149765106095 -0.06009481267735009
v 0.19250334522173582 -0.026148039831718067 -0.06173082317662611
v 0.19089648740547796 -0.025903596987798594 -0.06335516821240533
v 0.1892686638097794 -0.025660841014135183 -0.06496771573022646
v 0.18761997339323636 -0.025419791691515425 -0.06656833367562814
v 0.1859505151144449 -0.025180468800726774 -0.06815688999414908
v 0.1842603879320013 -0.02494289212255675 -0.06973325263132789
v 0.18254969080450167 -0.02470708143779289 -0.07129728953270328
v 0.18081852269054213 -0.024473056527222717 -0.07284886864381396
v 0.1790669825487189 -0.024240837171633722 -0.07438785791019852
v 0.17729516933762815 -0.024010443151813457 -0.07591412527739565
v 0.17550318201586596 -0.023781894248549415 -0.07742753869094406
v 0.17369111954202857 -0.023555210242629132 -0.07892796609638238
v 0.17185908087471213 -0.023330410914840102 -0.0804152754392493
v 0.1700071649725128 -0.023107516045969875 -0.08188933466508347
v 0.16813547079402671 -0.02288654541680593 -0.08335001171942359
v 0.16624409729785003 -0.022667518808135834 -0.08479717454780838
v 0.164333143442579 -0.022450456000747063 -0.0862306910957764
v 0.16240270818680963 -0.022235376775427154 -0.08765042930886635
v 0.16045289048913822 -0.02202230091296363 -0.08905625713261692
v 0.15848378930816082 -0.02181124819414401 -0.09044804251256683
v 0.15649550360247372 -0.02160223839975578 -0.09182565339425466
v 0.15448813233067302 -0.021395291310586484 -0.09318895772321914
v 0.15246177445135484 -0.02119042670742366 -0.09453782344499892
v 0.15041652892311538 -0.020987664371054787 -0.09587211850513265
v 0.14835249470455078 -0.020787024082267402 -0.09719171084915905
v 0.1462697707542573 -0.020588525621849027 -0.09849646842261676
v 0.14416845603083095 -0.020392188770587183 -0.09978625917104443
v 0.14204864949286794 -0.020198033309269364 -0.10106095103998079
v 0.13991045009896458 -0.02000607901868312 -0.10232041197496446
v 0.13775395680771677 -0.01981634567961596 -0.10356450992153414
v 0.13557926857772087 -0.019628853072855376 -0.10479311282522848
v 0.133386484367573 -0.01944362097918892 -0.1060060886315861
v 0.1311757031358693 -0.01926066917940407 -0.10720330528614581
v 0.12894702384120593 -0.019080017454288403 -0.10838463073444617
v 0.126700545442179 -0.018901685584629402 -0.10954993292202587
v 0.12443636689738483 -0.018725693351214573 -0.1106990797944236
v 0.1221545871654194 -0.018552060534831466 -0.11183193929717804
v 0.119855305204879 -0.018380806916267575 -0.11294837937582779
v 0.11753861997435973 -0.018211952276310436 -0.1140482679759116
v 0.11520463043245777 -0.018045516395747543 -0.11513147304296813
v 0.11285343553776928 -0.017881519055366432 -0.11619786252253599
v 0.11048513424889041 -0.017719980035954624 -0.11724730436015392
v 0.10809982552441734 -0.017560919118299614 -0.11827966650136056
v 0.10569760832294624 -0.01740435608318895 -0.11929481689169456
v 0.10327858160307322 -0.017250310711410158 -0.12029262347669463
v 0.1008428443233945 -0.0170988027837507 -0.12127295420189944
v 0.0983904954425062 -0.016949852080998154 -0.12223567701284767
v 0.09592163391900456 -0.01680347838394 -0.12318065985507788
v 0.09343635871148562 -0.016659701473363778 -0.12410777067412891
v 0.09093476877854563 -0.016518541130057005 -0.12501687741553932
v 0.08841696307878073 -0.016380017134807176 -0.1259078480248478
v 0.08588304057078706 -0.016244149268401828 -0.12678055044759304
v 0.08333310021316083 -0.016110957311628496 -0.12763485262931365
v 0.08076724096449815 -0.01598046104527466 -0.12847062251554842
v 0.07818556178339522 -0.01585268025012787 -0.1292877280518359
v 0.14666683293106672 -0.08502123673374636 0.390643215842739
v 0.15402390362283735 -0.08502123673118096 0.38786595442993443
v 0.16098166789148025 -0.08502123671322322 0.3850698945533391
v 0.16755480933688705 -0.08502123666448076 0.3822569028052363
v 0.17375801155894918 -0.08502123656956123 0.37942884577790875
v 0.17960595815755817 -0.08502123641307227 0.3765875900636395
v 0.18511333273260558 -0.08502123617962154 0.37373500225471157
v 0.19029481888398284 -0.08502123585381667 0.37087294894340794
v 0.19516510021158157 -0.08502123542026531 0.36800329672201165
v 0.19973886031529337 -0.08502123486357509 0.36512791218280566
v 0.20403078279500952 -0.08502123416835368 0.3622486619180729
v 0.20805555125062175 -0.08502123331920869 0.3593674125200965
v 0.21182784928202145 -0.0850212323007478 0.3564860305811593
v 0.2153623604891002 -0.08502123109757863 0.35360638269354433
v 0.21867376847174957 -0.08502122969430884 0.3507303354495347
v 0.22177675682986098 -0.08502122807554605 0.34785975544141323
v 0.224686009163326 -0.08502122622589792 0.3449965092614629
v 0.2274162090720362 -0.0850212241299721 0.342142463501967
v 0.22998204015588306 -0.08502122177237623 0.3392994847552082
v 0.23239818601475803 -0.08502121913771793 0.33646943961346965
v 0.23467933024855275 -0.08502121621060488 0.3336541946690343
v 0.23684015645715864 -0.0850212129756447 0.33085561651418505
v 0.2388953482404673 -0.08502120941744505 0.328075571741205
v 0.2408595891983702 -0.08502120552061357 0.32531592694237715
v 0.24274756293075894 -0.08502120126975787 0.3225785487099844
v 0.24457391819081875 -0.085021196649646 0.31986529567043187
v 0.24634908728029276 -0.08502119166444666 0.3171770625788802
v 0.24807531352498147 -0.08502118635600785 0.3145128722091483
v 0.2497538993896202 -0.08502118077050662 0.31187153225634795
v 0.25138614733894404 -0.08502117495412005 0.3092518504155905
v 0.252973359837688 -0.08502116895302521 0.3066526343819876
v 0.2545168393505873 -0.08502116281339916 0.30407269185065083
v 0.256017888342377 -0.08502115658141898 0.30151083051669175
v 0.2574778092777923 -0.08502115030326174 0.29896585807522186
v 0.25889790462156825 -0.0850211440251045 0.2964365822213529
v 0.26027947683844005 -0.08502113779312431 0.2939218106501963
v 0.2616238283931427 -0.08502113165349827 0.29142035105686354
v 0.26293226175041134 -0.08502112565240343 0.28893101113646635
v 0.26420607937498114 -0.08502111983601686 0.28645259858411615
v 0.2654465837315872 -0.08502111425051564 0.2839839210949247
v 0.2666550772849647 -0.08502110894207682 0.2815237863640035
v 0.2678328624998486 -0.08502110395687748 0.27907100208646396
v 0.26898124184097416 -0.0850210993410947 0.2766243759574178
v 0.2701015177730765 -0.08502109514090553 0.27418271567197655
v 0.27119499276089054 -0.08502109140248704 0.2717448289252517
v 0.2722629692691517 -0.0850210881720163 0.26930952341235503
v 0.2733067497625949 -0.08502108549567038 0.26687560682839784
v 0.2743276367059552 -0.08502108341962634 0.2644418868684919
v 0.2753269325639679 -0.08502108199006127 0.26200717122774864
v 0.27630593980136814 -0.08502108125315222 0.25957026760127966
v 0.27726592204666745 -0.08502108125315222 0.2571299442335617
v 0.2782072496952409 -0.08502108199006127 0.2546840620044689
v 0.27912939990932645 -0.08502108341962634 0.2522295744292729
v 0.2800318110149387 -0.08502108549567038 0.24976339557261049
v 0.2809139213380922 -0.0850210881720163 0.24728243949911835
v 0.2817751692048017 -0.08502109140248704 0.24478362027343348
v 0.2826149929410818 -0.08502109514090553 0.24226385196019243
v 0.2834328308729472 -0.0850210993410947 0.239720048624032
v 0.28422812132641245 -0.08502110395687748 0.23714912432958904
v 0.285000302627492 -0.08502110894207682 0.2345479931415002
v 0.28574881310220085 -0.08502111425051563 0.23191356912440242
v 0.28647309107655344 -0.08502111983601686 0.22924276634293236
v 0.2871725748765645 -0.08502112565240343 0.22653249886172688
v 0.2878467028282485 -0.08502113165349827 0.2237796807454226
v 0.28849491325762017 -0.08502113779312431 0.22098122605865642
v 0.2891166444906942 -0.0850211440251045 0.21813404886606513
v 0.28971133485348505 -0.08502115030326174 0.2152350632322854
v 0.2902784226720076 -0.08502115658141898 0.212281183221954
v 0.29081734627227623 -0.08502116281339916 0.20926932289970784
v 0.29132754398030575 -0.08502116895302521 0.2061963963301835
v 0.29180845412211076 -0.08502117495412005 0.2030593175780179
v 0.29225951502370573 -0.08502118077050662 0.1998550007078478
v 0.2926801650111056 -0.08502118635600785 0.19658035978430985
v 0.2930698424103247 -0.08502119166444666 0.19323230887204093
v 0.2934279855473779 -0.085021196649646 0.18980776203567779
v 0.2937536388504655 -0.08502120126975787 0.1863035417742058
v 0.2940424183779235 -0.08502120552061355 0.18271567362631055
v 0.2942881749423278 -0.08502120941744505 0.17903977278090638
v 0.29448474476744674 -0.0850212129756447 0.17527145103558744
v 0.2946259640770483 -0.08502121621060488 0.1714063201879475
v 0.2947056690949005 -0.08502121913771793 0.16743999203558066
v 0.2947176960447713 -0.08502122177237623 0.1633680783760807
v 0.2946558811504291 -0.0850212241299721 0.15918619100704173
v 0.2945140606356417 -0.08502122622589792 0.1548899417260577
v 0.29428607072417734 -0.08502122807554605 0.15047494233072245
v 0.2939657476398041 -0.08502122969430884 0.14593680461863
v 0.29354692760628986 -0.08502123109757863 0.1412711403873743
v 0.293023446847403 -0.0850212323007478 0.13647356143454936
v 0.2923891415869113 -0.08502123331920869 0.13153967955774912
v 0.29163784804858306 -0.08502123416835368 0.1264651065545674
v 0.2907634024561862 -0.0850212348635751 0.12124545422259835
v 0.289759641033489 -0.08502123542026531 0.11587633435943577
v 0.28862040000425937 -0.08502123585381667 0.11035335876267373
v 0.2873395155922654 -0.08502123617962154 0.10467213922990606
v 0.28591082402127527 -0.08502123641307227 0.09882828755872686
v 0.28432816151505697 -0.08502123656956123 0.09281741554673002
v 0.28258536429737857 -0.08502123666448076 0.08663513499150942
v 0.2806762685920082 -0.08502123671322322 0.08027705769065915
v 0.278594710622714 -0.08502123673118096 0.07373879544177303
v 0.2763345266132639 -0.08502123673374636 0.06701596004244517
v -0.12357361638358473 0.1354119743575236 0.23827183969337148
v -0.12222459445265198 0.1330473497103657 0.23604901020012212
v -0.12091692933520654 0.13073160765241593 0.23386686232712012
v -0.11964977450820555 0.12846405803707467 0.23172452441717573
v -0.11842228344860631 0.12624401071774216 0.22962112481309938
v -0.117233609633366 0.12407077554781852 0.22755579185770136
v -0.11608290653944182 0.12194366238070393 0.225527653893792
v -0.11496932764379098 0.1198619810697988 0.22353583926418166
v -0.1138920264233707 0.11782504146850316 0.2215794763116806
v -0.1128501563551382 0.11583215343021729 0.21965769337909918
v -0.11184287091605062 0.11388262680834142 0.2177696188092477
v -0.11086932358306525 0.11197577145627576 0.21591438094493656
v -0.10992866783313932 0.11011089722742055 0.21409110812897603
v -0.10902005714322995 0.10828731397517598 0.21229892870417646
v -0.10814264499029438 0.10650433155294224 0.2105369710133482
v -0.10729558485128984 0.10476125981411964 0.20880436339930153
v -0.10647803020317355 0.10305740861210828 0.20710023420484677
v -0.1056891345229027 0.10139208780030846 0.20542371177279434
v -0.10492805128743452 0.09976460723212043 0.20377392444595446
v -0.10419393397372619 0.09817427676094435 0.20215000056713758
v -0.1034859360587349 0.09662040624018038 0.20055106847915385
v -0.10280321101941794 0.09510230552322883 0.19897625652481377
v -0.10214491233273244 0.0936192844634899 0.19742469304692756
v -0.1015101934756357 0.09217065291436381 0.19589550638830563
v -0.10089820792508483 0.09075572072925077 0.19438782489175827
v -0.10030810915803709 0.08937379776155095 0.19290077690009577
v -0.09973905065144967 0.0880241938646646 0.19143349075612848
v -0.09919018588227982 0.08670621889199202 0.18998509480266682
v -0.09866066832748473 0.08541918269693331 0.18855471738252103
v -0.09814965146402158 0.08416239513288877 0.18714148683850143
v -0.0976562887688476 0.08293516605325853 0.18574453151341833
v -0.09717973371892002 0.08173680531144291 0.18436297975008212
v -0.09671913979119603 0.08056662276084205 0.1829959598913031
v -0.09627366046263289 0.07942392825485624 0.18164260027989165
v -0.0958424492101877 0.07830803164688561 0.18030202925865801
v -0.09542465951081776 0.07721824279033045 0.17897337517041256
v -0.09501944484148027 0.07615387153859095 0.17765576635796562
v -0.09462595867913239 0.07511422774506728 0.17634833116412751
v -0.09424335450073139 0.07409862126315979 0.17505019793170856
v -0.09387078578323445 0.07310636194626853 0.17376049500351914
v -0.09350740600359876 0.07213675964779383 0.17247835072236947
v -0.09315236863878158 0.07118912422113592 0.17120289343107004
v -0.09280482716574012 0.07026276551969497 0.16993325147243105
v -0.09246393506143151 0.06935699339687117 0.16866855318926285
v -0.09212884580281305 0.0684711177060648 0.16740792692437578
v -0.09179871286684192 0.06760444830067606 0.1661505010205802
v -0.09147268973047532 0.06675629503410517 0.16489540382068643
v -0.09114992987067044 0.0659259677597523 0.16364176366750474
v -0.09082958676438453 0.06511277633101774 0.1623887089038455
v -0.09051081388857482 0.06431603060130171 0.16113536787251906
v -0.09019278112286117 0.0635350334572878 0.1598808636295686
v -0.0898750356081062 0.06276892755118042 0.15862419763539315
v -0.08955750174641515 0.062016695300704236 0.1573642497547477
v -0.08924012034255596 0.06127731215686753 0.15609989456562007
v -0.08892283220129657 0.06054975357067861 0.15483000664599805
v -0.08860557812740494 0.05983299499314566 0.15355346057386943
v -0.08828829892564903 0.05912601187527709 0.15226913092722213
v -0.08797093540079677 0.05842777966808098 0.15097589228404382
v -0.08765342835761615 0.05773727382256573 0.14967261922232236
v -0.08733571860087509 0.05705346978973956 0.14835818632004563
v -0.08701774693534153 0.056375343020610744 0.14703146815520135
v -0.08669945416578348 0.05570186896618755 0.14569133930577743
v -0.08638078109696881 0.05503202307747822 0.14433667434976158
v -0.08606166853366552 0.05436478080549105 0.14296634786514167
v -0.08574205728064153 0.05369911760123429 0.14157923442990547
v -0.08542188814266487 0.05303400891571623 0.1401742086220409
v -0.0851011019245034 0.052368430199945096 0.13875014501953573
v -0.08477963943092513 0.05170135690492923 0.13730591820037769
v -0.08445744146669798 0.051031764481676775 0.1358404027425546
v -0.0841344488365899 0.050358628381196105 0.13435247322405441
v -0.08381060234536886 0.049680924054495465 0.13284100422286477
v -0.08348584279780279 0.04899762695258307 0.1313048703169736
v -0.08316011099865965 0.04830771252646725 0.1297429460843687
v -0.08283334775270743 0.04761015622715624 0.12815410610303785
v -0.08250549386471401 0.04690393350565826 0.12653722495096886
v -0.08217649013944739 0.04618801981298169 0.12489117720614958
v -0.08184627738167552 0.045461390600134696 0.12321483744656779
v -0.08151479639616632 0.04472302131812557 0.1215070802502113
v -0.08118198798768778 0.04397188741796261 0.11976678019506797
v -0.0808477929610078 0.04320696435065406 0.11799281185912555
v -0.08051215212089438 0.04242722756720814 0.11618404982037189
v -0.08017500627211548 0.04163165251863328 0.11433936865679481
v -0.07983629621943901 0.04081921465593753 0.11245764294638211
v -0.07949596276763295 0.03998888943012928 0.1105377472671216
v -0.07915394672146521 0.03913965229221676 0.10857855619700107
v -0.07881018888570379 0.03827047869320828 0.1065789443140084
v -0.07846463006511664 0.03738034408411205 0.10453778619613134
v -0.07811721106447167 0.03646822391593636 0.10245395642135774
v -0.07776787268853685 0.0355330936396895 0.1003263295676754
v -0.07741655574208015 0.034573928706379695 0.0981537802130721
v -0.07706320102986951 0.033589704567015224 0.09593518293553571
v -0.07670774935667286 0.03257939667260436 0.093669412313054
v -0.07635014152725818 0.031541980474155365 0.0913553429236148
v -0.07599031834639343 0.030476431422676517 0.08899184934520595
v -0.07562822061884651 0.029381724969176057 0.08657780615581522
v -0.07526378914938542 0.028256836564662283 0.08411208793343043
v -0.07489696474277811 0.027100741660143438 0.0815935692560394
v -0.0745276882037925 0.02591241570662782 0.07902112470162996
v -0.07415590033719656 0.02469083415512363 0.07639362884818988
v -0.07378154194775824 0.02343497245663921 0.07370995627370704
v -0.05509212933609082 0.14576317706232922 0.22435473391508878
v -0.05380936117560196 0.1434740323526384 0.2220166584518713
v -0.05256705295755342 0.14122861129427056 0.21972555226174184
v -0.051364461681234014 0.13902631414731553 0.2174803950773751
v -0.050200844345932506 0.13686654117186298 0.21528016663144603
v -0.04907545795093771 0.13474869262800276 0.21312384665662948
v -0.04798755949553841 0.13267216877582438 0.21101041488560024
v -0.046936405979023404 0.13063636987541777 0.2089388510510331
v -0.04592125440068149 0.12864069618687246 0.20690813488560306
v -0.04494136175980143 0.12668454797027817 0.2049172461219847
v -0.043995985055672066 0.12476732548572463 0.20296516449285307
v -0.04308438128758216 0.12288842899330159 0.20105086973088288
v -0.04220580745482052 0.12104725875309875 0.19917334156874908
v -0.04135952055667592 0.11924321502520581 0.19733155973912644
v -0.040544777592437166 0.11747569806971249 0.1955245039746898
v -0.03976083556139306 0.1157441081467085 0.193751154008114
v -0.03900695146283237 0.11404784551628351 0.19201048957207378
v -0.038282382296043915 0.11238631043852727 0.19030149039924416
v -0.03758638506031648 0.11075890317352953 0.18862313622229984
v -0.03691821675493886 0.10916502398137988 0.18697440677391575
v -0.03627713437919985 0.10760407312216812 0.18535428178676658
v -0.03566239493238823 0.10607545085598392 0.1837617409935273
v -0.03507325541379281 0.1045785574429171 0.18219576412687272
v -0.03450897282270236 0.10311279314305723 0.18065533091947766
v -0.03396880415840571 0.10167755821649406 0.17913942110401693
v -0.033452006420191624 0.10027225292331728 0.1776470144131654
v -0.032957836607348905 0.09889627752361661 0.17617709057959788
v -0.03248555171916634 0.09754903227748184 0.17472862933598926
v -0.032034408754932735 0.09622991744500266 0.17330061041501427
v -0.03160366471393688 0.09493833328626865 0.17189201354934786
v -0.03119257659546756 0.0936736800613696 0.17050181847166482
v -0.03080040139881357 0.09243535803039528 0.16912900491463995
v -0.03042639612326371 0.09122276745343537 0.16777255261094814
v -0.03006981776810677 0.0900353085905795 0.1664314412932642
v -0.029729923332631546 0.08887238170191746 0.16510465069426294
v -0.029405969816126826 0.08773338704753895 0.16379116054661927
v -0.02909721421788141 0.08661772488753365 0.16248995058300794
v -0.02880291353718408 0.08552479548199128 0.16120000053610387
v -0.02852232477332365 0.08445399909100161 0.1599202901385818
v -0.028254704925588896 0.08340473597465424 0.15864979912311664
v -0.027999310993268606 0.0823764063930389 0.15738750722238318
v -0.027755399975651587 0.08136841060624543 0.1561323941690563
v -0.027522228872026634 0.08038014887436341 0.1548834396958108
v -0.02729905468168254 0.07941102145748259 0.1536396235353215
v -0.02708513440390808 0.07846042861569268 0.15239992542026332
v -0.026879725037992075 0.07752777060908338 0.151163325083311
v -0.026682083583223295 0.0766124476977444 0.14992880225713945
v -0.026491467038890545 0.07571386014176544 0.14869533667442345
v -0.026307132404282615 0.07483140820123622 0.14746190806783782
v -0.026128336678688305 0.07396449213624652 0.14622749617005748
v -0.0259543518642922 0.07311250123245015 0.1449910806191387
v -0.025784795029882256 0.07227457236347827 0.14375163887691264
v -0.025619628310849796 0.07144958999093885 0.1425081462289851
v -0.02545882884548195 0.07063642760200452 0.14125957786634363
v -0.02530237377206583 0.06983395868384741 0.1400049089799755
v -0.025150240228888558 0.06904105672364004 0.13874311476086812
v -0.025002405354237263 0.06825659520855477 0.1374731704000089
v -0.024858846286399047 0.06747944762576387 0.13619405108838523
v -0.02471954016366105 0.06670848746243983 0.13490473201698447
v -0.024584464124310385 0.06594258820575498 0.1336041883767941
v -0.024453595306634174 0.06518062334288162 0.1322913953588014
v -0.02432691084891955 0.06442146636099226 0.1309653281539939
v -0.02420438788945361 0.06366399074725919 0.12962496195335885
v -0.024086003566523493 0.0629070699888548 0.12826927194788373
v -0.02397173501841631 0.062149577572951406 0.1268972333285559
v -0.023861559383419197 0.06139038698672149 0.12550782128636281
v -0.023755453799819255 0.060628371717337357 0.1241000110122918
v -0.023653395405903617 0.059862405251971354 0.12267277769733025
v -0.023555361339959405 0.059091361077795876 0.12122509653246559
v -0.023461328740273735 0.058314112681983346 0.1197559427086852
v -0.023371274745133726 0.05752953355170608 0.11826429141697647
v -0.02328517649282651 0.056736497174136494 0.11674911784832681
v -0.0232030111216392 0.05593387703644691 0.11520939719372358
v -0.02312475576985892 0.055120546625809744 0.11364410464415421
v -0.023050387575772786 0.054295379429397314 0.11205221539060606
v -0.02297988367766792 0.05345724893438204 0.11043270462406654
v -0.022913221213831447 0.0526050286279363 0.10878454753552307
v -0.022850377322550484 0.05173759199723239 0.10710671931596297
v -0.02279132914211216 0.050853812529442835 0.10539819515637372
v -0.022736053810803587 0.049952563711739825 0.10365795024774264
v -0.022684528466911887 0.04903271903129584 0.10188495978105719
v -0.022636730248724188 0.04809315197528326 0.1000781989473047
v -0.022592636294527603 0.04713273603087441 0.09823664293747261
v -0.022552223742609262 0.04615034468524172 0.09635926694254833
v -0.022515469731256274 0.04514485142555745 0.09444504615351916
v -0.022482351398755773 0.04411512973899408 0.0924929557613726
v -0.02245284588339487 0.04306005311272397 0.09050197095709597
v -0.022426930323460686 0.04197849503391947 0.0884710669316767
v -0.022404581857240355 0.040869328989752915 0.08639921887610218
v -0.02238577762302098 0.03973142846739673 0.08428540198135977
v -0.02237049475908969 0.03856366695402329 0.0821285914384369
v -0.022358710403733616 0.037364917936804895 0.07992776243832096
v -0.022350401695239865 0.036134054902914034 0.07768189017199935
v -0.022345545771895563 0.03486995133952299 0.07538994983045942
v -0.022344119771987827 0.033571480733804185 0.07305091660468863
v -0.022346100833803787 0.03223751657292993 0.07066376568567433
v -0.02235146609563056 0.03086693234407266 0.06822747226440389
v -0.022360192695755263 0.02945860153440473 0.06574101153186476
v -0.022372257772465022 0.028011397631098514 0.06320335867904428
v -0.022387638464046955 0.026524194121326353 0.06061348889692991
v -0.25584555722848623 0.1460291402440545 0.14125903231142717
v -0.2555252127592788 0.145048433143727 0.14109064223166234
v -0.25519985264078104 0.1440027341978895 0.14088010150130817
v -0.2548699611160975 0.1428935972362011 0.14062872016358396
v -0.2545360224283325 0.14172257608832067 0.14033780826170894
v -0.25419852082059047 0.14049122458390717 0.1400086758389023
v -0.25385794053597577 0.13920109655261953 0.13964263293838333
v -0.2535147658175929 0.13785374582411675 0.1392409896033712
v -0.2531694809085464 0.13645072622805776 0.13880505587708522
v -0.2528225700519406 0.13499359159410168 0.13833614180274464
v -0.25247451749087996 0.1334838957519071 0.1378355574235686
v -0.25212580746846885 0.13192319253113327 0.1373046127827765
v -0.2517769242278118 0.13031303576143904 0.1367446179235874
v -0.2514283520120132 0.12865497927248343 0.13615688288922068
v -0.25108057506417736 0.12695057689392525 0.13554271772289553
v -0.2507340776274089 0.1252013824554235 0.13490343246783118
v -0.25038934394481216 0.12340894978663729 0.13424033716724681
v -0.25004685825949163 0.1215748327172254 0.1335547418643618
v -0.24970710481455166 0.11970058507684687 0.13284795660239532
v -0.24937056785309672 0.11778776069516063 0.1321212914245666
v -0.2490377316182313 0.11583791340182557 0.13137605637409489
v -0.2487090803530597 0.11385259702650076 0.1306135614941994
v -0.24838509830068653 0.11183336539884502 0.12983511682809942
v -0.24806626970421597 0.10978177234851745 0.12904203241901416
v -0.24775307880675276 0.10769937170517689 0.12823561831016284
v -0.24744600945079412 0.10558771833553472 0.12741718043719313
v -0.24714549700538935 0.10344849258963752 0.1265875277195858
v -0.2468518826969404 0.10128361852483604 0.1257465037974895
v -0.24656549693545982 0.09909504819889466 0.12489384140661888
v -0.2462866701309605 0.0968847336695778 0.12402927328268865
v -0.24601573269345486 0.09465462699464981 0.12315253216141345
v -0.24575301503295585 0.09240668023187514 0.12226335077850804
v -0.24549884755947593 0.09014284543901814 0.12136146186968705
v -0.24525356068302784 0.08786507467384326 0.12044659817066522
v -0.2450174848136243 0.08557531999411484 0.11951849241715722
v -0.24479095036127801 0.08327553345759735 0.11857687734487775
v -0.2445742877360014 0.08096766712205504 0.11762148568954148
v -0.24436782734780751 0.07865367304525252 0.11665205018686312
v -0.2441718996067087 0.07633550328495402 0.11566830357255733
v -0.24398683492271783 0.07401510989892394 0.11466997858233881
v -0.24381296370584754 0.07169444494492681 0.1136568079519223
v -0.24365061636611038 0.06937546048072689 0.11262852441702244
v -0.24350012331351933 0.06706010856408866 0.11158486071335393
v -0.24336181495808665 0.06475034125277641 0.11052554957663145
v -0.24323602170982525 0.062448110604554616 0.1094503237425697
v -0.2431230739787479 0.06015536867718778 0.10835891594688339
v -0.243023302174867 0.057874067528440085 0.10725105892528719
v -0.2429370367081955 0.05560615921607602 0.10612648541349577
v -0.24286460798874585 0.05335359579785999 0.10498492814722385
v -0.24280634642653087 0.0511183293315564 0.10382611986218612
v -0.24276256798379517 0.04890222450569785 0.10264976903064842
v -0.24273325632411802 0.04670513651648468 0.10145502606555325
v -0.24271806281241365 0.044524911067785375 0.10024048332051974
v -0.2427166243658282 0.0423593064942364 0.09900470888571826
v -0.24272857790150756 0.04020608113047423 0.09774627085131904
v -0.24275356033659806 0.03806299331113551 0.09646373730749243
v -0.24279120858824563 0.035927801370856646 0.09515567634440873
v -0.24284115957359637 0.033798263644274226 0.09382065605223826
v -0.24290305020979638 0.03167213846602475 0.09245724452115131
v -0.24297651741399176 0.02954718417074477 0.0910640098413182
v -0.24306119810332866 0.027421159093070788 0.08963952010290922
v -0.24315672919495301 0.025291821567639303 0.08818234339609468
v -0.243262747606011 0.023156929929086884 0.08669104781104492
v -0.24337889025364878 0.021014242512050058 0.08516420143793021
v -0.24350479405501232 0.018861517651165324 0.08360037236692089
v -0.24364009592724775 0.016696513681069225 0.08199812868818726
v -0.24378443278750117 0.014516988936398273 0.08035603849189962
v -0.24393744155291863 0.012320701751788968 0.07867266986822825
v -0.24409875914064622 0.010105410461877865 0.07694659090734353
v -0.24426802246783003 0.00786887340130149 0.07517636969941568
v -0.24444486845161623 0.005608848904696359 0.0733605743346151
v -0.24462893400915073 0.0033230953066990254 0.07149777290311203
v -0.2448198560575798 0.0010093709419459335 0.06958653349507678
v -0.24501727151404942 -0.0013345658549263062 0.0676254242006797
v -0.24522081729570572 -0.0037109567492812356 0.06561301311009106
v -0.2454302066674695 -0.00612216708089286 0.0635459482483993
v -0.24564581740267163 -0.008571638614961005 0.06140416596312824
v -0.24586836942578152 -0.01106336736126634 0.05915899786569391
v -0.24609858548896432 -0.013601353910123196 0.0567817044539909
v -0.24633718834438476 -0.016189598851845954 0.05424354622591371
v -0.24658490074420777 -0.018832102776748974 0.0515157836793569
v -0.24684244544059822 -0.021532866275146667 0.04856967731221493
v -0.24711054518572106 -0.024295889937353377 0.045376487622382417
v -0.2473899227317413 -0.02712517435368346 0.04190747510775386
v -0.2476813008308237 -0.030024720114451356 0.03813390026622374
v -0.2479854022351332 -0.032998527809971354 0.034027023595686656
v -0.24830294969683475 -0.03605059803055794 0.029558105594037078
v -0.24863466596809328 -0.03918493136652535 0.024698406759169605
v -0.24898127380107357 -0.04240552840818805 0.019419187588978738
v -0.24934349594794064 -0.04571638974586044 0.01369170858135893
v -0.2497220551608594 -0.04912151596985678 0.007487230234204851
v -0.2501176741919947 -0.05262490767049158 0.0007770130454108799
v -0.2505310757935114 -0.056230565438079076 -0.006467682487128295
v -0.25096298271757456 -0.059942489862933754 -0.014275595865518315
v -0.251414117716349 -0.0637646815353699 -0.022675466591864462
v -0.25188520354199956 -0.06770114104570195 -0.03169603416827231
v -0.2523769629466913 -0.07175586898424428 -0.0413660380968474
v -0.25289011868258904 -0.07593286594131123 -0.051714217879695046
v -0.25342539350185767 -0.0802361325072172 -0.0627693130189209
v -0.2539835101566621 -0.08466966927227652 -0.07456006301663021
v -0.19398257449921089 0.11570222553324218 -0.07125556382862056
v -0.19391861528226592 0.11473839076954624 -0.07161903842084189
v -0.19385121173601338 0.11368423553407585 -0.07204327128117982
v -0.19377990949820523 0.11254448537732804 -0.07252580976250228
v -0.19370425420659323 0.1113238658497998 -0.07306420121767702
v -0.19362379149892933 0.11002710250198826 -0.07365599299957189
v -0.19353806701296547 0.10865892088439048 -0.0742987324610547
v -0.1934466263864534 0.10722404654750341 -0.07498996695499326
v -0.19334901525714512 0.1057272050418243 -0.07572724383425541
v -0.19324477926279252 0.10417312191785007 -0.076508110451709
v -0.19313346404114742 0.10256652272607779 -0.07733011416022177
v -0.19301461522996174 0.10091213301700457 -0.07819080231266162
v -0.19288777846698738 0.09921467834112742 -0.07908772226189632
v -0.19275249938997618 0.09747888424894342 -0.08001842136079372
v -0.19260832363668007 0.0957094762909496 -0.08098044696222163
v -0.19245479684485092 0.09391118001764308 -0.08197134641904788
v -0.19229146465224062 0.09208872097952088 -0.08298866708414027
v -0.19211787269660105 0.09024682472708002 -0.08402995631036665
v -0.19193356661568411 0.08839021681081767 -0.08509276145059481
v -0.19173809204724165 0.08652362278123078 -0.08617462985769261
v -0.19153099462902562 0.08465176818881646 -0.08727310888452784
v -0.1913118199987879 0.08277937858407174 -0.08838574588396834
v -0.1910801137942803 0.08091117951749367 -0.08951008820888191
v -0.19083542165325473 0.07905189653957938 -0.09064368321213635
v -0.19057728921346317 0.07720625520082587 -0.09178407824659958
v -0.19030526384578084 0.07537896640207821 -0.0929288263459571
v -0.19001910262902094 0.07357296843628645 -0.09407616792284573
v -0.18971896992600806 0.07178775692817525 -0.0952256783820802
v -0.1894050768938999 0.07002243196186432 -0.09637708651055522
v -0.1890776346898544 0.06827609362147367 -0.09753012109516554
v -0.18873685447102917 0.06654784199112303 -0.09868451092280588
v -0.18838294739458214 0.06483677715493234 -0.09983998478037097
v -0.1880161246176711 0.06314199919702147 -0.10099627145475557
v -0.1876365972974538 0.061462608201510296 -0.1021530997328544
v -0.18724457659108806 0.05979770425251864 -0.10331019840156215
v -0.18684027365573164 0.05814638743416638 -0.10446729624777364
v -0.18642389964854233 0.056507757830573394 -0.10562412205838352
v -0.185995665726678 0.05488091552585957 -0.10678040462028658
v -0.1855557830472964 0.05326496060414475 -0.10793587272037751
v -0.18510446276755524 0.051658993149548735 -0.10909025514555108
v -0.1846419160446125 0.05006211324619152 -0.11024328068270205
v -0.18416835403562584 0.04847342097819286 -0.11139467811872504
v -0.1836839878977531 0.04689201642967274 -0.1125441762405149
v -0.18318902878815202 0.04531699968475088 -0.1136915038349663
v -0.18268368786398043 0.04374747082754722 -0.11483638968897399
v -0.18216817628239618 0.04218252994218165 -0.11597856258943269
v -0.18164270520055698 0.04062127711277404 -0.1171177513232372
v -0.18110748577562066 0.03906281242344416 -0.11825368467728213
v -0.18056272916474503 0.03750623595831197 -0.11938609143846234
v -0.18000864652508788 0.0359506478014973 -0.12051470039367247
v -0.17944542474749578 0.03439512507867486 -0.12163926777970537
v -0.17887269259765814 0.032838216871279705 -0.12276018118100927
v -0.17828952071610704 0.03127794421650733 -0.12387845952968789
v -0.17769495547706343 0.029712305193108177 -0.12499514920774303
v -0.1770880432547482 0.028139297879832506 -0.1261112965971764
v -0.1764678304233824 0.02655692035543067 -0.1272279480799899
v -0.17583336335718677 0.024963170698653045 -0.12834615003818522
v -0.17518368843038237 0.023356046988249876 -0.1294669488537642
v -0.1745178520171901 0.021733547302971556 -0.1305913909087285
v -0.17383490049183084 0.020093669721568425 -0.13172052258508
v -0.1731338802285256 0.018434412322790805 -0.1328553902648205
v -0.17241383760149523 0.016753773185389037 -0.13399704032995163
v -0.17167381898496073 0.015049750388113445 -0.13514651916247536
v -0.17091287075314296 0.013320342009714353 -0.13630487314439332
v -0.1701300392802629 0.011563546128942143 -0.13747314865770743
v -0.16932437094054145 0.00977736082454711 -0.13865239208441935
v -0.16849491210819958 0.00795978417527965 -0.13984364980653094
v -0.16764070915745816 0.006108814259889975 -0.14104796820604384
v -0.1667608084625381 0.004222449157128549 -0.14226639366496
v -0.1658542563976604 0.002298686945745615 -0.14349997256528116
v -0.164920099337046 0.00033552570449159325 -0.14474975128900902
v -0.16395738365491572 -0.0016690364878832464 -0.14601677621814538
v -0.16296515572549058 -0.0037170015526285793 -0.1473020937346921
v -0.16194246192299153 -0.0058103714109939975 -0.14860675022065084
v -0.1608883486216394 -0.007951147984229245 -0.14993179205802348
v -0.1598016537895931 -0.010141371949352398 -0.15127829801725437
v -0.15867940149039692 -0.012383421302107595 -0.15264762876819557
v -0.15751768181968728 -0.01467984772149776 -0.15404129012890494
v -0.15631257715435765 -0.017033204321924594 -0.15546078911701217
v -0.1550601698713014 -0.01944604421778985 -0.1569076327501471
v -0.1537565423474119 -0.021920920523495244 -0.1583833280459394
v -0.1523977769595825 -0.024460386353442623 -0.15988938202201888
v -0.15097995608470668 -0.027066994822033633 -0.16142730169601532
v -0.14949916209967784 -0.029743299043670055 -0.1629985940855583
v -0.1479514773813893 -0.032491852132753685 -0.16460476620827783
v -0.1463329843067345 -0.035315207203686194 -0.16624732508180343
v -0.14463976525260683 -0.03821591737086943 -0.167927777723765
v -0.1428679025958997 -0.041196535748705014 -0.16964763115179224
v -0.14101347871350647 -0.044259615451594764 -0.17140839238351485
v -0.13907257598232053 -0.04740770959394045 -0.1732115684365627
v -0.13704127677923533 -0.050643371290143784 -0.17505866632856543
v -0.13491566348114423 -0.053969153654606535 -0.17695119307715285
v -0.13269181846494066 -0.057387609801730424 -0.17889065569995471
v -0.13036582410751793 -0.060901292845917235 -0.1808785612146007
v -0.1279337627857695 -0.06451275590156866 -0.18291641663872069
v -0.12539171687658882 -0.0682245520830865 -0.1850057289899443
v -0.12273576875686912 -0.07203923450487251 -0.18714800528590142
v -0.11996200080350396 -0.07595935628132838 -0.18934475254422165
v -0.11706649539338664 -0.07998747052685592 -0.19159747778253491
v -0.1140453349034106 -0.08412613035585684 -0.19390768801847078
v -0.11379877730575952 -0.08502111608384538 -0.1956766695666737
v -0.11395894903339283 -0.08502112558438779 -0.1949434888847283
v -0.11413242766439859 -0.08502113392363192 -0.19410484666338232
v -0.11431795464853842 -0.08502114116479635 -0.19316682463698137
v -0.11451427143557398 -0.08502114737109971 -0.19213550453987122
v -0.1147201194752667 -0.08502115260576057 -0.19101696810639715
v -0.11493424021737826 -0.08502115693199758 -0.18981729707090494
v -0.11515537511167023 -0.08502116041302929 -0.18854257316774015
v -0.1153822656079042 -0.08502116311207436 -0.1871988781312484
v -0.11561365315584168 -0.08502116509235136 -0.1857922936957752
v -0.11584827920524429 -0.08502116641707892 -0.18432890159566617
v -0.11608488520587365 -0.08502116714947562 -0.18281478356526695
v -0.11632221260749127 -0.0850211673527601 -0.18125602133892302
v -0.11655900285985875 -0.08502116709015092 -0.17965869665098005
v -0.11679399741273767 -0.08502116642486672 -0.17802889123578358
v -0.11702593771588962 -0.0850211654201261 -0.1763726868276792
v -0.11725356521907614 -0.08502116413914765 -0.17469616516101252
v -0.11747562137205889 -0.08502116264514999 -0.1730054079701291
v -0.11769084762459937 -0.08502116100135172 -0.17130649698937464
v -0.1178979854264592 -0.08502115927097145 -0.16960551395309456
v -0.11809577622739993 -0.08502115751722777 -0.16790854059563456
v -0.11828296147718317 -0.08502115580333931 -0.16622165865134014
v -0.11845828262557047 -0.08502115419252466 -0.16455094985455695
v -0.11862048112232339 -0.08502115274800244 -0.16290249593963055
v -0.11876829841720359 -0.08502115153299124 -0.16128237864090658
v -0.11890047995899221 -0.08502115061049492 -0.1596966600629587
v -0.1190162550778458 -0.08502115001753417 -0.15814902710796833
v -0.11911579287353419 -0.08502114974066646 -0.1566385536817346
v -0.1191993704193572 -0.08502114976065132 -0.15516378368621717
v -0.1192672647886147 -0.08502115005824833 -0.15372326102337575
v -0.11931975305460644 -0.08502115061421703 -0.15231552959516986
v -0.1193571122906324 -0.08502115140931697 -0.15093913330355913
v -0.11937961956999232 -0.08502115242430772 -0.14959261605050325
v -0.11938755196598606 -0.08502115363994882 -0.14827452173796182
v -0.11938118655191347 -0.08502115503699983 -0.14698339426789447
v -0.11936080040107441 -0.08502115659622031 -0.14571777754226076
v -0.11932667058676862 -0.08502115829836981 -0.1444762154630204
v -0.1192790741822961 -0.08502116012420788 -0.14325725193213296
v -0.11921828826095653 -0.08502116205449409 -0.14205943085155806
v -0.11914458989604985 -0.08502116406998798 -0.14088129612325534
v -0.11905825616087586 -0.08502116615144911 -0.1397213916491845
v -0.11895956412873442 -0.08502116827963704 -0.13857826133130505
v -0.1188487908729254 -0.08502117043531132 -0.13745044907157666
v -0.11872621346674851 -0.0850211725992315 -0.13633649877195894
v -0.11859210898350368 -0.08502117475215715 -0.13523495433441152
v -0.11844675449649084 -0.0850211768748478 -0.13414435966089405
v -0.11829042707900965 -0.08502117894806303 -0.1330632586533661
v -0.1181234038043601 -0.08502118095256238 -0.13199019521378735
v -0.11794596174584189 -0.08502118286910541 -0.1309237132441174
v -0.11775837797675497 -0.08502118467845168 -0.12986235664631587
v -0.11756091564854967 -0.0850211863618761 -0.12880468470013076
v -0.1173535177101387 -0.0850211879125071 -0.12774961037444194
v -0.11713580690789703 -0.08502118933532656 -0.12669640032726134
v -0.11690739206635022 -0.08502119063583177 -0.1256443365943892
v -0.1166678820100238 -0.08502119181951999 -0.1245927012116257
v -0.11641688556344326 -0.08502119289188848 -0.12354077621477112
v -0.11615401155113422 -0.08502119385843454 -0.12248784363962571
v -0.11587886879762212 -0.08502119472465541 -0.12143318552198963
v -0.11559106612743256 -0.08502119549604838 -0.1203760838976632
v -0.11529021236509104 -0.0850211961781107 -0.11931582080244656
v -0.1149759163351231 -0.08502119677633967 -0.11825167827214002
v -0.1146477868620543 -0.08502119729623253 -0.11718293834254377
v -0.11430543277041015 -0.08502119774328656 -0.11610888304945806
v -0.11394846288471618 -0.08502119812299903 -0.11502879442868309
v -0.11357648602949792 -0.08502119844086722 -0.11394195451601914
v -0.11318911102928093 -0.08502119870238839 -0.11284764534726645
v -0.11278594670859075 -0.08502119891305981 -0.11174514895822525
v -0.11236660189195287 -0.08502119907837875 -0.11063374738469565
v -0.11193068540389284 -0.08502119920384249 -0.10951272266247807
v -0.11147780606893622 -0.0850211992949483 -0.10838135682737256
v -0.11100757271160853 -0.08502119935719342 -0.10723893191517951
v -0.1105195941564353 -0.08502119939607515 -0.10608472996169908
v -0.11001347922794204 -0.08502119941709076 -0.10491803300273149
v -0.10948883675065435 -0.0850211994257375 -0.103738123074077
v -0.10894527554909769 -0.08502119942751267 -0.10254428221153584
v -0.1083825331012919 -0.08502119942752698 -0.10133600469178737
v -0.1078014666471509 -0.08502119942752698 -0.10011463207323684
v -0.10720350998484073 -0.08502119942752698 -0.09888245706785885
v -0.10659010167747147 -0.08502119942752698 -0.09764178024840148
v -0.10596268028815342 -0.08502119942752698 -0.09639490218761274
v -0.10532268437999666 -0.08502119942752698 -0.0951441234582406
v -0.1046715525161114 -0.08502119942752698 -0.09389174463303297
v -0.10401072325960785 -0.08502119942752698 -0.09264006628473795
v -0.10334163517359615 -0.08502119942752698 -0.09139138898610354
v -0.10266572682118646 -0.08502119942752698 -0.09014801330987765
v -0.101984436765489 -0.08502119942752698 -0.0889122398288083
v -0.10129920356961393 -0.08502119942752698 -0.08768636911564351
v -0.10061146579667143 -0.08502119942752698 -0.0864727017431313
v -0.09992266200977167 -0.08502119942752698 -0.08527353828401961
v -0.09923423077202483 -0.08502119942752698 -0.08409117931105646
v -0.09854761064654108 -0.08502119942752698 -0.08292792539698986
v -0.0978642401964306 -0.08502119942752698 -0.08178607711456774
v -0.0971855579848036 -0.08502119942752698 -0.08066793503653816
v -0.0965130025747702 -0.08502119942752698 -0.07957579973564909
v -0.09584801252944065 -0.08502119942752698 -0.07851197178464853
v -0.09519202641192508 -0.08502119942752698 -0.07747875175628448
v -0.09454648278533363 -0.08502119942752698 -0.07647844022330488
v -0.09391282021277655 -0.08502119942752698 -0.0755133377584578
v -0.093292477257364 -0.08502119942752698 -0.0745857449344912
v -0.09268689248220613 -0.08502119942752698 -0.07369796232415309
v -0.1485129669159514 0.042013952308937993 -0.028344054820939216
v -0.14819027223814998 0.04144790394039481 -0.028347453186865195
v -0.147832224513897 0.04080930795610173 -0.028380694552343055
v -0.14744033793847694 0.04010082984931963 -0.02844299616611792
v -0.14701612670717412 0.03932513511330922 -0.02853357527693486
v -0.1465611050152729 0.038484889241331185 -0.028651649133538976
v -0.14607678705805754 0.03758275772664639 -0.02879643498467539
v -0.14556468703081246 0.0366214060625155 -0.028967150079089187
v -0.1450263191288221 0.03560349974219933 -0.029163011665525467
v -0.14446319754737075 0.03453170425895859 -0.029383236992729326
v -0.14387683648174268 0.033408685106054006 -0.029627043309445874
v -0.14326875012722234 0.03223710777674639 -0.029893647864420222
v -0.14264045267909412 0.031019637764296434 -0.030182267906397404
v -0.14199345833264226 0.029758940561964917 -0.030492120684122607
v -0.1413292812831512 0.028457681663012588 -0.03082242344634088
v -0.14064943572590527 0.02711852656070017 -0.03117239344179733
v -0.13995543585618878 0.025744140748288458 -0.03154124791923704
v -0.1392487958692862 0.02433718971903817 -0.03192820412740516
v -0.1385310299604818 0.022900338966210104 -0.03233247931504675
v -0.13780365232505995 0.021436253983064965 -0.03275329073090691
v -0.13706817715830505 0.019947600262863505 -0.03318985562373075
v -0.13632611865550134 0.018437043298866473 -0.03364139124226337
v -0.13557899101193333 0.016907248584334636 -0.034107114835249835
v -0.13482830842288523 0.015360881612528701 -0.0345862436514353
v -0.13407558508364148 0.013800607876709503 -0.035077994939564844
v -0.13332233145578973 0.012229088722262596 -0.035581585915900577
v -0.1325696062236134 0.01064848360168369 -0.036096229866264526
v -0.1318175906526649 0.009059977216814452 -0.03662113244297936
v -0.13106636519868486 0.007464642276868175 -0.037155498421327426
v -0.13031601031741405 0.005863551491058175 -0.03769853257659099
v -0.1295666064645931 0.004257777568597854 -0.038249439684052394
v -0.12881823409596266 0.0026483932187004594 -0.03880742451899394
v -0.1280709736672635 0.0010364711505793378 -0.03937169185669795
v -0.12732490563423624 -0.0005769159265521795 -0.0399414464724467
v -0.12658011045262163 -0.0021906953034807747 -0.04051589314152257
v -0.12583666857816025 -0.003803794270993116 -0.04109423663920783
v -0.1250946604665929 -0.005415140119875886 -0.041675681740784815
v -0.12435416657366022 -0.007023660140915766 -0.04225943322153586
v -0.12361526735510285 -0.008628281624899425 -0.042844695856743206
v -0.12287804326666152 -0.010227931862613532 -0.043430674421689214
v -0.12214257476407692 -0.011821538144844768 -0.04401657369165621
v -0.12140894230308973 -0.013408027762379829 -0.04460159844192646
v -0.12067722633944064 -0.014986328006005328 -0.04518495344778237
v -0.11994750732887033 -0.01655536616650803 -0.04576584348450616
v -0.11921986572711944 -0.018114069534674565 -0.04634347332738016
v -0.11849438198992877 -0.019661365401291583 -0.04691704775168673
v -0.11777113657303889 -0.021196181057145796 -0.04748577153270814
v -0.11705020993219054 -0.022717443793023873 -0.048048849445726724
v -0.11633168252312437 -0.024224080899712494 -0.04860548626602479
v -0.11561563480158112 -0.025715019667998315 -0.04915488676888467
v -0.1149021643309498 -0.027189210402619304 -0.049696282092997104
v -0.11419176215053121 -0.028646132729192447 -0.05022950973544722
v -0.11348531277553804 -0.030085795594213954 -0.05075501355171454
v -0.1127837178288314 -0.031508230958131156 -0.051273263760687
v -0.11208787893327216 -0.03291347078139148 -0.05178473058125249
v -0.11139869771172144 -0.03430154702444234 -0.052289884232299064
v -0.1107170757870402 -0.03567249164773108 -0.052789194932714584
v -0.11004391478208946 -0.037026336611705145 -0.05328313290138703
v -0.10938011631973021 -0.038363113876811905 -0.053772168357204345
v -0.10872658202282356 -0.03968285540349879 -0.05425677151905445
v -0.1080842135142304 -0.040985593152213166 -0.05473741260582532
v -0.10745391241681185 -0.042271359083402446 -0.055214561836404885
v -0.10683658035342887 -0.043540185157514025 -0.055688689429681096
v -0.10623311894694248 -0.04479210333499529 -0.056160265604541904
v -0.10564442982021369 -0.04602714557629365 -0.056629760579875246
v -0.10507141459610353 -0.04724534384185649 -0.057097644574569076
v -0.10451497489747304 -0.04844673009213121 -0.057564387807511316
v -0.10397601234718312 -0.049631336287565234 -0.05803046049758995
v -0.10345542856809492 -0.050799194388605924 -0.05849633286369291
v -0.10295412518306939 -0.051950336355700705 -0.05896247512470813
v -0.10247300381496752 -0.05308479414929695 -0.05942935749952355
v -0.10201296608665038 -0.05420259972984207 -0.059897450207027136
v -0.10157491362097892 -0.05530378505778347 -0.06036722346610683
v -0.10115974804081425 -0.05638838209356852 -0.06083914749565056
v -0.10076837096901728 -0.05745642279764465 -0.0613136925145463
v -0.10040151684622853 -0.058508092179183804 -0.06179132084805376
v -0.10005846500857593 -0.05954490733810897 -0.062272426117631535
v -0.09973774556816196 -0.06056907125936808 -0.06275736656958955
v -0.099437882445155 -0.06158279259638028 -0.06324650015788111
v -0.09915739955972336 -0.06258828000256486 -0.06374018483645957
v -0.09889482083203542 -0.06358774213134095 -0.06423877855927826
v -0.09864867018225952 -0.06458338763612782 -0.06474263928029042
v -0.09841747153056402 -0.06557742517034464 -0.06525212495344947
v -0.09819974879711726 -0.06657206338741062 -0.06576759353270867
v -0.09799402590208763 -0.06756951094074498 -0.06628940297202139
v -0.09779882676564344 -0.06857197648376692 -0.06681791122534088
v -0.09761267530795305 -0.06958166866989565 -0.06735347624662051
v -0.09743409544918485 -0.07060079615255037 -0.06789645598981361
v -0.09726161110950717 -0.0716315675851503 -0.06844720840887346
v -0.09709374620908835 -0.07267619162111463 -0.06900609145775344
v -0.09692902466809673 -0.07373687691386258 -0.06957346309040681
v -0.09676597040670072 -0.07481583211681336 -0.07014968126078694
v -0.09660310734506865 -0.07591526588338617 -0.07073510392284711
v -0.09643895940336883 -0.07703738686700022 -0.07133008903054068
v -0.09627205050176968 -0.0781844037210747 -0.07193499453782094
v -0.09610090456043952 -0.07935852509902884 -0.07255017839864124
v -0.0959240454995467 -0.08056195965428184 -0.07317599856695488
v -0.09573999723925954 -0.08179691604025291 -0.07381281299671517
v -0.09554728369974648 -0.08306560291036126 -0.07446097964187548
v -0.0953444288011758 -0.08437022891802608 -0.07512085645638907
v -0.15131562601581847 0.038507066087026795 -0.027018194959067533
v -0.15150927498172084 0.038284926909682174 -0.026550735965869824
v -0.15175846770225432 0.0380047010022536 -0.026035515863435246
v -0.15206130545935817 0.03766826384825635 -0.025474929278120503
v -0.15241588953497145 0.037277490931205456 -0.02487137083628228
v -0.1528203212110335 0.036834257734616196 -0.024227235164277276
v -0.15327270176948354 0.03634043974200381 -0.023544916888462202
v -0.1537711324922607 0.03579791243688345 -0.022826810635193744
v -0.15431371466130428 0.03520855130277033 -0.022075311030828593
v -0.15489854955855348 0.03457423182317963 -0.02129281270172347
v -0.15552373846594747 0.0338968294816266 -0.020481710274235062
v -0.15618738266542548 0.03317821976162637 -0.01964439837472005
v -0.15688758343892675 0.03242027814669422 -0.01878327162953516
v -0.15762244206839046 0.03162488012034524 -0.017900724665037077
v -0.1583900598357559 0.03079390116609472 -0.016999152107582505
v -0.15918853802296226 0.029929216767457842 -0.016080948583528144
v -0.16001597791194866 0.029032702407949793 -0.015148508719230677
v -0.16087048078465443 0.0281062335710857 -0.014204227141046816
v -0.16175014792301876 0.027151685740380918 -0.013250498475333248
v -0.1626530806089808 0.02617093439935049 -0.01228971734844669
v -0.1635773801244798 0.025165855031509685 -0.011324278386743807
v -0.16452114775145507 0.024138323120373714 -0.010356576216581332
v -0.16548248477184568 0.023090214149457763 -0.00938900546431595
v -0.16645949246759087 0.022023403602277017 -0.008423960756304343
v -0.16745027212063002 0.0209397669623467 -0.007463836718903244
v -0.16845292501290215 0.019841179713181972 -0.0065110279784693186
v -0.16946555242634656 0.018729517338298043 -0.00556792916135929
v -0.17048625564290248 0.01760665532121017 -0.004636934893929842
v -0.17151313594450907 0.016474469145433476 -0.003720439802537664
v -0.17254429461310555 0.015334834294483166 -0.0028208385135394705
v -0.1735778329306312 0.014189626251874463 -0.0019405256532919468
v -0.17461185217902522 0.013040720501122607 -0.0010818958481518051
v -0.17564445364022674 0.011889992525742701 -0.0002473437244757369
v -0.17667373859617508 0.010739317809249999 0.0005607360913795524
v -0.17769818573878918 0.009590287416835472 0.001340382631388904
v -0.17871778339990732 0.008443354740393191 0.002091369560853224
v -0.1797328973213474 0.007298688753492946 0.0028139042034049586
v -0.18074389324492737 0.006156458429704539 0.00350819388267656
v -0.18175113691246536 0.005016832742597899 0.004174445922300447
v -0.18275499406577927 0.0038799806657427577 0.004812867645909085
v -0.1837558304466871 0.0027460711727089887 0.0054236663771349
v -0.18475401179700687 0.0016152732370663947 0.006007049439610345
v -0.1857499038585565 0.000487755832384848 0.006563224156967862
v -0.18674387237315404 -0.0006363120677658762 0.007092397852839886
v -0.18773628308261742 -0.0017567614898159195 0.0075947778508588595
v -0.1887275017287647 -0.002873423460195465 0.008070571474657232
v -0.18971789405341385 -0.003986129005334668 0.008519986047867445
v -0.19070782579838277 -0.005094709151663726 0.008943228894121934
v -0.19169766270548957 -0.00619899492561278 0.009340507337053145
v -0.19268777051655217 -0.007298817353612028 0.009712028700293524
v -0.1936785149733886 -0.008394007462091665 0.010058000307475506
v -0.19467026181781677 -0.009484396277481807 0.010378629482231536
v -0.19566337679165477 -0.010569814826212665 0.01067412354819406
v -0.1966582256367205 -0.011650094134714378 0.010944689828995517
v -0.197655174094832 -0.012725065229417146 0.011190535648268348
v -0.19865458790780724 -0.013794559136751164 0.011411868329645003
v -0.1996568328174642 -0.01485840688314656 0.011608895196757915
v -0.2006622745656209 -0.015916439495033505 0.011781823573239527
v -0.20167127889409533 -0.01696848799884218 0.011930860782722284
v -0.2026842115447054 -0.018014383421002783 0.012056214148838632
v -0.2037014382592692 -0.019053956787945497 0.012158090995221006
v -0.20472332477960464 -0.020087039126100423 0.012236698645501854
v -0.20575023684752977 -0.021113461461897798 0.012292244423313618
v -0.2067825402048625 -0.02213305482176775 0.012324935652288737
v -0.20782060059342095 -0.02314565023214049 0.012334979656059654
v -0.208864783755023 -0.024151078719446162 0.01232258375825881
v -0.2099154554314866 -0.02514917131011493 0.012287955282518652
v -0.21097302535915438 -0.02613980822417411 0.012231040803314752
v -0.2120380792524668 -0.027123066456039388 0.012150743898495235
v -0.21311124682038896 -0.02809907219372354 0.012045707396751343
v -0.21419315777188597 -0.029067951625239355 0.011914574126774338
v -0.21528444181592285 -0.030029830938599622 0.01175598691725547
v -0.21638572866146466 -0.030984836321817158 0.01156858859688599
v -0.21749764801747648 -0.031933093962904724 0.011351021994357153
v -0.21862082959292353 -0.032874730049875164 0.011101929938360204
v -0.2197559030967706 -0.03380987077074123 0.01081995525758641
v -0.22090349823798297 -0.034738642313515755 0.010503740780727014
v -0.2220642447255257 -0.0356611708662115 0.010151929336473268
v -0.22323877226836378 -0.03657758261684127 0.009763163753516428
v -0.22442771057546237 -0.03748800375341786 0.009336086860547745
v -0.2256316893557864 -0.038392560463954055 0.008869341486258474
v -0.2268513383183011 -0.03929137893646267 0.008361570459339865
v -0.22808728717197146 -0.040184585358956484 0.007811416608483175
v -0.22934016562576248 -0.0410723059194483 0.00721752276237966
v -0.23061060338863942 -0.04195466680595092 0.006578531749720552
v -0.2318992301695672 -0.04283179420647709 0.005893086399197129
v -0.23320667567751094 -0.04370381430903968 0.005159829539500619
v -0.2345335696214357 -0.04457085330165143 0.004377403999322304
v -0.2358805417103066 -0.04543303737232513 0.003544452607353421
v -0.23724822165308865 -0.04629049270907361 0.002659618192285204
v -0.238637239158747 -0.04714334549990964 0.0017215435828089425
v -0.24004822393624656 -0.04799172193284603 0.0007288716076158629
v -0.24148180569455252 -0.04883574819589557 -0.0003197549046027662
v -0.24293861414263002 -0.04967555047707104 -0.001425693125155711
v -0.24441927898944404 -0.050511254964385244 -0.002590300225351696
v -0.2459244299439596 -0.05134298784585098 -0.003814933376499484
v -0.2474546967151419 -0.05217087530948105 -0.005100949749907817
v -0.24901070901195588 -0.05299504354328823 -0.006449706516885447
v -0.25059309654336676 -0.05381561873528533 -0.00786256084874112
v -0.2522024890183394 -0.05463272707348513 -0.00934086991678357
v -0.09726368297605101 -0.08502110179635708 -0.07519706274384691
v -0.09785958919484997 -0.08502110119265471 -0.07451367167210601
v -0.09843444884387362 -0.08502109949060352 -0.07384242729781143
v -0.09898682740651955 -0.08502109685378735 -0.07318682003155895
v -0.09951529036618526 -0.0850210934457901 -0.07255034028394436
v -0.1000184032062684 -0.08502108943019564 -0.07193647846556347
v -0.10049473141016652 -0.08502108497058782 -0.07134872498701209
v -0.10094284046127722 -0.08502108023055051 -0.07079057025888597
v -0.10136129584299804 -0.08502107537366757 -0.07026550469178092
v -0.10174866303872657 -0.08502107056352289 -0.06977701869629274
v -0.10210350753186039 -0.08502106596370032 -0.0693286026830172
v -0.10242439480579708 -0.08502106173778373 -0.06892374706255017
v -0.10270989034393423 -0.085021058049357 -0.06856594224548736
v -0.10295855962966939 -0.085021055062004 -0.06825867864242458
v -0.10316896814640016 -0.08502105293930856 -0.06800544666395766
v -0.10334102910073373 -0.0850210518167596 -0.06780829432670792
v -0.1034829728985293 -0.08502105165646362 -0.06766036820670458
v -0.1036061995909725 -0.08502105235445179 -0.06755142258303701
v -0.10372211546870816 -0.08502105380662535 -0.06747120505704461
v -0.10384212682238117 -0.08502105590888544 -0.06740946323006684
v -0.10397763994263644 -0.08502105855713324 -0.06735594470344322
v -0.1041400611201188 -0.08502106164726993 -0.06730039707851315
v -0.1043407966454731 -0.08502106507519669 -0.06723256795661607
v -0.1045912528093443 -0.08502106873681468 -0.06714220493909151
v -0.10490283590237723 -0.0850210725280251 -0.06701905562727885
v -0.10528695221521678 -0.08502107634472911 -0.06685286762251762
v -0.10575500803850782 -0.08502108008282787 -0.0666333885261472
v -0.1063184096628952 -0.08502108363822257 -0.0663503659395071
v -0.10698856337902385 -0.0850210869068144 -0.06599354746393676
v -0.10777595731932449 -0.08502108979263384 -0.06555369255124538
v -0.10868205962993269 -0.085021092279574 -0.06503150107225676
v -0.1097032188067822 -0.0850210943968571 -0.06443331497601398
v -0.11083572458368104 -0.08502109617422565 -0.06376554096999015
v -0.11207586669443725 -0.08502109764142221 -0.06303458576165837
v -0.11341993487285898 -0.08502109882818928 -0.062246856058491784
v -0.11486421885275415 -0.08502109976426939 -0.061408758567963476
v -0.11640500836793084 -0.08502110047940506 -0.06052669999754655
v -0.11803859315219711 -0.08502110100333879 -0.05960708705471418
v -0.11976126293936099 -0.08502110136581312 -0.05865632644693941
v -0.12156930746323052 -0.08502110159657057 -0.0576808248816954
v -0.12345901645761377 -0.08502110172535367 -0.05668698906645525
v -0.12542667965631876 -0.08502110178190493 -0.055681225708692064
v -0.1274685867931536 -0.08502110179596686 -0.05466994151587899
v -0.12958087525690182 -0.08502110179635708 -0.053659468274295186
v -0.1317571235160157 -0.08502110179635708 -0.05265487932829074
v -0.13398878673016992 -0.08502110179635708 -0.0516602038080755
v -0.13626725578848212 -0.08502110179635708 -0.050679439236480606
v -0.13858392158006988 -0.08502110179635708 -0.049716583136337186
v -0.1409301749940508 -0.08502110179635708 -0.048775633030476426
v -0.1432974069195425 -0.08502110179635708 -0.047860586441729455
v -0.14567700824566251 -0.08502110179635708 -0.04697544089292739
v -0.14806036986152848 -0.08502110179635708 -0.04612419390690142
v -0.15043888265625804 -0.08502110179635708 -0.04531084300648268
v -0.15280393751896867 -0.08502110179635708 -0.04453938571450233
v -0.15514692533877805 -0.08502110179635708 -0.043813819553791475
v -0.15745923700480383 -0.08502110179635708 -0.043138142047181305
v -0.15973226340616353 -0.08502110179635708 -0.042516350717502954
v -0.16195756247339646 -0.08502110179596686 -0.04195236738961956
v -0.16413221069067904 -0.08502110178190493 -0.041447613051822096
v -0.16625993526546104 -0.08502110172535367 -0.04100049479182408
v -0.16834485935522886 -0.08502110159657057 -0.04060924026511849
v -0.17039110611746883 -0.08502110136581312 -0.04027207712719842
v -0.17240279870966765 -0.08502110100333879 -0.03998723303355693
v -0.1743840602893115 -0.08502110047940506 -0.03975293563968707
v -0.17633901401388707 -0.08502109976426939 -0.03956741260108189
v -0.17827178304088062 -0.08502109882818928 -0.03942889157323444
v -0.18018649052777866 -0.08502109764142221 -0.03933560021163779
v -0.18208725963206773 -0.08502109617422567 -0.03928576617178496
v -0.1839782135112342 -0.0850210943968571 -0.03927761710916905
v -0.18586347532276445 -0.085021092279574 -0.03930938067928309
v -0.18774716822414503 -0.08502108979263384 -0.039379284537620116
v -0.1896333982102282 -0.0850210869068144 -0.03948557193953818
v -0.19152477598136775 -0.08502108363822258 -0.039627845278630516
v -0.19342127777357873 -0.08502108008282787 -0.03980810152776283
v -0.19532261165671777 -0.08502107634472911 -0.0400285814076909
v -0.19722848570064158 -0.0850210725280251 -0.0402915256391705
v -0.19913860797520674 -0.08502106873681468 -0.04059917494295741
v -0.2010526865502701 -0.08502106507519669 -0.040953770039807436
v -0.20297042949568816 -0.08502106164726993 -0.04135755165047633
v -0.20489154488131775 -0.08502105855713324 -0.04181276049571993
v -0.20681574077701545 -0.08502105590888544 -0.04232163729629394
v -0.2087427252526381 -0.08502105380662535 -0.04288642277295425
v -0.21067220637804218 -0.0850210523544518 -0.04350935764645655
v -0.2126038922230845 -0.0850210516564636 -0.04419268263755667
v -0.21453749085762183 -0.08502105181675962 -0.044938638467010406
v -0.2164727249962359 -0.08502105293922185 -0.045749475471195386
v -0.21841675687391254 -0.08502105501760698 -0.04663232872240347
v -0.22039627014433583 -0.08502105775670099 -0.047607150916890245
v -0.22244111172183356 -0.08502106081446488 -0.04869597172523697
v -0.22458112852073392 -0.08502106384885963 -0.049920820818025013
v -0.22684616745536484 -0.08502106651784627 -0.05130372786583562
v -0.2292660754400544 -0.0850210684793858 -0.052866722539250136
v -0.23187069938913057 -0.0850210693914392 -0.0546318345088498
v -0.23468988621692152 -0.0850210689119675 -0.05662109344521596
v -0.23775348283775516 -0.0850210666989317 -0.05885652901892986
v -0.24109133616595962 -0.08502106241029278 -0.06136017090057287
v -0.24473329311586287 -0.08502105570401178 -0.06415404876072625
v -0.24870920060179294 -0.08502104623804968 -0.06726019226997129
v -0.2530489055380779 -0.08502103367036748 -0.07070063109888935
v -0.2577822548390457 -0.08502101765892621 -0.07449739491806164
v -0.25693021253831366 -0.08502095574647692 -0.07149894642887736
v -0.25682067170863376 -0.08502096327749147 -0.07203017505918077
v -0.256725868169216 -0.08502097057376276 -0.07264971390367386
v -0.25664506159657846 -0.0850209776367044 -0.0733538480374705
v -0.2565775116672394 -0.08502098446772995 -0.07413886253568444
v -0.256522478057717 -0.085020991068253 -0.07500104247342956
v -0.2564792204445295 -0.08502099743968715 -0.07593667292581965
v -0.256446998504195 -0.08502100358344597 -0.07694203896796861
v -0.2564250719132318 -0.08502100950094305 -0.07801342567499019
v -0.2564127003481581 -0.08502101519359194 -0.07914711812199826
v -0.2564091434854921 -0.08502102066280628 -0.08033940138410664
v -0.2564136610017519 -0.08502102590999962 -0.08158656053642914
v -0.25642551257345586 -0.08502103093658554 -0.08288488065407965
v -0.25644395787712204 -0.08502103574397765 -0.08423064681217188
v -0.2564682565892687 -0.08502104033358951 -0.08562014408581978
v -0.25649766838641413 -0.0850210447068347 -0.08704965755013715
v -0.25653145294507645 -0.08502104886512682 -0.08851547228023775
v -0.2565688699417738 -0.08502105280987947 -0.09001387335123544
v -0.2566091790530245 -0.08502105654250619 -0.09154114583824409
v -0.2566516399553467 -0.08502106006442059 -0.09309357481637749
v -0.25669551232525856 -0.08502106337703624 -0.09466744536074947
v -0.25674005583927834 -0.08502106648176676 -0.09625904254647388
v -0.2567845301739242 -0.08502106938002568 -0.0978646514486645
v -0.2568281950057144 -0.08502107207322662 -0.0994805571424352
v -0.2568703100111671 -0.08502107456278316 -0.10110304470289984
v -0.2569101348668006 -0.08502107685010887 -0.10272839920517214
v -0.2569469292491328 -0.08502107893661735 -0.10435290572436605
v -0.2569799528346823 -0.08502108082372217 -0.10597284933559532
v -0.257008465299967 -0.08502108251283692 -0.10758451511397381
v -0.2570317263215053 -0.0850210840053752 -0.10918418813461529
v -0.25704899557581523 -0.08502108530275056 -0.11076815347263365
v -0.25705953273941523 -0.0850210864063766 -0.11233269620314278
v -0.2570625974888232 -0.0850210873176669 -0.11387410140125635
v -0.25705744950055764 -0.08502108803803506 -0.1153886541420883
v -0.25704344522931905 -0.08502108856999901 -0.11687346370461381
v -0.2570203282425384 -0.08502108892049415 -0.11832893618325356
v -0.25698793888582916 -0.08502108909756023 -0.11975630187628979
v -0.2569461175048045 -0.08502108910923703 -0.12115679108200449
v -0.2568947044450781 -0.08502108896356428 -0.12253163409867983
v -0.25683354005226305 -0.08502108866858175 -0.1238820612245979
v -0.25676246467197317 -0.0850210882323292 -0.1252093027580409
v -0.25668131864982147 -0.08502108766284638 -0.12651458899729084
v -0.2565899423314215 -0.08502108696817305 -0.12779915024062988
v -0.25648817606238666 -0.08502108615634899 -0.12906421678634014
v -0.25637586018833036 -0.0850210852354139 -0.13031101893270372
v -0.256252835054866 -0.0850210842134076 -0.13154078697800275
v -0.256118941007607 -0.08502108309836981 -0.13275475122051933
v -0.2559740183921667 -0.0850210818983403 -0.13395414195853556
v -0.25581790755415856 -0.08502108062135882 -0.1351401894903336
v -0.25565044883919585 -0.08502107927546515 -0.13631412411419555
v -0.2554714825928921 -0.08502107786869902 -0.1374771761284035
v -0.25528084916086075 -0.0850210764091002 -0.13863057583123953
v -0.25507838888871504 -0.08502107490470845 -0.13977555352098592
v -0.2548639421220685 -0.08502107336356352 -0.14091333949592455
v -0.25463734920653447 -0.08502107179370516 -0.14204516405433773
v -0.25439845048772636 -0.08502107020317315 -0.14317225749450746
v -0.25414708631125754 -0.08502106860000724 -0.1442958501147159
v -0.2538830970227416 -0.08502106699224718 -0.1454171722132452
v -0.25360632296779156 -0.08502106538793272 -0.14653745408837743
v -0.2533166044920212 -0.08502106379510363 -0.14765792603839467
v -0.25301378194104374 -0.08502106222179968 -0.1487798183615791
v -0.25269769566047245 -0.0850210606760606 -0.14990436135621282
v -0.2523681859959211 -0.08502105916592616 -0.1510327853205779
v -0.2520250932930027 -0.08502105769943612 -0.1521663205529565
v -0.2516682578973309 -0.08502105628463023 -0.15330619735163076
v -0.25129752015451906 -0.08502105492954826 -0.15445364601488273
v -0.2509127204101805 -0.08502105364222996 -0.15560989684099455
v -0.250513736855099 -0.08502105242899227 -0.15677608505573132
v -0.250100599060739 -0.08502105128926095 -0.15795296559478966
v -0.24967337444373594 -0.0850210502207389 -0.15914119832134946
v -0.24923213042072448 -0.08502104922112906 -0.1603414430985902
v -0.24877693440833964 -0.08502104828813435 -0.16155435978969168
v -0.24830785382321657 -0.08502104741945771 -0.16278060825783355
v -0.2478249560819901 -0.08502104661280205 -0.16402084836619554
v -0.24732830860129534 -0.0850210458658703 -0.16527573997795736
v -0.2468179787977672 -0.08502104517636538 -0.16654594295629851
v -0.2462940340880407 -0.08502104454199023 -0.16783211716439891
v -0.2457565418887508 -0.08502104396044778 -0.16913492246543813
v -0.24520556961653261 -0.08502104342944095 -0.1704550187225959
v -0.24464118468802096 -0.08502104294667265 -0.17179306579905188
v -0.24406345451985093 -0.08502104250984584 -0.17314972355798577
v -0.24347244652865746 -0.08502104211666342 -0.17452565186257724
v -0.24286822813107556 -0.0850210417648283 -0.17592151057600597
v -0.2422508667437403 -0.08502104145204346 -0.17733795956145168
v -0.24162042978328652 -0.0850210411760118 -0.17877565868209402
v -0.24097698466634937 -0.08502104093443622 -0.1802352678011127
v -0.24032059880956366 -0.08502104072501969 -0.18171744678168741
v -0.23965133962956459 -0.08502104054546511 -0.18322285548699785
v -0.238969274542987 -0.0850210403934754 -0.18475215378022367
v -0.23827447096646592 -0.08502104026675351 -0.18630600152454457
v -0.2375669963166364 -0.08502104016300235 -0.18788505858314028
v -0.23684691801013327 -0.08502104007992486 -0.18948998481919044
v -0.23611430346359166 -0.08502104001522395 -0.19112144009587467
v -0.2353692200936466 -0.08502103996660257 -0.19278008427637286
v -0.234611735316933 -0.08502103993176362 -0.1944665772238645
v -0.23384191655008582 -0.08502103990841003 -0.19618157880152937
v -0.23305983120974008 -0.08502103989424475 -0.19792574887254713
v -0.2322655467125308 -0.08502103988697068 -0.1996997473000975
v -0.23145913047509292 -0.08502103988429076 -0.20150423394736014
v -0.23064064991406152 -0.08502103988390791 -0.20333986867751466
v 0.034405287763706056 -0.08502140421485892 -0.0576643270828989
v 0.03347176538752892 -0.085021403454689 -0.0574324370459727
v 0.032451358714653315 -0.08502140125115848 -0.057225577809345604
v 0.03134735564459411 -0.0850213977197362 -0.057044742012451036
v 0.030163044076866184 -0.08502139297589101 -0.0568909222947223
v 0.028901711910984385 -0.08502138713509177 -0.056765111295592724
v 0.0275666470464636 -0.08502138031280732 -0.05666830165449571
v 0.02616113738281869 -0.0850213726245065 -0.056601486010864566
v 0.024688470819564528 -0.08502136418565817 -0.056565657004132686
v 0.02315193525621598 -0.08502135511173117 -0.056561807273733375
v 0.021554818592287906 -0.08502134551819436 -0.056590929459100006
v 0.01990040872729519 -0.08502133552051658 -0.05665401619966595
v 0.01819199356075268 -0.08502132523416668 -0.05675206013486453
v 0.016432860992175256 -0.0850213147746135 -0.0568860539041291
v 0.01462629892107779 -0.0850213042573259 -0.057056990146893
v 0.012775595246975139 -0.08502129379777273 -0.057265861502589596
v 0.010884037869382183 -0.08502128351142282 -0.05751366061065222
v 0.008954914687813786 -0.08502127351374505 -0.057801380110514236
v 0.006991513601784812 -0.08502126392020823 -0.05813001264160904
v 0.004997122510810136 -0.08502125484628123 -0.058500550843369914
v 0.0029750293144046214 -0.0850212464074329 -0.05891398735523022
v 0.0009285219120831294 -0.08502123871913209 -0.05937131481662335
v -0.0011391117966394523 -0.08502123189684764 -0.05987352586698258
v -0.0032245839122482718 -0.0850212260560484 -0.060421613145741335
v -0.005324606535228461 -0.08502122131220322 -0.061016569292332956
v -0.0074358950177592685 -0.08502121778028887 -0.06165937886305506
v -0.009555558167009441 -0.08502121551574357 -0.06235004835478647
v -0.011681468938267752 -0.08502121445837257 -0.06308668472751808
v -0.013811588082564465 -0.08502121453469574 -0.06386717669657706
v -0.015943876350929836 -0.08502121567123287 -0.06468941297729065
v -0.01807629449439409 -0.08502121779450379 -0.06555128228498602
v -0.020206803263987484 -0.08502122083102834 -0.06645067333499036
v -0.022333363410740253 -0.08502122470732631 -0.06738547484263085
v -0.02445393568568264 -0.08502122934991757 -0.06835357552323472
v -0.02656648083984491 -0.08502123468532191 -0.06935286409212914
v -0.02866895962425731 -0.08502124064005917 -0.07038122926464131
v -0.030759332789950057 -0.08502124714064915 -0.07143655975609842
v -0.03283556108795342 -0.08502125411361171 -0.07251674428182767
v -0.03489560526929763 -0.08502126148546665 -0.0736196715571562
v -0.03693742608501296 -0.0850212691827338 -0.07474323029741126
v -0.03895898428612964 -0.08502127713193297 -0.07588530921792008
v -0.04095824062367789 -0.08502128525958402 -0.07704379703400974
v -0.042933155848687996 -0.08502129349220673 -0.07821658246100756
v -0.044881690712190184 -0.08502130175632094 -0.07940155421424062
v -0.04680180596521469 -0.0850213099784465 -0.08059660100903615
v -0.0486914623587918 -0.0850213180851032 -0.0817996115607214
v -0.05054862064395171 -0.08502132600281087 -0.08300847458462349
v -0.052371241571724694 -0.08502133365808935 -0.08422107879606966
v -0.054157285893141 -0.08502134097745845 -0.08543531291038706
v -0.05590471435923086 -0.085021347887438 -0.08664906564290292
v -0.057611568713619436 -0.0850213543161888 -0.08786032100469646
v -0.05927775352961496 -0.08502136022961473 -0.08906925480914396
v -0.0609050362102087 -0.08502136563136262 -0.09027823467191878
v -0.06249526515098682 -0.0850213705267203 -0.09148972350444627
v -0.06405028874753554 -0.08502137492097565 -0.0927061842181518
v -0.06557195539544107 -0.08502137881941652 -0.09393007972446084
v -0.06706211349028954 -0.08502138222733073 -0.09516387293479865
v -0.06852261142766719 -0.08502138515000615 -0.09641002676059066
v -0.06995529760316017 -0.08502138759273065 -0.09767100411326216
v -0.07136202041235469 -0.08502138956079204 -0.09894926790423865
v -0.07274462825083695 -0.08502139105947819 -0.10024728104494547
v -0.07410496951419314 -0.08502139209407696 -0.101567506446808
v -0.07544489259800942 -0.08502139266987618 -0.10291240702125161
v -0.07676624589787198 -0.08502139279216371 -0.10428444567970162
v -0.07807087780936707 -0.0850213924662274 -0.1056860853335835
v -0.0793606367280808 -0.08502139169735512 -0.1071197888943226
v -0.0806373710495994 -0.08502139049083468 -0.10858801927334426
v -0.08190292916950907 -0.08502138885195397 -0.11009323938207392
v -0.08315915948339597 -0.08502138678600081 -0.11163791213193684
v -0.08440791038684632 -0.08502138429826306 -0.11322450043435857
v -0.0856510302754463 -0.08502138139402857 -0.11485546720076432
v -0.08689036754478206 -0.0850213780785852 -0.11653327534257964
v -0.08812777059043986 -0.08502137435722079 -0.11826038777122973
v -0.08936508780800581 -0.0850213702352232 -0.12003926739814004
v -0.09060416759306616 -0.08502136571788026 -0.12187237713473602
v -0.09184631010243191 -0.08502136081342113 -0.12376264104880634
v -0.09308804378505592 -0.08502135555567499 -0.1257169969764882
v -0.09432344016797263 -0.0850213499916524 -0.1277444494176214
v -0.09554655047307668 -0.08502134416847276 -0.12985401995191104
v -0.09675142592226274 -0.08502133813325559 -0.13205473015906238
v -0.0979321177374254 -0.08502133193312031 -0.1343556016187805
v -0.09908267714045926 -0.08502132561518638 -0.13676565591077056
v -0.10019715535325899 -0.08502131922657327 -0.13929391461473767
v -0.10126960359771921 -0.08502131281440044 -0.14194939931038708
v -0.10229407309573457 -0.08502130642578731 -0.1447411315774239
v -0.10326461506919965 -0.0850213001078534 -0.1476781329955532
v -0.1041752807400091 -0.08502129390771812 -0.15076942514448025
v -0.10502012133005757 -0.08502128787250093 -0.15402402960391012
v -0.10579318806123965 -0.08502128204932131 -0.157450967953548
v -0.10648853215545001 -0.08502127648529871 -0.161059261773099
v -0.10710020483458321 -0.08502127122755258 -0.1648579326422683
v -0.10762225732053396 -0.08502126632320238 -0.1688560021407611
v -0.10804874083519686 -0.08502126181936757 -0.17306249184828248
v -0.10837370660046654 -0.0850212577631676 -0.1774864233445376
v -0.10859120583823759 -0.08502125420172195 -0.18213681820923164
v -0.10869528977040468 -0.08502125118215004 -0.18702269802206972
v -0.10868000961886241 -0.08502124875157135 -0.19215308436275702
v -0.10853941660550544 -0.08502124695710536 -0.19753699881099862
v -0.10826756195222839 -0.08502124584587148 -0.20318346294649978
v -0.10785849688092586 -0.08502124546498921 -0.20910149834896555
v -0.02228126811384471 -0.05131467064660191 -0.04505011958533292
v -0.024855811533082202 -0.05108412845382964 -0.046514011445555295
v -0.027365683249937673 -0.05085863197135737 -0.04795769010189864
v -0.02981207436105194 -0.050638086053220614 -0.049381577092961385
v -0.032196175963065864 -0.05042239555345481 -0.050786093957342016
v -0.03451917915262026 -0.05021146532609544 -0.05217166223363891
v -0.036782275026355976 -0.05000520022517799 -0.05353870346045052
v -0.03898665468091384 -0.04980350510473793 -0.05488763917637528
v -0.04113350921293469 -0.049606284818810714 -0.0562188909200116
v -0.04322402971905934 -0.049413444221431874 -0.057532880229957964
v -0.045259407295928644 -0.04922488816663682 -0.05883002864481274
v -0.04724083304018343 -0.049040521508461055 -0.06011075770317437
v -0.04916949804846456 -0.04886024910094004 -0.06137548894364135
v -0.05104659341741283 -0.04868397579810927 -0.06262464390481205
v -0.05287331024366907 -0.04851160645400421 -0.06385864412528493
v -0.05465083962387415 -0.04834304592266033 -0.06507791114365839
v -0.05638037265466888 -0.048178199058113116 -0.06628286649853089
v -0.0580631004326941 -0.048016970714398026 -0.06747393172850086
v -0.059700214054590674 -0.047859265745550536 -0.06865152837216673
v -0.061292904616999384 -0.04770498900560613 -0.06981607796812693
v -0.06284236321656107 -0.047554045348600284 -0.07096800205497988
v -0.06434978094991663 -0.04740633962856846 -0.07210772217132405
v -0.06581634891370682 -0.04726177669954614 -0.07323565985575782
v -0.06724325820457251 -0.0471202614155688 -0.07435223664687966
v -0.06863169991915453 -0.046981698630671906 -0.07545787408328801
v -0.06998286515409372 -0.04684599319889095 -0.07655299370358125
v -0.07129794500603091 -0.04671304997426139 -0.07763801704635784
v -0.07257813057160692 -0.04658277381081869 -0.07871336565021624
v -0.07382461294746262 -0.046455069562598365 -0.07977946105375486
v -0.07503858323023883 -0.046329842083635844 -0.08083672479557212
v -0.07622123251657636 -0.04620699622796663 -0.08188557841426646
v -0.07737375190311607 -0.04608643684962619 -0.08292644344843632
v -0.07849733248649877 -0.045968068802649996 -0.08395974143668013
v -0.07959316536336533 -0.04585179694107352 -0.0849858939175963
v -0.08066244163035656 -0.04573752611893224 -0.08600532242978329
v -0.0817063523841133 -0.04562516119026162 -0.08701844851183954
v -0.08272608872127638 -0.04551460700909717 -0.08802569370236343
v -0.08372284173848663 -0.045405768429474316 -0.08902747953995344
v -0.0846978025323849 -0.04529855030542856 -0.090024227563208
v -0.08565216219961204 -0.04519285749099537 -0.09101635931072555
v -0.08658711183680881 -0.04508859484021023 -0.09200429632110445
v -0.08750384254061615 -0.04498566720710858 -0.09298846013294325
v -0.08840354540767481 -0.04488397944572595 -0.09396927228484026
v -0.08928741153462565 -0.04478343641009778 -0.09494715431539401
v -0.09015663201810951 -0.04468394295425954 -0.09592252776320284
v -0.09101239795476723 -0.0445854039322467 -0.09689581416686527
v -0.09185590044123965 -0.04448772419809477 -0.09786743506497969
v -0.09268833057416755 -0.044390808605839195 -0.09883781199614454
v -0.09351087945019185 -0.04429456200951546 -0.09980736649895824
v -0.09432473816595334 -0.04419888926315902 -0.10077652011201926
v -0.09513107121150215 -0.0441036964605772 -0.10174570462723771
v -0.0959304311253033 -0.044008918210329276 -0.10271558766269402
v -0.09672275849423649 -0.04391451763572656 -0.10368707266263873
v -0.09750796729859078 -0.04382045909985213 -0.1046610733246341
v -0.09828597151865523 -0.0437267069657891 -0.10563850334624249
v -0.09905668513471892 -0.04363322559662059 -0.10662027642502618
v -0.0998200221270709 -0.043539979355429685 -0.10760730625854746
v -0.10057589647600026 -0.043446932605299554 -0.10860050654436863
v -0.10132422216179605 -0.043354049709313246 -0.109600790980052
v -0.10206491316474732 -0.0432612950305539 -0.1106090732631599
v -0.10279788346514313 -0.04316863293210463 -0.11162626709125457
v -0.1035230470432726 -0.0430760277770485 -0.11265328616189839
v -0.10424031787942475 -0.04298344392846868 -0.11369104417265362
v -0.10494960995388862 -0.04289084574944826 -0.11474045482108251
v -0.10565083724695333 -0.04279819760307035 -0.1158024318047474
v -0.1063439137389079 -0.04270546385241803 -0.11687788882121063
v -0.10702875341004144 -0.04261260886057445 -0.11796773956803448
v -0.10770527024064301 -0.0425195969906227 -0.11907289774278122
v -0.1083733782110016 -0.04242639260564591 -0.1201942770430132
v -0.10903299130140638 -0.042332960068727145 -0.12133279116629271
v -0.10968402349214632 -0.04223926374294957 -0.12248935381018201
v -0.11032638876351057 -0.042145267991396264 -0.12366487867224342
v -0.11096000109578813 -0.04205093717715033 -0.12486027945003929
v -0.11158477446926812 -0.0419562356632949 -0.12607646984113188
v -0.11220062286423954 -0.041861127812913075 -0.1273143635430835
v -0.11280746026099153 -0.041765577989087956 -0.12857487425345643
v -0.11340520063981306 -0.04166955055490267 -0.12985891566981297
v -0.1139937579809933 -0.04157300987344031 -0.13116740148971545
v -0.11457304626482123 -0.04147592030778399 -0.1325012454107262
v -0.11514297947158594 -0.041378246221016844 -0.13386136113040745
v -0.11570347158157651 -0.041279951976221946 -0.1352486623463215
v -0.11625443657508204 -0.041181001936482414 -0.13666406275603077
v -0.11679578843239152 -0.041081360464881374 -0.13810847605709742
v -0.11732744113379408 -0.04098099192450191 -0.1395828159470838
v -0.11784930865957868 -0.04087986067842717 -0.14108799612355225
v -0.1183613049900345 -0.040777931089740226 -0.14262493028406503
v -0.1188633441054506 -0.04067516752152421 -0.14419453212618447
v -0.11935533998611594 -0.04057153433686224 -0.14579771534747282
v -0.11983720661231971 -0.040466995898837385 -0.14743539364549246
v -0.1203088579643509 -0.040361516570532795 -0.14910848071780564
v -0.12077020802249855 -0.04025506071503158 -0.15081789026197465
v -0.1212211707670518 -0.04014759269541681 -0.15256453597556177
v -0.12166166017829967 -0.040039076874771644 -0.15434933155612943
v -0.12209159023653127 -0.03992947761617915 -0.15617319070123983
v -0.1225108749220356 -0.03981875928272248 -0.15803702710845524
v -0.12291942821510177 -0.03970688623748471 -0.159941754475338
v -0.12331716409601881 -0.03959382284354895 -0.16188828649945047
v -0.12370399654507581 -0.03947953346399833 -0.16387753687835488
v -0.12407983954256184 -0.039363982461915956 -0.16591041930961356
v -0.12444460706876595 -0.03924713420038492 -0.16798784749078877
v -0.15962247329841991 0.02355646055693432 -0.01258679992786067
v -0.1594113695360671 0.023079836200634446 -0.01250921627626415
v -0.15920045792356358 0.022582381667281035 -0.012445374408000847
v -0.15898983593810903 0.022064829980167844 -0.012395062745059342
v -0.15877960105690303 0.021527914162588452 -0.012358069709428151
v -0.1585698507571454 0.020972367237836617 -0.012334183723095842
v -0.15836068251603574 0.02039892222920607 -0.012323193208050979
v -0.15815219381077375 0.019808312159990474 -0.012324886586282103
v -0.15794448211855913 0.019201270053483502 -0.01233905227977777
v -0.15773764491659156 0.018578528932978927 -0.01236547871052655
v -0.15753177968207074 0.017940821821770397 -0.012403954300516964
v -0.1573269838921963 0.017288881743151616 -0.012454267471737595
v -0.15712335502416802 0.016623441720416313 -0.012516206646176978
v -0.1569209905551855 0.015945234776858164 -0.012589560245823677
v -0.15671998796244843 0.015254993935770844 -0.012674116692666246
v -0.1565204447231566 0.01455345222044814 -0.012769664408693242
v -0.15632245831450955 0.013841342654183617 -0.0128759918158932
v -0.15612612621370703 0.013119398260271073 -0.012992887336254682
v -0.15593154589794878 0.012388352062004199 -0.013120139391766258
v -0.1557388148444344 0.011648937082676641 -0.013257536404416456
v -0.15554803053036356 0.010901886345582187 -0.013404866796193845
v -0.15535929043293598 0.010147932874014429 -0.013561918989086968
v -0.1551726920293514 0.009387809691267152 -0.013728481405084394
v -0.15498833279680949 0.008622249820634018 -0.013904342466174665
v -0.15480631021250987 0.007851986285408744 -0.014089290594346344
v -0.15462672175365225 0.007077752108885033 -0.014283114211587958
v -0.15444966489743633 0.006300280314356532 -0.0144856017398881
v -0.1542752371210618 0.005520303925116987 -0.014696541601235302
v -0.15410353590172832 0.004738555964460114 -0.014915722217618114
v -0.15393465871663561 0.003955769455679561 -0.015142932011025092
v -0.15376870304298326 0.003172677422069045 -0.015377959403444798
v -0.15360576635797113 0.002390012886922338 -0.015620592816865776
v -0.1534459461387987 0.0016085088735330183 -0.01587062067327658
v -0.15328933986266582 0.0008288984051948722 -0.01612783139466577
v -0.1531359879334176 5.166349714952334e-05 -0.016392089868713097
v -0.15298570246148102 -0.0007237178675694317 -0.016663566845863145
v -0.15283823848392866 -0.0014980187139804618 -0.016942509542251672
v -0.152693351037833 -0.002272012067102036 -0.017229165174014436
v -0.15255079516026654 -0.0030464709519525957 -0.017523780957287235
v -0.15241032588830178 -0.0038221683935506234 -0.017826604108205846
v -0.15227169825901127 -0.004599877416914533 -0.01813788184290602
v -0.1521346673094675 -0.0053803710470628485 -0.018457861377523543
v -0.151998988076743 -0.0061644223090140116 -0.018786789928194183
v -0.15186441559791022 -0.0069528042277864355 -0.0191249147110537
v -0.1517307049100417 -0.007746289828398645 -0.019472482942237895
v -0.15159761105020997 -0.008545652135869039 -0.01982974183788253
v -0.15146488905548755 -0.009351664175216129 -0.02019693861412337
v -0.15133229396294695 -0.010165098971458342 -0.020574320487096186
v -0.15119958080966064 -0.010986729549614146 -0.020962134672936766
v -0.1510665046327011 -0.011817328934701998 -0.02136062838778086
v -0.15093282046914094 -0.012657670151740366 -0.021770048847764265
v -0.15079828335605258 -0.013508526225747719 -0.022190643269022734
v -0.15066264833050858 -0.014370670181742498 -0.022622658867692057
v -0.15052567042958143 -0.015244875044743172 -0.023066342859907992
v -0.1503871046903437 -0.016131913839768197 -0.023521942461806316
v -0.15024670614986776 -0.01703255959183604 -0.02398970488952282
v -0.15010422984522623 -0.017947585325965146 -0.024469877359193235
v -0.1499594308134916 -0.018877764067173994 -0.02496270708695338
v -0.1498120640917364 -0.019823868840481026 -0.025468441288939003
v -0.14966188471703307 -0.020786672670904713 -0.025987327181285876
v -0.1495086477264542 -0.021766948583463522 -0.02651961198012977
v -0.14935210815707223 -0.022765469603175895 -0.02706554290160647
v -0.14919202104595974 -0.023783008755060286 -0.02762536716185175
v -0.14902814143018914 -0.024820339064135194 -0.028199331977001373
v -0.14886022434683308 -0.025878233555419045 -0.028787684563191102
v -0.14868802483296395 -0.02695746525393028 -0.029390672136556734
v -0.1485112979256543 -0.028058807184687395 -0.030008541913234033
v -0.1483298188447717 -0.029182861027189713 -0.030641440364814917
v -0.1481434435413637 -0.030329543078859975 -0.03128911098471586
v -0.14795204814927296 -0.031498598291601745 -0.03195119652180958
v -0.14775550880234217 -0.03268977161731866 -0.032627339724968674
v -0.147553701634414 -0.033902808007914315 -0.033317183343065826
v -0.14734650277933103 -0.0351374524152923 -0.03402037012497369
v -0.14713378837093594 -0.03639344979135622 -0.0347365428195649
v -0.14691543454307135 -0.0376705450880097 -0.03546534417571212
v -0.14669131742957994 -0.03896848325715631 -0.036206416942288
v -0.14646131316430436 -0.040287009250699654 -0.03695940386816518
v -0.14622529788108726 -0.041625868020543376 -0.03772394770221635
v -0.14598314771377127 -0.042984804518591005 -0.03849969119331413
v -0.14573473879619905 -0.044363563696746225 -0.03928627709033121
v -0.14547994726221322 -0.04576189050691256 -0.04008334814214018
v -0.14521864924565644 -0.047179529900993666 -0.040890547097613764
v -0.1449507208803714 -0.048616226830893124 -0.041707516705624545
v -0.14467603830020065 -0.050071726248514525 -0.042533899715045245
v -0.14439447763898697 -0.051545773105761486 -0.043369338874748475
v -0.1441059150305729 -0.0530381123545376 -0.0442134769336069
v -0.1438102266088011 -0.0545484889467465 -0.04506595664049318
v -0.1435072885075143 -0.05607664783429174 -0.04592642074427994
v -0.14319697686055505 -0.05762233396907692 -0.046794511993839855
v -0.14287916780176604 -0.0591852923030057 -0.04766987313804559
v -0.14255373746498995 -0.06076526778798163 -0.048552146925769785
v -0.14222056198406935 -0.06236200537590833 -0.049440976105885104
v -0.14187951749284697 -0.0639752500186894 -0.05033600342726416
v -0.1415304801251654 -0.06560474666822844 -0.05123687163877966
v -0.1411733260148673 -0.06725024027642904 -0.05214322348930421
v -0.14080793129579533 -0.06891147579519481 -0.053054701727710485
v -0.1404341721017921 -0.07058819817642939 -0.05397094910287116
v -0.14005192456670032 -0.0722801523720363 -0.05489160836365886
v -0.1396610648243626 -0.07398708333391922 -0.055816322258946255
v -0.13926146900862163 -0.0757087360139817 -0.05674473353760595
v -0.18207827736902332 -0.002128417463580154 0.005846955543623588
v -0.18199276713714363 -0.0024556261317469352 0.005867928739807578
v -0.18190741533313104 -0.0027866325663426783 0.005878552973119917
v -0.18182223575968826 -0.0031215628023745084 0.005878792925897665
v -0.18173724221951795 -0.003460542874849426 0.005868613280477889
v -0.18165244851532283 -0.0038036988187745563 0.005847978719197663
v -0.18156786844980555 -0.004151156669156969 0.005816853924394048
v -0.18148351582566877 -0.004503042461003776 0.005775203578404116
v -0.18139940444561528 -0.004859482229322018 0.005722992363564928
v -0.1813155481123476 -0.005220602009118808 0.005660184962213561
v -0.1812319606285685 -0.005586527835401214 0.005586746056687072
v -0.18114865579698067 -0.005957385743176294 0.005502640329322541
v -0.18106564742028677 -0.0063333017674511854 0.005407832462457022
v -0.18098294930118947 -0.006714401943232903 0.005302287138427592
v -0.1809005752423915 -0.007100812305528559 0.005185969039571314
v -0.18081853904659553 -0.007492658889345236 0.005058842848225255
v -0.1807368545165041 -0.007890067729690031 0.004920873246726486
v -0.1806555354548201 -0.008293164861570002 0.00477202491741207
v -0.1805745956642461 -0.00870207631999223 0.004612262542619077
v -0.1804940489474848 -0.009116928139963773 0.004441550804684575
v -0.18041390910723887 -0.009537846356491811 0.004259854385945627
v -0.180334189946211 -0.009964957004583302 0.0040671379687393094
v -0.1802549052671039 -0.0103983861192454 0.00386336623540268
v -0.18017606887262017 -0.010838259735485148 0.0036485038682728156
v -0.1800976945654626 -0.011284703888309641 0.0034225155496867728
v -0.1800197961483338 -0.011737844612725992 0.003185365961981629
v -0.1799423874239364 -0.012197807943741257 0.0029370197874944506
v -0.1798654821949732 -0.012664719916362477 0.0026774417085622913
v -0.17978909426414683 -0.013138706565596778 0.0024065964075222317
v -0.17971323743416 -0.01361989392645123 0.0021244485667113386
v -0.1796379255077153 -0.014108408033932943 0.001830962868466679
v -0.17956317228751548 -0.014604374923048946 0.0015261039951253198
v -0.17948899157626322 -0.015107920628806379 0.0012098366290243245
v -0.17941539717666125 -0.015619171186212241 0.00088212545250076
v -0.1793424028914121 -0.0161382526302737 0.0005429351478917037
v -0.1792700225232186 -0.016665290995997756 0.00019223039753421198
v -0.17919826987478335 -0.01720041231839159 -0.00017002411623464123
v -0.17912715874880902 -0.0177437426324622 -0.000543863711077789
v -0.1790567029479984 -0.018295407973216674 -0.0009293237046581679
v -0.17898691627505406 -0.018855534375662134 -0.001326439414638704
v -0.1789178125326787 -0.019424247874805636 -0.001735246158682334
v -0.17884940552357506 -0.020001674505654266 -0.002155779254452001
v -0.17878170905044574 -0.02058794030321509 -0.0025880740196106214
v -0.17871473691599352 -0.02118317130249521 -0.0030321657718211346
v -0.17864850292292098 -0.021787493538501707 -0.003488089828746467
v -0.17858302087393083 -0.022401033046241622 -0.003955881508049555
v -0.1785183045717258 -0.023023915860722097 -0.0044355761273933356
v -0.1784543678190085 -0.023656268016950185 -0.004927209004440738
v -0.17839122441848163 -0.02429821554993296 -0.0054308154568546915
v -0.17832888817284798 -0.0249498844946775 -0.005946430802298144
v -0.178267374041043 -0.025611406302543105 -0.006474088149490197
v -0.1782067235753604 -0.026283037000989315 -0.007013769801442461
v -0.1781470049214516 -0.02696515719357613 -0.007565407255458977
v -0.17808828738120125 -0.027658152900215588 -0.008128929799899997
v -0.1780306402564937 -0.02836241014081986 -0.00870426672312576
v -0.1779741328492135 -0.029078314935301025 -0.009291347313496522
v -0.17791883446124515 -0.029806253303571215 -0.009890100859372548
v -0.17786481439447302 -0.03054661126554256 -0.010500456649114049
v -0.17781214195078174 -0.031299774841127156 -0.011122343971081274
v -0.17776088643205568 -0.032066130050237104 -0.0117556921136345
v -0.17771111714017937 -0.03284606291278454 -0.012400430365133951
v -0.17766290337703733 -0.03363995944868153 -0.013056488013939879
v -0.177616314444514 -0.034448205677840266 -0.013723794348412543
v -0.17757141964449383 -0.035271187620172825 -0.014402278656912158
v -0.17752828827886138 -0.03610929129559131 -0.015091870227799006
v -0.1774869896495011 -0.036962902724007825 -0.015792498349433307
v -0.17744759305829752 -0.037832407925334516 -0.01650409231017533
v -0.177410167807135 -0.03871819291948348 -0.017226581398385312
v -0.17737478319789815 -0.039620643726366846 -0.01795989490242349
v -0.17734150853247146 -0.04054014636589671 -0.018703962110650143
v -0.1773104131127393 -0.04147708685798519 -0.01945871231142547
v -0.17728156624058625 -0.04243185122254439 -0.020224074793109757
v -0.17725503721789676 -0.04340482547948645 -0.020999978844063235
v -0.17723089534655534 -0.04439639564872346 -0.02178635375264615
v -0.1772092099284464 -0.045406947750167556 -0.022583128807218755
v -0.1771900502654545 -0.04643686780373084 -0.0233902332961413
v -0.17717348565946414 -0.04748654182932542 -0.024207596507774005
v -0.17715958541235974 -0.048556355846863415 -0.025035147730477155
v -0.17714841882602583 -0.04964669587625694 -0.025872816252610963
v -0.17714005520234685 -0.05075794793741813 -0.02672053136253572
v -0.1771345638432073 -0.05189049805025905 -0.027578222348611608
v -0.17713201405049173 -0.05304473223469186 -0.02844581849919894
v -0.17713247512608454 -0.05422103651062864 -0.029323249102657916
v -0.1771360163718703 -0.055419796897981516 -0.03021044344734881
v -0.1771427070897334 -0.05664139941666263 -0.031107330821631866
v -0.17715261658155831 -0.057886230086584056 -0.03201384051386731
v -0.17716581414922963 -0.059154674927657934 -0.03292990181241541
v -0.17718236909463175 -0.06044711995979636 -0.03385544400563639
v -0.17720235071964927 -0.061763951202911456 -0.03479039638189055
v -0.1772258283261665 -0.06310555467691534 -0.03573468822953807
v -0.17725287121606806 -0.06447231640172013 -0.03668824883693923
v -0.1772835486912384 -0.06586462239723792 -0.037651007492454286
v -0.17731793005356195 -0.06728285868338084 -0.03862289348444345
v -0.17735608460492328 -0.068727411280061 -0.039603836101267
v -0.17739808164720683 -0.07019866620719051 -0.04059376463128517
v -0.17744399048229706 -0.07169700948468148 -0.04159260836285822
v -0.17749388041207853 -0.07322282713244606 -0.04260029658434639
v -0.17754782073843567 -0.0747765051703963 -0.04361675858410992
v -0.17760588076325298 -0.07635842961844438 -0.04464192365050905
v -0.17766812978841492 -0.07796898649650237 -0.04567572107190404
v -0.2107151917668127 -0.028435163173730127 0.01484153424930574
v -0.21071752937651445 -0.028558714859453674 0.014709668958918697
v -0.21071993413913936 -0.0286970177817287 0.014562356384007017
v -0.21072242468564226 -0.028849876743245212 0.014399792639772632
v -0.21072501964697818 -0.02901709654669321 0.014222173841417475
v -0.21072773765410208 -0.029198481994762715 0.014029696104143471
v -0.21073059733796884 -0.029393837890143756 0.013822555543152551
v -0.21073361732953352 -0.029602969035526297 0.013600948273646642
v -0.21073681625975108 -0.029825680233600382 0.013365070410827675
v -0.21074021275957636 -0.03006177628705603 0.013115118069897585
v -0.21074382545996442 -0.030311061998583244 0.01285128736605829
v -0.21074767299187017 -0.030573342170872 0.01257377441451173
v -0.2107517739862486 -0.030848421606612345 0.012282775330459825
v -0.21075614707405466 -0.03113610510849428 0.01197848622910451
v -0.21076081088624327 -0.031436197479207825 0.011661103225647718
v -0.21076578405376942 -0.03174850352144298 0.011330822435291368
v -0.21077108520758805 -0.03207282803788976 0.010987839973237398
v -0.21077673297865415 -0.03240897583123817 0.010632351954687737
v -0.21078274599792265 -0.032756751704178216 0.010264554494844308
v -0.21078914289634848 -0.03311596045939992 0.009884643708909048
v -0.21079594230488669 -0.0334864068995933 0.009492815712083883
v -0.2108031628544921 -0.03386789582744837 0.00908926661957074
v -0.2108108231761198 -0.03426023204565509 0.00867419254657155
v -0.21081894190072467 -0.034663220356903515 0.008247789608288241
v -0.21082753765926168 -0.03507666556388367 0.007810253919922749
v -0.21083662908268583 -0.03550037246928554 0.007361781596676997
v -0.210846234801952 -0.03593414587579913 0.0069025687537529155
v -0.2108563734480152 -0.03637779058611444 0.006432811506352436
v -0.2108670636518304 -0.036831111402921536 0.005952705969677483
v -0.21087832404435247 -0.03729391312891038 0.00546244825892999
v -0.21089017325653645 -0.03776600056677102 0.004962234489311889
v -0.2109026299193373 -0.03824717851919342 0.004452260776025105
v -0.21091571266370995 -0.03873725178886761 0.0039327232342715665
v -0.21092944012060935 -0.039236025178483604 0.003403817979253213
v -0.21094383092099048 -0.03974330349073143 0.0028657411261719563
v -0.21095890369580825 -0.04025889152830108 0.002318688790229735
v -0.2109746770760177 -0.04078259409388254 0.0017628570866284783
v -0.21099116969257367 -0.04131421599016588 0.001198442130570125
v -0.21100840017643124 -0.04185356201984106 0.0006256400372565869
v -0.2110263871585453 -0.04240043698559811 4.464692188980296e-05
v -0.21104514926987078 -0.04295464569012706 -0.0005443411003282911
v -0.2110647051413627 -0.043515992936117874 -0.0011411279141957838
v -0.21108507340397598 -0.04408428352626061 -0.0017455174045107325
v -0.21110627268866558 -0.04465932226324524 -0.002357313456071205
v -0.21112832162638653 -0.045240913949761805 -0.0029763199536752827
v -0.21115123884809367 -0.04582886338850029 -0.0036023407821210336
v -0.21117504298474205 -0.046422975382150726 -0.004235179826206522
v -0.21119975266728658 -0.047023054733403125 -0.004874640970729819
v -0.21122538652668213 -0.04762890624494747 -0.005520528100489003
v -0.21125196319388387 -0.04824033471947381 -0.006172645100282145
v -0.21127950129984657 -0.048857144959672125 -0.006830795854907298
v -0.2113080194755253 -0.04947914176823244 -0.007494784249162549
v -0.2113375363518749 -0.05010612994784477 -0.008164414167845978
v -0.2113680705598505 -0.05073791430119911 -0.008839489495755627
v -0.2113996407304069 -0.05137429963098547 -0.009519814117689578
v -0.2114322654944991 -0.05201509073989389 -0.010205191918445922
v -0.21146596348308205 -0.05266009243061434 -0.010895426782822706
v -0.21150075332711077 -0.05330910950583687 -0.01159032259561801
v -0.21153665365754018 -0.053961946768251466 -0.012289683241629903
v -0.21157368310532518 -0.05461840902054814 -0.012993312605656452
v -0.21161186030142085 -0.05527830106541691 -0.01370101457249574
v -0.21165120387678202 -0.05594142770554779 -0.014412593026945818
v -0.2116917324623637 -0.05660759374363078 -0.015127851853804771
v -0.21173346468912085 -0.0572766039823559 -0.01584659493787065
v -0.21177641918800846 -0.05794826322441315 -0.01656862616394156
v -0.21182061458998144 -0.05862237627249254 -0.017293749416815555
v -0.21186606952599474 -0.0592987479292841 -0.018021768581290693
v -0.21191280262700338 -0.059977182997477826 -0.01875248754216507
v -0.21196083252396217 -0.06065748627976373 -0.01948571018423673
v -0.2120101778478263 -0.06133946257883183 -0.020221240392303757
v -0.2120608572295505 -0.062022916697372116 -0.02095888205116422
v -0.21211288930008987 -0.06270765343807462 -0.02169843904561618
v -0.21216629269039933 -0.06339347760362934 -0.022439715260457734
v -0.21222108603143383 -0.06408019399672629 -0.023182514580486934
v -0.21227728795414827 -0.06476760742005552 -0.02392664089050185
v -0.2123349170894977 -0.06545552267630697 -0.02467189807530055
v -0.21239399206843704 -0.06614374456817068 -0.025418090019681105
v -0.21245453152192126 -0.06683207789833667 -0.02616502060844161
v -0.21251655408090525 -0.06752032746949496 -0.026912493726380094
v -0.2125800783763441 -0.06820829808433554 -0.027660313258294666
v -0.21264512303919264 -0.06889579454554842 -0.028408283088983365
v -0.21271170670040587 -0.06958262165582363 -0.029156207103244288
v -0.21277984799093874 -0.07026858421785116 -0.029903889185875502
v -0.21284956554174625 -0.07095348703432103 -0.03065113322167504
v -0.21292087798378329 -0.07163713490792326 -0.031397743095441036
v -0.21299380394800485 -0.07231933264134784 -0.0321435226919715
v -0.21306836206536592 -0.0729998850372848 -0.032888275896064564
v -0.2131445709668215 -0.07367859689842413 -0.03363180659251824
v -0.2132224492833263 -0.07435527302745586 -0.034373918666130626
v -0.21330201564583556 -0.07502971822707 -0.03511441600169979
v -0.2133832886853041 -0.07570173729995654 -0.035853102484023805
v -0.21346628703268694 -0.07637113504880551 -0.03658978199790075
v -0.21355102931893893 -0.07703771627630691 -0.03732425842812867
v -0.21363753417501516 -0.07770128578515077 -0.03805633565950564
v -0.21372582023187048 -0.07836164837802709 -0.038785817576829765
v -0.2138159061204599 -0.07901860885762585 -0.039512508064899074
v -0.2139078104717384 -0.07967197202663712 -0.04023621100851167
v -0.21400155191666087 -0.08032154268775085 -0.04095673029246559
v -0.2140971490861823 -0.0809671256436571 -0.04167386980155893
v -0.21419462061125769 -0.08160852569704585 -0.04238743342058976
v -0.10360777226948002 -0.0598020673310265 -0.060624897853169296
v -0.1043079202404166 -0.05947994751559756 -0.05982766368451818
v -0.10511747967362015 -0.05916978760940038 -0.05897345514400425
v -0.10602812774010292 -0.058872152657189265 -0.05806810634044937
v -0.1070315416108772 -0.05858760770371851 -0.05711745138267549
v -0.10811939845695531 -0.05831671779374238 -0.056127324379504476
v -0.10928337544934946 -0.0580600479720152 -0.05510355943975821
v -0.11051514975907197 -0.05781816328329123 -0.05405199067225863
v -0.11180639855713512 -0.057591628772324766 -0.052978452185827626
v -0.11314879901455116 -0.0573810094838701 -0.05188877808928709
v -0.11453402830233238 -0.05718687046268154 -0.050788802491458895
v -0.11595376359149105 -0.057009776753513354 -0.04968435950116494
v -0.11739968205303954 -0.056850293401119835 -0.04858128322722714
v -0.11886346085798996 -0.05670898545025528 -0.04748540777846738
v -0.1203367771773547 -0.05658641794567398 -0.0464025672637076
v -0.121811308182146 -0.05648315593213021 -0.04533859579176962
v -0.12327873104337618 -0.056399764454378276 -0.044299327471475386
v -0.12473092863570089 -0.056336773354638076 -0.043290465513278545
v -0.1261645150175742 -0.056293902816838486 -0.04231470246516268
v -0.12758083543124843 -0.05627006336661743 -0.04137172021264146
v -0.12898144082261945 -0.05626413032707839 -0.04046106974286022
v -0.13036788213758302 -0.056274979021324854 -0.0395823020429643
v -0.13174171032203497 -0.056301484772460365 -0.03873496810009912
v -0.1331044763218711 -0.05634252290358838 -0.03791861890141002
v -0.13445773108298728 -0.056396968737812414 -0.03713280543404235
v -0.13580302555127916 -0.05646369759823597 -0.03637707868514148
v -0.13714191067264264 -0.05654158480796254 -0.03565098964185277
v -0.13847593739297342 -0.05662950569009566 -0.0349540892913216
v -0.1398066566581675 -0.056726335567738775 -0.034285928620693296
v -0.1411356194141205 -0.056830949763995435 -0.03364605861711327
v -0.14246437660672825 -0.05694222360196912 -0.03303403026772685
v -0.14379447918188662 -0.05705903240476334 -0.032449394559679406
v -0.14512747808549134 -0.05718025149548157 -0.03189170248011629
v -0.14646492426343827 -0.057304756197227316 -0.0313605050161829
v -0.1478084345560641 -0.05743185052357233 -0.030855188171427312
v -0.14915988938146924 -0.0575625532499612 -0.030374478015008716
v -0.15052123505219492 -0.05769831184230676 -0.029916935632489
v -0.1518944178807825 -0.05784057376652183 -0.029481122109430085
v -0.15328138417977324 -0.057990786488519255 -0.029065598531393903
v -0.15468408026170852 -0.05815039747421185 -0.028668925983942332
v -0.15610445243912952 -0.05832085418951246 -0.0282896655526373
v -0.15754444702457765 -0.058503604100333895 -0.02792637832304071
v -0.15900601033059414 -0.05870009467258901 -0.0275776253807145
v -0.1604910886697203 -0.05891177337219061 -0.027241967811220544
v -0.16200162835449747 -0.05914008766505154 -0.02691796670012078
v -0.1635395756974669 -0.059386485017084635 -0.02660418313297711
v -0.16510687701116994 -0.0596524128942027 -0.02629917819535146
v -0.1667054786081478 -0.05993931876231858 -0.026001512972805705
v -0.1683373268009419 -0.06024865008734512 -0.025709748550901818
v -0.17000436790209345 -0.060581854335195126 -0.02542244601520165
v -0.171708397540065 -0.06094028699351077 -0.025138231204828197
v -0.17344774560950715 -0.06132318804970939 -0.02485721929080863
v -0.1752172762712584 -0.061727681990983364 -0.02458101477607429
v -0.17701170300207864 -0.062150801326254446 -0.024311286917117616
v -0.17882573927872764 -0.06258957856444441 -0.024049704970431008
v -0.1806540985779652 -0.06304104621447504 -0.023797938192506887
v -0.18249149437655113 -0.06350223678526803 -0.023557655839837672
v -0.18433264015124534 -0.0639701827857452 -0.023330527168915798
v -0.1861722493788075 -0.0644419167248283 -0.023118221436233672
v -0.18800503553599754 -0.06491447111143905 -0.0229224078982837
v -0.18982571209957516 -0.06538487845449927 -0.0227447558115583
v -0.19162899254630023 -0.06585017126293068 -0.022586934432549898
v -0.1934095903529327 -0.06630738204565503 -0.02245061301775093
v -0.1951622189962321 -0.06675354331159414 -0.02233746082365377
v -0.19688159195295837 -0.06718568756966971 -0.02224914710675086
v -0.19856242269987143 -0.06760084732880352 -0.022187341123534637
v -0.20019942471373095 -0.06799605509791734 -0.022153712130497483
v -0.20178901676922667 -0.06836911184788838 -0.02214976270305614
v -0.20333443883276758 -0.06872089239741579 -0.022176328692324516
v -0.20484063616869266 -0.06905304002715414 -0.02223407926834087
v -0.20631255404134086 -0.06936719801775802 -0.02232368360114342
v -0.20775513771505089 -0.06966500964988206 -0.022445810860770393
v -0.2091733324541619 -0.06994811820418081 -0.02260113021726003
v -0.21057208352301268 -0.07021816696130889 -0.022790310840650554
v -0.21195633618594217 -0.07047679920192089 -0.0230140219009802
v -0.21333103570728926 -0.0707256582066714 -0.0232729325682872
v -0.2147011273513929 -0.07096638725621501 -0.02356771201260977
v -0.21607155638259207 -0.07120062963120631 -0.023899029403986177
v -0.21744726806522557 -0.0714300286122999 -0.024267553912454633
v -0.21883320766363235 -0.07165622748015038 -0.02467395470805336
v -0.22023432044215127 -0.07188086951541234 -0.025118900960820593
v -0.22165555166512135 -0.07210559799874036 -0.025603061840794587
v -0.22310184659688145 -0.07233205621078906 -0.026127106518013535
v -0.2245779337877823 -0.07256180226988967 -0.026691649935544518
v -0.22608355736644756 -0.07279443556093707 -0.027296059816117536
v -0.2276134770397737 -0.07302759673538958 -0.027938456662125518
v -0.22916223580066902 -0.07325884128238234 -0.028616906748990253
v -0.23072437664204162 -0.07348572469105039 -0.029329476352133472
v -0.23229444255680004 -0.07370580245052877 -0.030074231746976977
v -0.23386697653785243 -0.07391663004995258 -0.030849239208942513
v -0.2354365215781072 -0.07411576297845686 -0.03165256501345187
v -0.23699762067047264 -0.07430075672517669 -0.0324822754359268
v -0.23854481680785689 -0.07446916677924713 -0.03333643675178906
v -0.24007265298316835 -0.07461854862980324 -0.03421311523646042
v -0.24157567218931536 -0.0747464577659801 -0.035110377165362666
v -0.2430484174192062 -0.07485044967691279 -0.03602628881391755
v -0.24448543166574918 -0.07492807985173633 -0.036958916457546856
v -0.2458812579218525 -0.07497690377958582 -0.03790632637167232
v -0.24723043918042456 -0.07499447694959631 -0.03886658483171575
v -0.24852751843437357 -0.07497835485090287 -0.039837758113098864
v -0.12574328260294768 -0.009917987820708185 -0.04048970572804789
v -0.12618010369655655 -0.010165065322232075 -0.03975330785879169
v -0.12674261434945155 -0.010443919899812831 -0.038934009782607804
v -0.1274223456604682 -0.010752501981801846 -0.03803890186571393
v -0.12821082872844192 -0.01108876199655065 -0.03707507447432783
v -0.12909959465220816 -0.011450650372410665 -0.03604961797466713
v -0.13008017453060247 -0.011836117537733351 -0.03496962273294958
v -0.13114409946246033 -0.012243113920870172 -0.03384217911539285
v -0.13228290054661715 -0.012669589950172588 -0.032674377488214654
v -0.13348810888190843 -0.01311349605399205 -0.031473308217632695
v -0.13475125556716971 -0.01357278266068003 -0.030246061669864665
v -0.13606387170123635 -0.014045400198587965 -0.028999728211128287
v -0.1374174883829439 -0.014529299096067316 -0.027741398207641228
v -0.13880363671112783 -0.015022429781469573 -0.02647816202562121
v -0.14021384778462362 -0.01552274268314617 -0.02521711003128593
v -0.14163965270226667 -0.016028188229448542 -0.02396533259085307
v -0.14307258256289254 -0.016536716848728192 -0.022729920070540355
v -0.1445041684653367 -0.017046278969336554 -0.021517962836565475
v -0.14592594150843458 -0.017554825019625075 -0.020336551255146138
v -0.14732943279102167 -0.018060305427945234 -0.01919277569250005
v -0.1487061871583633 -0.018560673889788423 -0.01809371490465882
v -0.1500506636988492 -0.019054576734311116 -0.017043986288209505
v -0.15136382356218014 -0.01954220564785651 -0.016042715621733022
v -0.15264750766956586 -0.02002396141372341 -0.015088285631902437
v -0.1539035569422163 -0.02050024481521047 -0.014179079045390865
v -0.15513381230134135 -0.02097145663561646 -0.01331347858887141
v -0.15634011466815093 -0.021437997658240074 -0.012489866989017172
v -0.1575243049638549 -0.021900268666380063 -0.011706626972501261
v -0.15868822410966316 -0.022358670443335144 -0.010962141265996737
v -0.15983371302678553 -0.022813603772404087 -0.010254792596176714
v -0.16096261263643208 -0.023265469436885594 -0.009582963689714324
v -0.16207676385981248 -0.023714668220078367 -0.008945037273282611
v -0.1631780076181368 -0.02416160090528116 -0.00833939607355472
v -0.16426818483261488 -0.024606668275792692 -0.007764422817203718
v -0.16534913642445656 -0.025050271114911676 -0.00721850023090273
v -0.16642270331487174 -0.02549281020593691 -0.006700011041324838
v -0.16749072642507037 -0.02593468633216703 -0.006207337975143144
v -0.16855504667626228 -0.026376300276900827 -0.005738863759030741
v -0.16961750498965744 -0.026818052823437008 -0.005292971119660737
v -0.1706799422864656 -0.027260344755074314 -0.004868042783706228
v -0.1717441756829549 -0.027703571996017737 -0.004462480038031014
v -0.1728110968782774 -0.028147941573204507 -0.004075405696912088
v -0.1738803954220196 -0.02859341512933966 -0.003706879864256541
v -0.17495168052208937 -0.029039937907686955 -0.003357025284615015
v -0.17602456138639447 -0.02948745515151019 -0.0030259647025381795
v -0.1770986472228426 -0.029935912104073134 -0.0027138208625766616
v -0.17817354723934162 -0.030385254008639576 -0.002420716509281145
v -0.17924887064379927 -0.030835426108473327 -0.002146774387202264
v -0.18032422664412326 -0.031286373646838145 -0.0018921172408906846
v -0.18139922444822135 -0.03173804186699776 -0.0016568678148970555
v -0.18247347326400137 -0.032190376012216054 -0.0014411488537720424
v -0.18354658229937107 -0.032643321325756716 -0.0012450831020662904
v -0.18461816076223816 -0.0330968230508836 -0.0010687933043304586
v -0.18568781786051045 -0.03355082643086042 -0.0009124022051151988
v -0.1867551628020957 -0.03400527670895101 -0.0007760325489711631
v -0.18781980479490168 -0.03446011912841915 -0.0006598070804490208
v -0.1888813530468361 -0.03491529893252859 -0.0005638485440994101
v -0.18993941676580683 -0.03537076136454312 -0.0004882796844730003
v -0.19099360515972158 -0.035826451667726536 -0.00043322324612042953
v -0.19204352743648806 -0.036282315085342604 -0.00039880197359236716
v -0.19308888715209896 -0.036738342823410916 -0.0003851406006646664
v -0.19413079958944626 -0.037195213826963586 -0.0003923936258162196
v -0.1951714667815848 -0.03765413646388648 -0.00042073846045327656
v -0.1962131187165573 -0.03811633272065975 -0.00047035310538211944
v -0.19725798538240663 -0.038583024583763594 -0.0005414155614090477
v -0.19830829676717562 -0.03905543403967812 -0.0006341038293403573
v -0.199366282858907 -0.03953478307488357 -0.0007485959099823407
v -0.20043417364564375 -0.040022293675860056 -0.0008850698041413009
v -0.2015141991154286 -0.04051918782908775 -0.0010437035126235304
v -0.2026085892563043 -0.04102668752104687 -0.0012246750362353148
v -0.20371957405631383 -0.04154601473821752 -0.0014281623757829674
v -0.2048493835034999 -0.042078391467079895 -0.0016543435320727738
v -0.2060002475859054 -0.042625039694114145 -0.0019033965059110265
v -0.2071743962915731 -0.04318718140580046 -0.0021754992981040354
v -0.20837405960854594 -0.043766038588619 -0.002470829909458086
v -0.20960146752486658 -0.0443628332290499 -0.002789566340779471
v -0.21085885002857796 -0.04497878731357338 -0.003131886592874486
v -0.21214843710772285 -0.04561512282866957 -0.0034979686665494447
v -0.2134724587503441 -0.04627306176081865 -0.0038879905626106187
v -0.21483314494448452 -0.046953826096500784 -0.004302130281864321
v -0.2162323526720451 -0.047658079656551056 -0.004740786915527467
v -0.21766918216640968 -0.0483823610688339 -0.00520599355113302
v -0.21914149807811711 -0.0491213600375144 -0.005700515638199146
v -0.22064715922948552 -0.049869757545419474 -0.006227122080781678
v -0.22218402444283283 -0.05062223457537602 -0.006788581782936457
v -0.22374995254047697 -0.051373472110210934 -0.007387663648719296
v -0.22534280234473603 -0.0521181511327511 -0.008027136582186064
v -0.22696043267792784 -0.05285095262582344 -0.008709769487392553
v -0.22860070236237054 -0.05356655757225483 -0.00943833126839461
v -0.23026147022038196 -0.0542596469548722 -0.010215590829248073
v -0.23194059507428022 -0.0549249017565024 -0.01104431707400878
v -0.2336359357463832 -0.05555700295997238 -0.011927278906732553
v -0.23534535105900892 -0.056150631548109 -0.012867245231475224
v -0.23706669983447531 -0.056700468503739186 -0.013866984952292622
v -0.23879784089510048 -0.05720119480968982 -0.014929266973240592
v -0.2405366330632023 -0.0576474914487878 -0.016056860198374958
v -0.24228093516109878 -0.058034039403860024 -0.017252533531751556
v -0.2440286060111079 -0.058355519657733404 -0.018519055877426218
v -0.24577750443554766 -0.05860661319323483 -0.01985919613945478
v -0.24752548925673598 -0.058782000993191204 -0.02127572322189306
v -0.05832468308314583 0.014819782127094491 -0.017260634217061924
v -0.0581754458898322 0.014387620596748613 -0.017517148386670334
v -0.058014741914069606 0.013894427714639779 -0.01782534916253799
v -0.057842892351544654 0.013342633294691278 -0.018183182340345803
v -0.05766021839794392 0.012734667150826454 -0.018588593715774687
v -0.057467041248954034 0.01207295909696858 -0.019039529084505593
v -0.05726368210026159 0.011359938947040932 -0.019533934242219424
v -0.057050462147553174 0.010598036514966894 -0.020069754984597118
v -0.05682770258651537 0.009789681614669601 -0.02064493710731959
v -0.056595724612834825 0.008937304060072551 -0.02125742640606777
v -0.05635484942219812 0.008043333665098878 -0.021905168676522587
v -0.05610539821029183 0.007110200243671969 -0.022586109714364932
v -0.0558476921728026 0.006140333609715123 -0.023298195315275796
v -0.05558205250541699 0.005136163577151603 -0.024039371274936047
v -0.05530880040382164 0.004100119959904738 -0.02480758338902662
v -0.05502825706370313 0.003034632571897844 -0.025600777453228477
v -0.05474074368074805 0.001942131227054153 -0.026416899263222503
v -0.05444658145064299 0.0008250457392970229 -0.02725389461468963
v -0.05414609156907459 -0.0003141940774502583 -0.028109709303310793
v -0.05383959523172944 -0.0014731584092644023 -0.02898228912476691
v -0.05352741363429412 -0.002649417442222121 -0.02986957987473891
v -0.05320986797245523 -0.003840541362400071 -0.03076952734890773
v -0.052887279441899394 -0.00504410035587502 -0.03168007734295425
v -0.05255996923831319 -0.006257664608723609 -0.032599175652559445
v -0.052228258557383236 -0.007478804307022552 -0.033524768073404224
v -0.05189246859479613 -0.008705089636848545 -0.03445480040116951
v -0.05155292054623846 -0.00993409078427833 -0.03538721843153622
v -0.05120993560739684 -0.011163377935388547 -0.03631996796018529
v -0.05086383497395786 -0.012390521276255964 -0.037250994782797614
v -0.050514939841608125 -0.01361309099295721 -0.03817824469505417
v -0.05016357140603423 -0.014828657271569054 -0.03909966349263584
v -0.04981005086292279 -0.016034790298168136 -0.040013196971223575
v -0.049454699407960385 -0.017229060258831197 -0.040916790926498275
v -0.049097838236833634 -0.018409037339634907 -0.04180839115414091
v -0.04873970639144267 -0.019572826954534175 -0.04268633640393216
v -0.04838021429854181 -0.020720675428996582 -0.04355053724205217
v -0.04801919023109893 -0.021853364316367876 -0.04440129718878076
v -0.04765646246208187 -0.022971675169993863 -0.04523891976439781
v -0.047291859264458516 -0.02407638954322025 -0.04606370848918323
v -0.04692520891119671 -0.025168288989392898 -0.04687596688341687
v -0.04655633967526433 -0.026248155061857473 -0.04767599846737869
v -0.04618507982962923 -0.02731676931395982 -0.04846410676134849
v -0.04581125764725927 -0.02837491329904565 -0.04924059528560622
v -0.0454347014011223 -0.02942336857046078 -0.050005767560431694
v -0.04505523936418622 -0.03046291668155096 -0.05075992710610483
v -0.04467269980941886 -0.03149433918566191 -0.05150337744290555
v -0.0442869110097881 -0.032518417636139496 -0.05223642209111365
v -0.04389770123826178 -0.03353593358632939 -0.052959364571009096
v -0.04350489876780778 -0.03454766858957743 -0.05367250840287173
v -0.043108331871393964 -0.03555440419922935 -0.05437615710698143
v -0.04270782882198817 -0.036556921968630925 -0.0550706142036181
v -0.04230321789255828 -0.0375560034511279 -0.05575618321306161
v -0.04189432735607217 -0.03855243020006608 -0.056433167655591865
v -0.04148098548549767 -0.03954698376879125 -0.057101871051488715
v -0.04106302055380267 -0.040540445710649096 -0.05776259692103207
v -0.040640260833955 -0.04153359757898545 -0.0584156487845018
v -0.040212534598922545 -0.04252722092714606 -0.05906133016217778
v -0.039779670121673175 -0.04352209730847672 -0.05969994457433993
v -0.039341495675174726 -0.044519008276323165 -0.06033179554126809
v -0.03889783953239509 -0.04551873538403116 -0.06095718658324217
v -0.0384485299663021 -0.046522060184946507 -0.06157642122054205
v -0.03799339524986364 -0.04752976423241495 -0.062189802973447575
v -0.03753226365604755 -0.04854262907978227 -0.06279763536223869
v -0.037064963457821724 -0.04956143628039421 -0.06340022190719524
v -0.036591322928154 -0.050586967387596576 -0.06399786612859715
v -0.036111170340012246 -0.051620003954735094 -0.06459087154672424
v -0.03562433396636432 -0.05266132753515556 -0.06517954168185641
v -0.03513075752524171 -0.0537113473175693 -0.06576407466409728
v -0.03463084651493038 -0.054768983032149894 -0.06634424706284499
v -0.03412512187877994 -0.05583278204443652 -0.06691973005732155
v -0.03361410456013998 -0.05690129171996832 -0.06749019482674881
v -0.033098315502360094 -0.05797305942428443 -0.06805531255034872
v -0.03257827564878986 -0.05904663252292402 -0.06861475440734323
v -0.0320545059427789 -0.06012055838142625 -0.06916819157695418
v -0.031527527327676795 -0.06119338436533026 -0.06971529523840357
v -0.03099786074683313 -0.062263657840175214 -0.07025573657091322
v -0.030466027143597516 -0.06332992617150025 -0.07078918675370512
v -0.029932547461319525 -0.06439073672484455 -0.07131531696600119
v -0.02939794264334879 -0.06544463686574725 -0.07183379838702329
v -0.028862733633034876 -0.0664901739597475 -0.07234430219599339
v -0.02832744137372738 -0.06752589537238446 -0.07284649957213336
v -0.0277925868087759 -0.0685503484691973 -0.07334006169466521
v -0.027258690881530035 -0.06956208061572514 -0.07382465974281074
v -0.02672627453533937 -0.07055963917750716 -0.07429996489579194
v -0.026195858713553514 -0.0715415715200825 -0.07476564833283071
v -0.02566796435952205 -0.07250642500899034 -0.07522138123314893
v -0.025143112416594563 -0.0734527470097698 -0.07566683477596857
v -0.024621823828120677 -0.07437908488796005 -0.07610168014051154
v -0.02410461953744996 -0.07528398600910023 -0.07652558850599973
v -0.02359202048793202 -0.07616599773872952 -0.0769382310516551
v -0.023084547622916445 -0.07702366744238706 -0.07733927895669952
v -0.022582721885752832 -0.077855542485612 -0.07772840340035492
v -0.022087064219790772 -0.0786601702339435 -0.07810527556184321
v -0.021598095568379872 -0.0794360980529207 -0.07846956662038636
v -0.02111633687486971 -0.08018187330808278 -0.0788209477552062
v -0.020642309082609896 -0.08089604336496888 -0.07915909014552472
v -0.020176533134950003 -0.08157715558911816 -0.07948366497056379
v -0.019719529975239652 -0.08222375734606975 -0.07979434340954537
v -0.019271820546828414 -0.08283439600136283 -0.08009079664169136
v -0.018833925793065903 -0.08340761892053655 -0.08037269584622364
v -0.09758943135871047 0.02990983354274436 -0.028255399368698326
v -0.09750808105396461 0.02952602560776775 -0.028545907567636353
v -0.09740323407387916 0.029083330871458854 -0.028887459238357126
v -0.0972757414948955 0.02858409824366183 -0.029277725009393938
v -0.097126454393455 0.028030676634220972 -0.02971437550928006
v -0.09695622384599906 0.027425414952980523 -0.03019508136654882
v -0.09676590092896904 0.026770662109784724 -0.030717513209733493
v -0.09655633671880634 0.026068767014477842 -0.03127934166736737
v -0.0963283822919523 0.025322078576904078 -0.031878237367983744
v -0.09608288872484835 0.024532945706907783 -0.03251187094011593
v -0.09582070709393585 0.023703717314333086 -0.03317791301229721
v -0.09554268847565617 0.0228367423090243 -0.03387403421306087
v -0.09524968394645073 0.021934369600825662 -0.03459790517094022
v -0.09494254458276084 0.020998948099581402 -0.035347196514468535
v -0.09462212146102796 0.0200328267151358 -0.036119578872179134
v -0.09428926565769344 0.01903835435733313 -0.0369127228726053
v -0.09394482824919863 0.018017879936017542 -0.03772429914428031
v -0.09358966031198494 0.016973752361033365 -0.03855197831573749
v -0.09322461292249373 0.015908320542224824 -0.039393431015510114
v -0.0928505371571664 0.014823933389436161 -0.04024632787213149
v -0.09246828409244437 0.013722939812511645 -0.041108339514134895
v -0.09207870480476894 0.012607688721295474 -0.04197713657005364
v -0.0916826503705815 0.011480529025631972 -0.042850389668421
v -0.09128097186632349 0.010343809635365311 -0.04372576943777029
v -0.09087452036843627 0.00919987946033983 -0.044600946506634806
v -0.0904641469533612 0.008051087410399671 -0.04547359150354782
v -0.09005070269753965 0.006899782395389131 -0.04634137505704264
v -0.08963503867741304 0.005748313325152507 -0.047201967795652555
v -0.08921800596942273 0.004599029109533956 -0.04805304034791087
v -0.08880045565001009 0.003454278658377774 -0.048892263342350875
v -0.08838323879561649 0.0023164108815282164 -0.04971730740750585
v -0.08796720648268339 0.0011877746888295238 -0.05052584317190913
v -0.08755320978765206 7.071899012592309e-05 -0.05131554126409395
v -0.08714209978696395 -0.0010324073047382892 -0.05208407231259364
v -0.0867345069507106 -0.0021198208959299913 -0.05282967704885176
v -0.08633017932358428 -0.003192000923660357 -0.053552876615952816
v -0.08592864434392744 -0.004249992138151554 -0.0542547622598917
v -0.08552942945008249 -0.005294839289625916 -0.054936425226663144
v -0.08513206208039192 -0.006327587128305653 -0.055598956762261995
v -0.08473606967319815 -0.007349280404412989 -0.056243448112683045
v -0.08434097966684363 -0.008360963868170188 -0.05687099052392114
v -0.08394631949967084 -0.009363682269799486 -0.057482675241971024
v -0.08355161661002214 -0.010358480359523164 -0.058079593512827585
v -0.08315639843624005 -0.011346402887563403 -0.058662836582485584
v -0.08276019241666698 -0.012328494604142495 -0.059233495696939836
v -0.08236252598964539 -0.013305800259482664 -0.05979266210218516
v -0.08196292659351774 -0.01427936460380616 -0.06034142704421637
v -0.08156092166662643 -0.015250232387335236 -0.06088088176902827
v -0.08115603864731392 -0.0162194483602921 -0.06141211752261566
v -0.08074780497392268 -0.017188057272899057 -0.06193622555097339
v -0.08033574808479511 -0.01815710387537832 -0.06245429710009619
v -0.07991939541827371 -0.019127632917952136 -0.06296742341597894
v -0.07949827441270088 -0.020100689150842746 -0.06347669574461644
v -0.0790719125064191 -0.021077317324272385 -0.06398320533200345
v -0.07863983713777078 -0.02205856218846329 -0.06448804342413487
v -0.07820157574509838 -0.02304546849363774 -0.06499230126700543
v -0.07775665576674437 -0.024039080990017975 -0.06549707010660996
v -0.07730460464105116 -0.025040444427826214 -0.0660034411889433
v -0.07684494980636118 -0.02605060355728471 -0.06651250576000024
v -0.07637721870101692 -0.027070603128615714 -0.06702535506577559
v -0.07590093876336079 -0.028101487892041505 -0.06754308035226414
v -0.07541563743173527 -0.02914430259778425 -0.06806677286546074
v -0.07492084214448277 -0.03020009199606624 -0.06859752385136016
v -0.07441608033994573 -0.03126990083710972 -0.06913642455595723
v -0.07390087945646664 -0.032354773871136944 -0.06968456622524676
v -0.07337476693238791 -0.03345575584837013 -0.07024304010522356
v -0.07283727020605199 -0.03457389151903152 -0.07081293744188243
v -0.0722880223274244 -0.03570996846566654 -0.07139509256096269
v -0.07172707879296279 -0.036863745600113185 -0.07198931210718151
v -0.07115460071074797 -0.03803472466653268 -0.07259514580500064
v -0.0705707491888607 -0.039222407409086155 -0.07321214337888174
v -0.06997568533538176 -0.04042629557193479 -0.07383985455328655
v -0.06936957025839188 -0.04164589089923978 -0.07447782905267676
v -0.06875256506597183 -0.04288069513516231 -0.07512561660151403
v -0.06812483086620238 -0.04413021002386353 -0.07578276692426013
v -0.06748652876716428 -0.045393937309504646 -0.07644882974537667
v -0.06683781987693832 -0.04667137873624681 -0.07712335478932546
v -0.06617886530360524 -0.04796203604825124 -0.07780589178056813
v -0.06550982615524581 -0.049265410989679057 -0.0784959904435664
v -0.06483086353994079 -0.05058100530469149 -0.07919320050278196
v -0.06414213856577093 -0.051908320737449686 -0.07989707168267651
v -0.06344381234081703 -0.05324685903211484 -0.08060715370771177
v -0.06273604597315985 -0.05459612193284811 -0.08132299630234943
v -0.0620190005708801 -0.05595561118381068 -0.08204414919105116
v -0.06129283724205857 -0.05732482852916374 -0.08277016209827873
v -0.060557717094776066 -0.05870327571306846 -0.08350058474849378
v -0.059813801237113294 -0.06009045447968603 -0.08423496686615804
v -0.05906125077715105 -0.061485866573177596 -0.0849728581757332
v -0.05830022682297008 -0.06288901373770436 -0.08571380840168097
v -0.05753089048265114 -0.0642993977174275 -0.08645736726846306
v -0.05675340286427503 -0.06571652025650818 -0.08720308450054112
v -0.055967925075922464 -0.06713988309910761 -0.08795050982237691
v -0.055174618225674245 -0.06856898798938692 -0.0886991929584321
v -0.05437364342161111 -0.07000333667150732 -0.08944868363316841
v -0.05356516177181385 -0.07144243088962997 -0.09019853157104751
v -0.05274933438436322 -0.07288577238791605 -0.09094828649653114
v -0.05192632236733993 -0.07433286291052676 -0.09169749813408096
v -0.051096286828824826 -0.07578320420162327 -0.0924457162081587
v -0.05025938887689862 -0.07723629800536674 -0.09319249044322607
v -0.04941578961964208 -0.07869164606591834 -0.09393737056374471
v 0.18193631688552964 0.0734852249805797 0.09400871473959009
v 0.18214630244742025 0.0727946269503572 0.0937117891382292
v 0.18238677369224238 0.07201728958346292 0.09334974910490658
v 0.182655970162511 0.07115868988186867 0.09292586897124638
v 0.18295213140074104 0.07022430484754606 0.09244342306887278
v 0.18327349694944742 0.06921961148246679 0.09190568572940994
v 0.18361830635114504 0.06815008678860264 0.09131593128448194
v 0.18398479914834884 0.06702120776792526 0.09067743406571298
v 0.18437121488357375 0.06583845142240645 0.08999346840472723
v 0.1847757930993347 0.06460729475401784 0.08926730863314883
v 0.1851967733381466 0.06333321476473115 0.08850222908260187
v 0.18563239514252441 0.06202168845651816 0.0877015040847106
v 0.186080898054983 0.060678192831350494 0.08686840797109908
v 0.18654052161803733 0.05930820489119985 0.0860062150733915
v 0.1870095053742023 0.05791720163803808 0.08511819972321204
v 0.18748608886599288 0.056510660073836746 0.08420763625218478
v 0.18796851163592396 0.055094057200567606 0.08327779899193392
v 0.18845501322651043 0.05367287002020242 0.08233196227408361
v 0.18894383318026733 0.05225257553471287 0.08137340043025798
v 0.18943321103970948 0.05083865074607062 0.08040538779208121
v 0.18992138634735187 0.04943657265624744 0.07943119869117743
v 0.19040659864570936 0.04805181826721504 0.07845410745917077
v 0.1908870874772969 0.046689864580945054 0.07747738842768541
v 0.19136109238462942 0.04535618859940928 0.07650431592834547
v 0.1918268529102219 0.044056267324579415 0.07553816429277516
v 0.19228261477138037 0.04279555581807527 0.07458219327396987
v 0.19272737083513636 0.0415768543589395 0.07363789861085075
v 0.19316156504443496 0.040397807243523334 0.07270335006459148
v 0.19358580806158138 0.0392554663786774 0.0717762237733904
v 0.19400071054888088 0.03814688367125234 0.07085419587544586
v 0.19440688316863866 0.037069111028098664 0.06993494250895624
v 0.19480493658316012 0.036019200356067024 0.06901613981211992
v 0.19519548145475024 0.03499420356200801 0.06809546392313526
v 0.19557912844571454 0.033991172552772245 0.06717059098020065
v 0.1959564882183581 0.03300715923521029 0.06623919712151444
v 0.19632817143498618 0.03203921551617274 0.06529895848527499
v 0.19669478875790408 0.03108439330251024 0.06434755120968069
v 0.19705695084941702 0.03013974450107333 0.0633826514329299
v 0.1974152683718302 0.029202321018712632 0.06240193529322101
v 0.19777035198744888 0.028269174762278707 0.06140307892875234
v 0.19812281235857845 0.02733735763862223 0.0603837584777223
v 0.19847326014752392 0.026403921554593715 0.05934165007832924
v 0.19882230601659076 0.025465918417043862 0.05827442986877154
v 0.19917056062808403 0.02452040013282318 0.05717977398724758
v 0.199518634644309 0.023564418608782292 0.056055358571955705
v 0.19986713872757106 0.02259502575177179 0.05489885976109431
v 0.20021668354017533 0.02160927346864229 0.053707953692861736
v 0.20056787974442705 0.020604213666244375 0.05248031650545637
v 0.20092133800263154 0.01957689825142865 0.051213624337076574
v 0.20127766897709404 0.018524379131045696 0.049905553325920726
v 0.2016374704056975 0.017443768225983466 0.04855382243113944
v 0.20200104276461517 0.01633355777998853 0.047157135493785196
v 0.20236838926831024 0.015193620359666093 0.045715181236812244
v 0.20273950020682383 0.014023888545658711 0.04422769120412717
v 0.2031143658701968 0.012824294918608967 0.04269439693963651
v 0.20349297654847043 0.011594772059159375 0.04111502998724678
v 0.20387532253168553 0.010335252547952492 0.039489321890864564
v 0.20426139410988325 0.00904566896563086 0.037817004194396375
v 0.20465118157310463 0.007725953892837048 0.03609780844174879
v 0.20504467521139066 0.006376039910213641 0.03433146617682835
v 0.2054418653147825 0.004995859598403138 0.03251770894354156
v 0.20584274217332107 0.003585345538048096 0.030656268285795013
v 0.20624729607704745 0.002144430309791112 0.028746875747495217
v 0.20665551731600273 0.0006730464942746872 0.026789262872548764
v 0.20706739618022782 -0.0008288733278586091 0.024783161204862143
v 0.20748292295976392 -0.0023613965759662348 0.022728302288341953
v 0.20790208794465204 -0.003924590669405578 0.020624417666894723
v 0.2083248814249331 -0.005518523027534167 0.01847123888442696
v 0.20875129369064827 -0.007143261069709417 0.016268497484845268
v 0.2091813150318385 -0.008798872215288786 0.014015925012056138
v 0.20961493573854495 -0.010485423883629705 0.011713253009966172
v 0.21005214610080852 -0.012202983494089617 0.009360213022481875
v 0.21049293640867028 -0.013951618466025995 0.006956536593509789
v 0.2109372969521714 -0.01573139621879628 0.0045019552669564936
v 0.21138521802135282 -0.017542384171757908 0.0019962005867284853
v 0.21183663111047868 -0.01938508396230537 -0.000561369930026194
v 0.2122909559727926 -0.021263776532970527 -0.0031746541842435083
v 0.21274734886935281 -0.023184688766377193 -0.0058492262708515
v 0.2132049638835963 -0.025154063627298648 -0.00859067413762107
v 0.21366295509896016 -0.027178144080508282 -0.011404585732323221
v 0.21412047659888125 -0.029263173090779332 -0.014296549002728826
v 0.21457668246679662 -0.03141539362288524 -0.017272151896608915
v 0.2150307267861432 -0.03364104864159928 -0.020336982361734337
v 0.21548176364035806 -0.03594638111169475 -0.0234966283458761
v 0.21592894711287816 -0.03833763399794505 -0.02675667779680518
v 0.2163714312871404 -0.04082105026512347 -0.03012271866229244
v 0.2168083702465818 -0.043402872878003367 -0.03360033889010891
v 0.21723891807463946 -0.04608934480135799 -0.03719512642802546
v 0.21766222885475017 -0.04888670899996076 -0.040912669223813036
v 0.21807745667035103 -0.05180120843858499 -0.04475855522524269
v 0.21848375560487904 -0.054839086082003954 -0.04873837238008524
v 0.2188802797417711 -0.05800658489499107 -0.052857708636111736
v 0.21926618316446428 -0.06130994784231957 -0.05712215194109302
v 0.21964061995639547 -0.06475541788876288 -0.061537290242800136
v 0.22000274420100177 -0.06834923799909425 -0.06610871148900395
v 0.22035170998172 -0.07209765113808703 -0.07084200362747542
v 0.2206866713819873 -0.07600690027051461 -0.07574275460598558
v 0.22100678248524053 -0.08008322836115023 -0.08081655237230524
v 0.22131119737491683 -0.0843328783747673 -0.08606898487420551
v 0.22159907013445299 -0.08876209327613907 -0.09150564005945715
v 0.1591147404151145 0.09093525195940637 0.06999895264431412
v 0.15942596624941666 0.08994105991669389 0.06961430285294047
v 0.1597858596014053 0.08882684741352646 0.06910046428001014
v 0.16019102240477548 0.08760066572624507 0.06846452086404553
v 0.16063805659322197 0.08627056613119065 0.06771355654356909
v 0.16112356410043968 0.08484459990470412 0.06685465525710325
v 0.1616441468601235 0.08333081832312651 0.06589490094317046
v 0.16219640680596828 0.08173727266279872 0.06484137754029314
v 0.16277694587166885 0.08007201420006178 0.06370116898699374
v 0.16338236599092018 0.0783430942112565 0.06248135922179468
v 0.16400926909741706 0.07655856397272391 0.0611890321832184
v 0.16465425712485446 0.07472647476080503 0.05983127180978734
v 0.1653139320069271 0.07285487785184074 0.05841516204002395
v 0.16598489567733 0.07095182452217201 0.056947786812450635
v 0.16666375006975795 0.06902536604813976 0.05543623006558984
v 0.16734709711790582 0.067083553706085 0.053887575737964016
v 0.16803153875546856 0.06513443877234866 0.0523089077680956
v 0.16871367691614095 0.06318607252327167 0.050707310094507005
v 0.16939011353361794 0.06124650623519505 0.04908986665572068
v 0.17005745054159432 0.05932379118445967 0.04746366139025908
v 0.17071229455022724 0.057425966548271826 0.045835767797939055
v 0.17135224357965564 0.055558506487283624 0.04421104637300235
v 0.17197710761662946 0.05372116227143893 0.0425894201019687
v 0.17258699594147786 0.05191291082606138 0.04097014389420309
v 0.17318201783453022 0.0501327290764748 0.03935247265907048
v 0.17376228257611573 0.04837959394800291 0.03773566130593585
v 0.1743278994465638 0.046652482365969486 0.03611896474416417
v 0.1748789777262037 0.04495037125569824 0.03450163788312044
v 0.17541562669536467 0.043272237542512845 0.032882935632169596
v 0.17593795563437595 0.041617058151737066 0.031262112900676625
v 0.17644607382356692 0.03998381000869465 0.02963842459800651
v 0.17694009054326676 0.038371470038709346 0.028011125633524214
v 0.17742011507380492 0.036779015167104925 0.02637947091659472
v 0.17788625669551056 0.03520542231920508 0.024742715356583008
v 0.17833862468871303 0.033649668420333526 0.023100113862854033
v 0.17877732833374155 0.03211073039581401 0.02145092134477278
v 0.17920247691092547 0.03058758517097028 0.01979439271170422
v 0.179614179700594 0.02907920967112608 0.01812978287301333
v 0.18001254598307653 0.027584580821605156 0.016456346738065092
v 0.1803976850387023 0.026102675547731186 0.014773339216224458
v 0.18076970480132723 0.02463246652515899 0.013080019663672319
v 0.18112866086065368 0.02317276122366227 0.011375820306557856
v 0.18147454080947736 0.021722152504731737 0.009660397935233432
v 0.18180732769624622 0.02027921888722553 0.00793342434805509
v 0.18212700456940822 0.01884253889000173 0.006194571343378887
v 0.18243355447741136 0.01741069103191835 0.004443510719560853
v 0.18272696046870346 0.01598225383183345 0.0026799142749570314
v 0.1830072055917326 0.014555805808605063 0.0009034538079234836
v 0.18327427289494663 0.013129925481091279 -0.0008861988831837565
v 0.18352814542679363 0.011703191368150193 -0.0026893720000086344
v 0.18376880623572145 0.010274181988639788 -0.00450639374419512
v 0.18399623837017806 0.008841475861418174 -0.0063375923173871335
v 0.18421042487861142 0.007403651505343389 -0.008183295921228687
v 0.18441134880946947 0.0059592874392735 -0.010043832757363678
v 0.18459899321120019 0.004506962182066573 -0.011919531027436082
v 0.18477334113225152 0.003045254252580648 -0.013810718933089872
v 0.18493437562107135 0.001572742169673777 -0.015717724675968974
v 0.1850820797261078 8.800445220405462e-05 -0.01764087645771738
v 0.18521643649580866 -0.0014103803809704801 -0.01958050247997899
v 0.18533742897862188 -0.002923833810991802 -0.021536930944397795
v 0.18544504100921314 -0.004453753072830913 -0.023510501689224254
v 0.18553926818639266 -0.006001172606901903 -0.025501728670820786
v 0.18562011516503282 -0.007566847573650379 -0.02751125988201732
v 0.18568758683295924 -0.009151525949471426 -0.02953974676352705
v 0.18574168807799762 -0.010755955710760101 -0.03158784075606333
v 0.18578242378797366 -0.01238088483391131 -0.03365619330033939
v 0.18580979885071294 -0.014027061295320206 -0.03574545583706851
v 0.18582381815404123 -0.015695233071381764 -0.037856279806964
v 0.1858244865857841 -0.017386148138491028 -0.039989316650739085
v 0.1858118090337672 -0.01910055447304304 -0.04214521780910706
v 0.1857857903858163 -0.020839200051432763 -0.0443246347227812
v 0.18574643552975706 -0.02260283285005532 -0.04652821883247478
v 0.1856937493534151 -0.02439220084530566 -0.04875662157890111
v 0.18562773674461608 -0.026208052013578884 -0.051010494402773415
v 0.1855484025911857 -0.02805113433126999 -0.05329048874480502
v 0.1854557517809496 -0.029922195774773966 -0.05559725604570913
v 0.18534978920173353 -0.0318219843204859 -0.057931447746199044
v 0.18523051974136304 -0.03375124794480082 -0.06029371528698811
v 0.18509794828766385 -0.0357107346241137 -0.06268471010878951
v 0.18495207972846164 -0.03770119233481964 -0.06510508365231658
v 0.18479285152971156 -0.039723013447584624 -0.06755567054341942
v 0.18461970286760726 -0.04177396218448402 -0.07003865926060049
v 0.18443184958339637 -0.04385062482361582 -0.07255684508312794
v 0.18422850646485983 -0.045949582086738626 -0.07511302615253794
v 0.1840088882997785 -0.04806741469561096 -0.07771000061036648
v 0.18377220987593332 -0.05020070337199135 -0.08035056659814958
v 0.18351768598110518 -0.05234602883763837 -0.08303752225742335
v 0.18324453140307506 -0.054499971814310516 -0.08577366572972375
v 0.1829519609296238 -0.056659113023766354 -0.08856179515658687
v 0.1826391893485323 -0.05882003318776447 -0.09140470867954878
v 0.18230543144758152 -0.06097931302806335 -0.09430520444014547
v 0.18194990201455238 -0.06313353326642157 -0.09726608057991303
v 0.18157181583722573 -0.06527927462459764 -0.10029013524038743
v 0.1811703877033825 -0.06741311782435014 -0.1033801665631048
v 0.18074483240080366 -0.06953164358743757 -0.1065389726896011
v 0.1802943647172701 -0.07163143263561851 -0.10976935176141246
v 0.1798181994405627 -0.07370906569065151 -0.1130741019200749
v 0.17931555135846236 -0.07576112347429508 -0.11645602130712439
v 0.17878563525875005 -0.07778418670830778 -0.11991790806409706
v 0.17822766592920664 -0.07977483611444815 -0.1234625603325289
v -0.2459866569196502 -0.014238454424917085 0.06383516192791457
v -0.24662524757856988 -0.014316341263798799 0.06332212963047466
v -0.24731600565746636 -0.014397094808331415 0.06275692781489658
v -0.24805629094912063 -0.014480127594411113 0.06214050873987406
v -0.24884346324631354 -0.0145648521579341 0.06147382466410077
v -0.24967488234182614 -0.014650681034796526 0.060757827846270415
v -0.25054790802843935 -0.014737026760894598 0.0599934705450767
v -0.25145990009893404 -0.01482330187212448 0.059181705019213354
v -0.25240821834609123 -0.014908918904382423 0.05832348352737404
v -0.2533902225626918 -0.014993290393564562 0.057419758328252496
v -0.25440327254151673 -0.01507582887556709 0.056471481680542404
v -0.25544472807534685 -0.0151559468862862 0.055479605842937485
v -0.2565119489569633 -0.0152330569616181 0.054445083074131435
v -0.2576022949791468 -0.015306571637458952 0.05336886563281794
v -0.25871312593467843 -0.015375903449704936 0.05225190577769074
v -0.25984180161633913 -0.015440464934252232 0.051095155767443515
v -0.2609856818169098 -0.015499668626997087 0.04989956786076996
v -0.2621421263291713 -0.015552927063835625 0.0486660943163638
v -0.26330849494590475 -0.01559965278066408 0.04739568739291873
v -0.2644821474598909 -0.015639258313378618 0.04608929934912845
v -0.26566044366391084 -0.015671156197875416 0.04474788244368667
v -0.26684074335074537 -0.015694758970050682 0.04337238893528708
v -0.26802040631317553 -0.015709479165800594 0.041963771082623405
v -0.2691967923439822 -0.01571472932102136 0.04052298114438933
v -0.2703672612359464 -0.015709921971609087 0.03905097137927857
v -0.27152917278184907 -0.015694469653460066 0.03754869404598482
v -0.272679886774471 -0.015667784902470422 0.03601710140320179
v -0.27381676300659324 -0.015629280254536373 0.03445714570962319
v -0.27493716127099677 -0.015578368245554114 0.0328697792239427
v -0.27603844136046246 -0.015514461411419794 0.031255954204854046
v -0.27711796306777114 -0.015436972288029649 0.029616622911050917
v -0.2781730861857041 -0.015345313411279787 0.027952737601227035
v -0.2792011705070418 -0.015238897317066472 0.02626525053407608
v -0.2801995758245656 -0.015117136541285867 0.024555113968291787
v -0.2811661863994197 -0.014979570943396442 0.022823068660928553
v -0.2821009843662032 -0.014826249677105705 0.021069009362483734
v -0.28300447632787823 -0.014657349219683494 0.019292619321815398
v -0.28387716888740716 -0.014473046048399593 0.01749358178778161
v -0.2847195686477525 -0.014273516640523828 0.01567158000924045
v -0.2855321822118765 -0.01405893747332601 0.013826297235049958
v -0.28631551618274165 -0.013829485024075924 0.011957416714068221
v -0.2870700771633101 -0.01358533577004338 0.0100646216951533
v -0.2877963717565445 -0.013326666188498204 0.008147595427163265
v -0.2884949065654069 -0.013053652756710221 0.0062060211589561876
v -0.28916618819285994 -0.012766471951949215 0.004239582139390137
v -0.2898107232418659 -0.012465300251484984 0.0022479616173231645
v -0.29042901831538703 -0.012150314132587312 0.00023084284161334692
v -0.2910215800163859 -0.011821690072526078 -0.0018120909388812424
v -0.2915889149478248 -0.01147960454857104 -0.0038811564753025406
v -0.2921315297126659 -0.011124234037992023 -0.0059766705187924915
v -0.2926499309138719 -0.010755755018058852 -0.008098949820493011
v -0.29314462515440487 -0.010374343966041297 -0.010248311131546024
v -0.29361611903722745 -0.00998017735920917 -0.0124250712030935
v -0.2940649191653017 -0.009573431674832336 -0.014629546786277325
v -0.2944915321415903 -0.009154283390180512 -0.01686205463223946
v -0.29489646456905544 -0.008722908982523578 -0.019122911492121853
v -0.29528022305065943 -0.008279484929131317 -0.021412434117066382
v -0.29564331418936485 -0.007824187707273542 -0.023730939258215056
v -0.29598624458813383 -0.007357193794220035 -0.026078743666709734
v -0.2963095208499289 -0.006878679667240636 -0.028456164093692376
v -0.2966136495777123 -0.0063888218036051575 -0.030863517290304943
v -0.2968991373744465 -0.005887796680583382 -0.03330112000768931
v -0.29716649084309393 -0.0053757807754451215 -0.03576928899698749
v -0.2974162165866168 -0.004852950565460215 -0.03826834100934132
v -0.29764882120797753 -0.004319482527898433 -0.040798592795892805
v -0.29786481131013853 -0.003775553140029572 -0.04336036110778385
v -0.2980646934960622 -0.0032213388791235142 -0.045953962696156384
v -0.29824831853989897 -0.0026565540857515085 -0.04858091154087739
v -0.2984129139005527 -0.0020790645536911817 -0.05124751053671371
v -0.2985550512081153 -0.0014862739400214597 -0.05396125980715742
v -0.29867130209267867 -0.0008755859018214907 -0.056729659475700425
v -0.2987582381843348 -0.0002444040961702837 -0.05956020966583468
v -0.2988124311131756 0.00040986781985311027 -0.062460410501052194
v -0.298830452509293 0.0010898261891696126 -0.06543776210484482
v -0.2988088740027791 0.001798067354700214 -0.06849976460070467
v -0.29874426722372566 0.0025371876593658083 -0.07165391811212353
v -0.2986332038022246 0.003309783446087386 -0.07490772276259346
v -0.29847225536836797 0.0041184510577858685 -0.07826867867560643
v -0.29825799355224775 0.004965786837382233 -0.08174428597465434
v -0.2979869899839558 0.005854387127797414 -0.08534204478322924
v -0.297655816293584 0.006786848271952334 -0.08906945522482294
v -0.2972610441112245 0.007765766612767996 -0.09293401742292755
v -0.29679924506696903 0.00879373849316531 -0.09694323150103488
v -0.2962669907909097 0.009873360256065195 -0.10110459758263701
v -0.2956608529131382 0.01100722824438867 -0.10542561579122588
v -0.29497740306374676 0.012197938801056601 -0.1099137862502934
v -0.29421321287282715 0.013448088268990022 -0.1145766090833316
v -0.29336485397047146 0.014760272991109796 -0.11942158441383231
v -0.29242889798677146 0.016137089310336958 -0.1244562123652876
v -0.29140191655181924 0.017581133569592414 -0.12968799306118947
v -0.29028048129570666 0.0190950021117971 -0.13512442662502971
v -0.28906116384852565 0.020681291279871977 -0.14077301318030047
v -0.2877405358403682 0.02234259741673797 -0.1466412528504935
v -0.28631516890132624 0.02408151686531608 -0.15273664575910098
v -0.28478163466149176 0.025900645968527217 -0.15906669202961468
v -0.28313650475095664 0.0278025810692923 -0.16563889178552665
v -0.28137635079981277 0.02978991851053235 -0.1724607451503289
v -0.2794977444381522 0.03186525463516825 -0.1795397522475132
v -0.27749725729606683 0.03403118578612098 -0.18688341320057178
v -0.2753714610036486 0.03629030830631151 -0.19449922813299633
v -0.22714177738557412 -0.08228121556997178 -0.2027307517774144
v -0.2274170479130325 -0.08196703204770293 -0.20264813605430626
v -0.22770772912230186 -0.08162549900413157 -0.2025623361443315
v -0.2280134184316483 -0.08125709491586983 -0.20247345597228095
v -0.22833371325933807 -0.08086229825952986 -0.20238159946294515
v -0.22866821102363716 -0.08044158751172378 -0.20228687054111497
v -0.22901650914281166 -0.07999544114906373 -0.20218937313158078
v -0.22937820503512776 -0.07952433764816186 -0.2020892111591334
v -0.2297528961188515 -0.07902875548563026 -0.2019864885485634
v -0.23014017981224902 -0.07850917313808115 -0.20188130922466152
v -0.23053965353358635 -0.07796606908212658 -0.20177377711221822
v -0.23095091470112974 -0.07739992179437874 -0.2016639961360244
v -0.2313735607331451 -0.07681120975144975 -0.2015520702208706
v -0.23180718904789877 -0.07620041142995175 -0.20143810329154735
v -0.2322513970636567 -0.07556800530649688 -0.2013221992728455
v -0.23270578219868507 -0.07491446985769723 -0.20120446208955559
v -0.2331699418712498 -0.07424028356016502 -0.20108499566646826
v -0.23364347349961725 -0.07354592489051232 -0.20096390392837415
v -0.2341259745020534 -0.07283187232535127 -0.20084129080006408
v -0.23461704229682437 -0.07209860434129403 -0.2007172602063285
v -0.23511627430219625 -0.07134659941495275 -0.20059191607195806
v -0.2356232679364352 -0.07057633602293953 -0.20046536232174353
v -0.2361376206178073 -0.06978829264186652 -0.2003377028804755
v -0.23665892976457864 -0.06898294774834586 -0.20020904167294462
v -0.23718679279501528 -0.06816077981898969 -0.20007948262394157
v -0.23772080712738347 -0.06732226733041013 -0.19994912965825695
v -0.23826057017994906 -0.06646788875921933 -0.19981808670068138
v -0.23880567937097846 -0.06559812258202942 -0.19968645767600568
v -0.23935573211873756 -0.06471344727545254 -0.19955434650902035
v -0.2399103258414926 -0.06381434131610082 -0.19942185712451602
v -0.24046905795750964 -0.06290128318058641 -0.19928909344728338
v -0.2410315258850546 -0.061974751345521426 -0.19915615940211312
v -0.24159732704239395 -0.06103522428751802 -0.19902315891379588
v -0.24216605884779357 -0.06008318048318832 -0.1988901959071223
v -0.2427373187195196 -0.05911909840914448 -0.19875737430688298
v -0.2433107040758381 -0.058143456541998595 -0.19862479803786862
v -0.2438858123350152 -0.05715673335836284 -0.1984925710248699
v -0.2444622409153171 -0.056159407334849344 -0.19836079719267735
v -0.2450395872350098 -0.055151956948070235 -0.19822958046608177
v -0.24561744871235944 -0.054134860674637644 -0.19809902476987373
v -0.24619542276563208 -0.05310859699116373 -0.19796923402884384
v -0.24677310681309395 -0.052073644374260604 -0.1978403121677829
v -0.247350098273011 -0.0510304813005404 -0.19771236311148135
v -0.24792599456364942 -0.04997958624661528 -0.19758549078473
v -0.24850039310327535 -0.04892143768909738 -0.19745979911231937
v -0.24907289131015486 -0.0478565141045988 -0.1973353920190403
v -0.24964308660255402 -0.04678529396973171 -0.19721237342968329
v -0.25021057639873895 -0.045708255761108235 -0.19709084726903897
v -0.25077495811697575 -0.0446258779553405 -0.19697091746189807
v -0.25133582917553066 -0.043538639029040656 -0.19685268793305122
v -0.25189279947482324 -0.04244698637689774 -0.19673626339342487
v -0.25244576600480884 -0.04135065250936923 -0.19662176663506875
v -0.2529949128449776 -0.04024865505268112 -0.1965093385311556
v -0.2535404365569737 -0.03913998055113631 -0.19639912074099436
v -0.2540825337024412 -0.03802361554903766 -0.19629125492389368
v -0.2546214008430241 -0.036898546590688024 -0.19618588273916218
v -0.2551572345403666 -0.03576376022039028 -0.1960831458461088
v -0.2556902313561125 -0.03461824298244735 -0.195983185904042
v -0.2562205878519062 -0.03346098142116208 -0.19588614457227074
v -0.2567485005893915 -0.03229096208083733 -0.19579216351010356
v -0.2572741661302126 -0.031107171505775993 -0.19570138437684928
v -0.2577977810360136 -0.02990859624028093 -0.19561394883181665
v -0.2583195418684384 -0.028694222828655025 -0.1955299985343143
v -0.2588396451891312 -0.02746303781520118 -0.19544967514365097
v -0.259358287559736 -0.026214027744222226 -0.19537312031913545
v -0.2598756655418968 -0.024946179160021092 -0.1953004757200764
v -0.2603919756972579 -0.023658478606900596 -0.19523188300578262
v -0.26090741458746314 -0.022349912629163637 -0.1951674838355627
v -0.26142217877415663 -0.021019467771113118 -0.1951074198687254
v -0.26193646481898253 -0.01966613057705184 -0.1950518327645796
v -0.2624504692835848 -0.018288887591282776 -0.1950008641824338
v -0.26296438872960753 -0.016886725358108742 -0.19495465578159685
v -0.2634784197186948 -0.015458630421832611 -0.19491334922137746
v -0.2639927588124908 -0.014003589326757299 -0.19487708616108435
v -0.2645076025726393 -0.012520588617185621 -0.1948460082600262
v -0.26502314756078454 -0.011008614837420522 -0.19482025717751175
v -0.2655395903385706 -0.009466654531764832 -0.19479997457284973
v -0.2660571274676415 -0.00789369424452141 -0.1947853021053489
v -0.26657595550964136 -0.006288720519993185 -0.1947763814343179
v -0.2670962710262142 -0.0046507199024830165 -0.19477335421906555
v -0.267618270579004 -0.002978678936293777 -0.1947763621189005
v -0.2681421507296551 -0.0012715841657282984 -0.1947855467931315
v -0.26866810803981117 0.0004715778649104774 -0.19480104990106725
v -0.26919633907111656 0.0022518206113197187 -0.1948230131020165
v -0.2697270403852153 0.004070157529196539 -0.1948515780552879
v -0.2702604085437514 0.00592760207423805 -0.19488688642019034
v -0.2707966401083689 0.007825167702141408 -0.1949290798560324
v -0.27133593164071185 0.00976386786860367 -0.19497830002212277
v -0.2718784797024245 0.01174471602932202 -0.19503468857777032
v -0.27242448085515064 0.013768725639993595 -0.19509838718228367
v -0.27297413166053447 0.015836910156315456 -0.1951695374949715
v -0.2735276286802202 0.0179502830339848 -0.19524828117514262
v -0.2740851684758516 0.020109857728698652 -0.19533475988210577
v -0.274646947609073 0.022316647696154268 -0.19542911527516962
v -0.27521316264152823 0.024571666392048663 -0.19553148901364284
v -0.2757840101348616 0.026875927272079006 -0.19564202275683426
v -0.2763596866507169 0.029230443791942437 -0.19576085816405253
v -0.2769403887507384 0.031636229407336056 -0.19588813689460643
v -0.27752631299657016 0.034094297573956975 -0.19602400060780462
v -0.2781176559498561 0.036605661747502335 -0.19616859096295589
v -0.27145277761969744 0.037470607237645184 -0.19524575892032134
v -0.27214563908437683 0.03738646716980333 -0.19510686038804673
v -0.2728904249255756 0.03729162852518224 -0.1949656350291096
v -0.2736848083830695 0.03718634428137589 -0.19482246464823305
v -0.27452646269663444 0.03707086741597794 -0.1946777310501405
v -0.27541306110604613 0.03694545090658223 -0.19453181603955494
v -0.27634227685108054 0.03681034773078261 -0.19438510142119989
v -0.2773117831715134 0.03666581086617292 -0.19423796899979842
v -0.2783192533071206 0.036512093290346895 -0.19409080058007375
v -0.27936236049767793 0.03634944798089841 -0.19394397796674928
v -0.2804387779829613 0.03617812791542126 -0.1937978829645482
v -0.2815461790027463 0.035998386071509195 -0.1936528973781937
v -0.28268223679680915 0.035810475426756125 -0.19350940301240901
v -0.2838446246049253 0.03561464895875584 -0.19336778167191748
v -0.2850310156668708 0.035411159645102094 -0.1932284151614423
v -0.28623908322242153 0.0352002604633888 -0.19309168528570672
v -0.2874665005113531 0.03498220439120968 -0.192957973849434
v -0.28871094077344145 0.0347572444061585 -0.1928276626573473
v -0.28997007724846247 0.03452563348582925 -0.19270113351417
v -0.29124158317619186 0.034287624607815634 -0.19257876822462525
v -0.2925231317964056 0.034043470749711466 -0.19246094859343632
v -0.29381239634887935 0.03379342488911054 -0.1923480564253265
v -0.2951070500733891 0.033537740003606695 -0.19224047352501894
v -0.29640476620971057 0.033276669070793755 -0.19213858169723697
v -0.2977032179976196 0.033010465068265535 -0.19204276274670384
v -0.2990000786768921 0.032739380973615825 -0.19195339847814277
v -0.30029302148730386 0.032463669764438416 -0.19187087069627698
v -0.3015797196686307 0.03218358441832721 -0.1917955612058298
v -0.30285784646064845 0.031899377912875906 -0.1917278518115243
v -0.30412507510313286 0.031611303225678414 -0.19166812431808392
v -0.30537907883585985 0.031319613334328464 -0.19161676053023174
v -0.30661753089860533 0.03102456121641993 -0.19157414225269118
v -0.3078381045311449 0.030726399849546573 -0.19154065129018535
v -0.30903847297325465 0.030425382211302268 -0.19151666944743756
v -0.31021682082067115 0.030121690139442978 -0.19150251643096808
v -0.31137337809297505 0.02981522091237339 -0.1914982635544856
v -0.3125088861657078 0.02950580066866039 -0.1915039200334958
v -0.3136240864144109 0.029193255546870814 -0.19151949508350427
v -0.3147197202146258 0.028877411685571577 -0.1915449979200169
v -0.31579652894189403 0.02855809522332954 -0.19158043775853925
v -0.3168552539717571 0.028235132298711593 -0.19162582381457702
v -0.3178966366797563 0.027908349050284567 -0.19168116530363594
v -0.3189214184414334 0.027577571616615434 -0.19174647144122176
v -0.3199303406323296 0.027242626136270945 -0.19182175144284
v -0.32092414462798674 0.026903338747818042 -0.19190701452399647
v -0.32190357180394596 0.026559535589823602 -0.19200226990019695
v -0.32286936353574897 0.02621104280085447 -0.19210752678694706
v -0.3238222611989371 0.02585768651947755 -0.19222279439975243
v -0.3247630061690519 0.02549929288425966 -0.19234808195411887
v -0.325692339821635 0.02513568803376777 -0.19248339866555195
v -0.3266110035322275 0.024766698106568674 -0.19262875374955749
v -0.3275197386763712 0.02439214924122926 -0.1927841564216411
v -0.32841928662960757 0.024011867576316417 -0.19294961589730852
v -0.329310388767478 0.02362567925039702 -0.19312514139206546
v -0.3301937864655241 0.023233410402037954 -0.19331074212141758
v -0.33107022109928713 0.022834887169806056 -0.1935064273008706
v -0.3319404340443088 0.022429935692268213 -0.19371220614593013
v -0.33280516667613047 0.02201838210799137 -0.19392808787210206
v -0.3336651603702937 0.021600052555542273 -0.19415408169489182
v -0.3345211565023399 0.021174773173487926 -0.19439019682980535
v -0.33537389644781057 0.020742370100395077 -0.1946364424923482
v -0.33622412158224724 0.020302669474830684 -0.19489282789802617
v -0.33707257328119133 0.019855497435361594 -0.1951593622623449
v -0.33791999292018443 0.01940068012055471 -0.19543605480081003
v -0.33876712187476793 0.018938043668976848 -0.19572291472892733
v -0.33961470152048345 0.01846741421919494 -0.1960199512622025
v -0.3404634732328722 0.017988617909775864 -0.1963271736161412
v -0.34131395321631086 0.017501525656936356 -0.19664460645601253
v -0.3421657569905154 0.01700618748749276 -0.19697233624613852
v -0.3430182749040372 0.01650269820591134 -0.1973104649006051
v -0.34387089730542697 0.015991152616658413 -0.19765909433349768
v -0.3447230145432361 0.015471645524200217 -0.1980183264589019
v -0.3455740169660156 0.014944271733002945 -0.1983882631909034
v -0.3464232949223165 0.014409126047532916 -0.19876900644358766
v -0.34727023876069 0.013866303272256367 -0.1991606581310405
v -0.34811423882968706 0.01331589821163956 -0.19956332016734732
v -0.3489546854778589 0.012758005670148759 -0.1999770944665937
v -0.3497909690537565 0.012192720452250214 -0.2004020829428654
v -0.3506224799059311 0.01162013736241016 -0.2008383875102479
v -0.3514486083829337 0.011040351205094903 -0.20128611008282693
v -0.3522687448333154 0.010453456784770651 -0.20174535257468795
v -0.35308227960562727 0.009859548905903695 -0.20221621689991662
v -0.35388860304842046 0.009258722372960285 -0.2026988049725985
v -0.35468710551024596 0.008651071990406684 -0.20319321870681925
v -0.3554771773396551 0.008036692562709113 -0.20369956001666445
v -0.3562582088851987 0.00741567889433388 -0.20421793081621978
v -0.357029590495428 0.006788125789747204 -0.20474843301957066
v -0.35779071251889405 0.006154128053415378 -0.2052911685408028
v -0.3585409653041479 0.005513780489804665 -0.2058462392940018
v -0.3592797391997409 0.004867177903381245 -0.20641374719325328
v -0.3600064245542237 0.0042144150986114515 -0.20699379415264277
v -0.3607204117161477 0.00355558687996152 -0.20758648208625588
v -0.361421091034064 0.0028907880518977275 -0.2081919129081783
v -0.3621078528565237 0.0022201134188862687 -0.20881018853249556
v -0.36278008753207774 0.0015436577853934763 -0.20944141087329327
v -0.3634371854092773 0.0008615159558855862 -0.21008568184465704
v -0.3640785368366734 0.00017378273482880624 -0.21074310336067237
v -0.3647035321628173 -0.0005194470733105305 -0.21141377733542502
v -0.36531156173625995 -0.00121807866406623 -0.21209780568300055
v -0.3659020159055525 -0.001922017232971987 -0.2127952903174845
v -0.3469867784292188 -0.08578805892941818 -0.245622934575957
v -0.3470122024269408 -0.08550035834768348 -0.24540914919335563
v -0.34704547045383816 -0.08518243452462604 -0.24517750404990593
v -0.3470864401076853 -0.08483500368901639 -0.2449285327015279
v -0.34713496898625684 -0.08445878206962504 -0.24466276870414214
v -0.3471909146873273 -0.08405448589522249 -0.24438074561366888
v -0.347254134808671 -0.0836228313945793 -0.24408299698602828
v -0.3473244869480627 -0.08316453479646593 -0.2437700563771408
v -0.3474018287032768 -0.08268031232965294 -0.24344245734292672
v -0.34748601767208764 -0.08217088022291083 -0.2431007334393064
v -0.3475769114522698 -0.0816369547050101 -0.24274541822220005
v -0.3476743676415978 -0.08107925200472128 -0.24237704524752793
v -0.34777824383784633 -0.08049848835081488 -0.24199614807121042
v -0.3478883976387896 -0.07989537997206142 -0.24160326024916787
v -0.3480046866422023 -0.07927064309723142 -0.24119891533732066
v -0.34812696844585883 -0.07862499395509537 -0.24078364689158885
v -0.34825510064753357 -0.07795914877442382 -0.24035798846789289
v -0.3483889408450012 -0.07727382378398727 -0.23992247362215322
v -0.34852834663603627 -0.07656973521255622 -0.23947763591028978
v -0.3486731756184131 -0.0758475992889012 -0.23902400888822325
v -0.3488232853899063 -0.07510813224179273 -0.2385621261118738
v -0.34897853354829034 -0.07435205030000132 -0.23809252113716176
v -0.3491387776913397 -0.07358006969229748 -0.23761572752000723
v -0.34930387541682895 -0.07279290664745172 -0.2371322788163309
v -0.34947368432253256 -0.07199127739423458 -0.23664270858205275
v -0.34964806200622484 -0.07117589816141655 -0.2361475503730933
v -0.34982686606568053 -0.07034748517776816 -0.2356473377453727
v -0.3500099540986741 -0.06950675467205993 -0.23514260425481134
v -0.35019718370298 -0.06865442287306234 -0.23463388345732952
v -0.3503884124763727 -0.06779120600954594 -0.2341217089088475
v -0.3505834980166267 -0.06691782031028126 -0.23360661416528564
v -0.3507822979215165 -0.06603498200403876 -0.23308913278256424
v -0.35098466978881665 -0.065143407319589 -0.23256979831660365
v -0.3511904712163017 -0.06424381248570248 -0.2320491443233241
v -0.35139955980174586 -0.06333691373114972 -0.23152770435864586
v -0.351611793142924 -0.06242342728470121 -0.23100601197848938
v -0.35182702883761036 -0.06150406937512751 -0.2304846007387749
v -0.3520451244835796 -0.060579556231199094 -0.2299640041954226
v -0.3522659376786062 -0.05965060408168651 -0.22944475590435295
v -0.3524893260204645 -0.05871792915536025 -0.2289273894214863
v -0.3527151471069291 -0.05778224768099084 -0.22841243830274285
v -0.3529432585357745 -0.056844275887348784 -0.22790043610404284
v -0.3531735179047753 -0.05590473000320462 -0.22739191638130676
v -0.35340578281170587 -0.054964326257328826 -0.22688741269045473
v -0.35363991085434066 -0.05402378087849196 -0.22638745858740725
v -0.3538757596304545 -0.05308381009546451 -0.22589258762808442
v -0.35411318673782133 -0.05214513013701701 -0.2254033333684067
v -0.354352049774216 -0.051208457231919954 -0.22492022936429434
v -0.35459220633741306 -0.050274507608943864 -0.22444380917166762
v -0.354833514025187 -0.04934399749685925 -0.22397460634644697
v -0.3550758355466999 -0.0484176245355358 -0.2235131454706781
v -0.3553191511730352 -0.04749565882012385 -0.2230597447272933
v -0.3555635587371967 -0.046577942901054346 -0.2226145159001113
v -0.35580916118357625 -0.045664300739857465 -0.22217756179907655
v -0.3560560614565657 -0.044754556298063325 -0.2217489852341332
v -0.35630436250055675 -0.04384853353720207 -0.22132888901522557
v -0.3565541672599414 -0.04294605641880382 -0.22091737595229805
v -0.35680557867911117 -0.04204694890439876 -0.22051454885529476
v -0.357058699702458 -0.041151034955517 -0.2201205105341601
v -0.3573136332743737 -0.04025813853368868 -0.21973536379883823
v -0.3575704823392501 -0.03936808360044394 -0.21935921145927353
v -0.3578293498414791 -0.03848069411731293 -0.21899215632541033
v -0.3580903387254524 -0.037595794045825776 -0.21863430120719282
v -0.3583535519355615 -0.03671320734751265 -0.21828574891456537
v -0.35861909241619877 -0.035832757983903646 -0.21794660225747217
v -0.3588870631117556 -0.034954269916528946 -0.21761696404585756
v -0.359157566966624 -0.034077567106918644 -0.21729693708966585
v -0.3594307069251957 -0.03320247351660292 -0.21698662419884135
v -0.3597065859318625 -0.0323288131071119 -0.2166861281833282
v -0.35998530693101627 -0.031456409839975705 -0.2163955518530708
v -0.3602669728670487 -0.030585087676724507 -0.2161149980180134
v -0.36055168668435167 -0.029714670578888436 -0.2158445694881003
v -0.360839551327317 -0.028844982507997594 -0.21558436907327588
v -0.3611306697403364 -0.02797584742558218 -0.21533449958348425
v -0.36142514486780175 -0.027107089293172307 -0.21509506382866977
v -0.3617230796541049 -0.026238532072298135 -0.21486616461877675
v -0.36202457704363755 -0.025369999724489764 -0.21464790476374948
v -0.36232973998079154 -0.024501316211277338 -0.2144403870735322
v -0.36263867140995865 -0.02363230549419104 -0.2142437143580692
v -0.36295147427553076 -0.02276279153476095 -0.2140579894273048
v -0.3632682515218996 -0.02189259829451727 -0.21388331509118325
v -0.3635891060934571 -0.021021549734990097 -0.21371979415964887
v -0.36391414093459484 -0.020149469817709598 -0.21356752944264593
v -0.36424345898970495 -0.019276182504205888 -0.2134266237501188
v -0.36457716320317884 -0.018401511756009112 -0.21329717989201158
v -0.36491535651940865 -0.017525281534649426 -0.21317930067826868
v -0.365258141882786 -0.01664731580165693 -0.21307308891883445
v -0.3656056222377027 -0.015767438518561827 -0.2129786474236529
v -0.36595790052855065 -0.014885473646894201 -0.21289607900266871
v -0.3663150796997216 -0.014001245148184224 -0.21282548646582589
v -0.3666772626956073 -0.01311457698396204 -0.2127669726230687
v -0.3670445524605997 -0.012225293115757749 -0.2127206402843416
v -0.36741705193909036 -0.011333217505101537 -0.21268659225958883
v -0.36779486407547135 -0.01043817411352349 -0.2126649313587546
v -0.36817809181413436 -0.00953998690255381 -0.21265576039178324
v -0.3685668380994711 -0.00863847983372261 -0.212659182168619
v -0.3689612058758736 -0.007733476868560005 -0.21267529949920627
v -0.3693612980877335 -0.006824801968596167 -0.21270421519348925
v -0.3697672176794426 -0.005912279095361225 -0.2127460320614122
v -0.37017906759539276 -0.004995732210385309 -0.2128008529129195
v -0.37046837335796007 -0.003635233126942014 -0.20985679212909986
v -0.3703986956128335 -0.004000774906536539 -0.20902365624860336
v -0.37037396288586694 -0.004407642196674319 -0.20807811532769163
v -0.3703928565448209 -0.0048543392808219205 -0.2070230570229712
v -0.3704540586055385 -0.0053393732665780735 -0.20586136211068165
v -0.37055625224849104 -0.0058612545460152154 -0.20459590317313442
v -0.37069812230111016 -0.006418497217402591 -0.20322954335951962
v -0.37087835568601507 -0.007009619468508102 -0.20176513522056477
v -0.3710956418352711 -0.007633143921698712 -0.20020551961645527
v -0.37134867307084235 -0.008287597941080388 -0.19855352469735513
v -0.3716361449514192 -0.008971513901932474 -0.19681196495580633
v -0.37195675658582705 -0.009683429422704337 -0.19498364035023052
v -0.37230921091322705 -0.010421887559848603 -0.19307133549871336
v -0.3726922149503391 -0.011185436965769041 -0.19107781894220793
v -0.3731044800059195 -0.01197263201016105 -0.18900584247626995
v -0.3735447218627326 -0.012782032865017792 -0.18685814055040423
v -0.3740116609272527 -0.013612205553567513 -0.18463742973409225
v -0.3745040223473342 -0.01446172196339493 -0.18234640824855516
v -0.3750205360980771 -0.015329159823984528 -0.17998775556330454
v -0.3755599370361074 -0.016213102648903285 -0.17756413205653543
v -0.37612096492247976 -0.017112139642817673 -0.17507817873842485
v -0.37670236441439137 -0.01802486557351246 -0.17253251703641456
v -0.37730288502587744 -0.01894988060904812 -0.1699297486415773
v -0.3779212810576364 -0.019885790120158897 -0.16727245541519364
v -0.378556311496104 -0.020831204447955415 -0.16456319935469996
v -0.37920673988187037 -0.021784738636953613 -0.16180452261820513
v -0.37987133414749646 -0.022745012133404893 -0.1589989476068221
v -0.3805488664247529 -0.023710648448853594 -0.15614897710410616
v -0.38123811282126346 -0.02468027478879227 -0.15325709447195196
v -0.3819378531664919 -0.025652521646228 -0.15032576390236124
v -0.382646870726965 -0.02662602235990981 -0.14735743072456087
v -0.38336395189057193 -0.02759941263690026 -0.14435452176702462
v -0.38408788581972736 -0.02857133003910274 -0.1413194457740316
v -0.38481746407312845 -0.029540413433279053 -0.13825459387647784
v -0.3855508892955662 -0.030505694125703378 -0.1351612725192776
v -0.38628399439963057 -0.0314677676329313 -0.13203651152403473
v -0.38701200067540514 -0.032427613519028065 -0.12887628487833494
v -0.38773010496611693 -0.0333862033512384 -0.12567658037397292
v -0.3884334780191951 -0.034344501070854766 -0.12243339923108591
v -0.38911726308167066 -0.03530346330838682 -0.11914275594902922
v -0.389776574742965 -0.03626403964364826 -0.11580067838393913
v -0.3904064980285592 -0.037227172811288164 -0.11240320805314356
v -0.39100208774843326 -0.038193798852214494 -0.10894640066673848
v -0.39155836810450595 -0.039164847211293395 -0.10542632688675989
v -0.3920703325615953 -0.040141240781653896 -0.10183907331443649
v -0.39253294398665295 -0.0411238958958879 -0.09818074370601561
v -0.39294113506120876 -0.04211372226440603 -0.09444746041760525
v -0.39328980897207433 -0.04311162286119464 -0.09063536607937481
v -0.39357384038541954 -0.044118493757215174 -0.08674062549930085
v -0.3937880767093256 -0.04513522390169591 -0.08275942779643211
v -0.3939273396498526 -0.04616269485158693 -0.07868798876338293
v -0.39398642706551806 -0.04720178044948344 -0.07452255345743758
v -0.39396011512487633 -0.04825334645036778 -0.07025939901927057
v -0.3938431607716068 -0.04931825009757982 -0.06589483771784699
v -0.3936303045011613 -0.05039733964849652 -0.06142522021957268
v -0.39331627345259057 -0.051491453850484904 -0.05684693907921036
v -0.3928957848186523 -0.05260142136778931 -0.05215643244946706
v -0.3923635495767128 -0.05372806016012222 -0.04735018800549007
v -0.39171427654227925 -0.05487217681384858 -0.04242474707978722
v -0.39094267674623245 -0.05603456582678633 -0.037376709002307315
v -0.39004346813599566 -0.05721600884779028 -0.03220273563958849
v -0.38901138059993823 -0.058417273872441854 -0.02689955612599936
v -0.387841161313304 -0.05963911439633356 -0.021463971779169474
v -0.38652758040285445 -0.06088226852761375 -0.01589286119073317
v -0.385065436926242 -0.062147458060643056 -0.01018318548249333
v -0.383449565160864 -0.06343538751280879 -0.004331993717063654
v -0.38167484119561723 -0.06474674312674618 0.0016635715490392888
v -0.37973692808224235 -0.06608118559631096 0.007806047594403197
v -0.37763450973667095 -0.06743432008828909 0.01409695643373664
v -0.37536710566937664 -0.06880069733384797 0.020537414000224487
v -0.37293434579277024 -0.07017481927966016 0.027128334813836568
v -0.3703359806325995 -0.0715511418528382 0.03387042207542908
v -0.3675718914846572 -0.07292407842787119 0.040764157848672045
v -0.36464210047594614 -0.07428800400178562 0.04780979338886243
v -0.36154678048618255 -0.0756372600810776 0.055007339680780074
v -0.3582862648824279 -0.07696616028091832 0.062356558250591304
v -0.35486105701675386 -0.07826899663373006 0.06985695231935822
v -0.3512718394342203 -0.0795400466004771 0.07750775836789563
v -0.34751948273611816 -0.080773580773934 0.08530793818449305
v -0.34360505404146235 -0.08196387125880601 0.09325617146831566
v -0.33952982498814666 -0.083105200708911 0.10135084906206192
v -0.3352952792140486 -0.0841918719967275 0.1095900668876394
v -0.33090311925774557 -0.08521821848550609 0.11797162065815964
v -0.32635527281840937 -0.08617861486888401 0.12649300143841652
v -0.321653898314936 -0.08706748853758262 0.1351513921241442
v -0.31680138968546606 -0.08787933142736853 0.14394366490772753
v -0.3118003803701952 -0.08860871229708078 0.15286637979462905
v -0.306653746422789 -0.08925028938023875 0.16191578423057865
v -0.3013646086988066 -0.08979882334862048 0.17108781389455516
v -0.295936334073331 -0.09024919052131022 0.18037809470675215
v -0.29037253564447285 -0.09059639624813833 0.18978194609410556
v -0.28467707188457586 -0.09083558839224744 0.19929438554857892
v -0.2788540447067545 -0.09096207083279656 0.20891013450529716
v -0.2729077964208328 -0.09097131690563037 0.21862362555886306
v -0.2668429055597591 -0.09085898269716672 0.22842901102682173
v -0.26066418156510557 -0.09062092010485495 0.23832017285936968
v -0.2543766583282507 -0.0902531895763917 0.2482907338841063
v -0.24798558659221095 -0.08975207243949929 0.25833407036401473
v -0.24149642522774994 -0.08911408273451586 0.26844332583605024
v -0.23491483140625607 -0.08833597846334995 0.27861142618681956
v 0.21267120606151838 -0.06621903233964672 0.3078661823775478
v 0.21062730065808014 -0.06214450895840035 0.3048217844323056
v 0.20860312713783724 -0.058213834915516245 0.3018422977684252
v 0.20659880163782463 -0.05442342844914066 0.29892670921090403
v 0.20461444029507722 -0.0507697077974199 0.2960740055847394
v 0.20265015924662996 -0.04724909119850026 0.2932831737149287
v 0.20070607462951776 -0.04385799689052801 0.2905532004264695
v 0.19878230258077562 -0.040592843111649464 0.2878830725443591
v 0.1968789592374384 -0.03745004810001091 0.2852717768935948
v 0.19499616073654114 -0.03442603009375862 0.2827183002991744
v 0.19313402321511874 -0.031517207331038896 0.2802216295860948
v 0.1912926628102061 -0.02871999804999803 0.2777807515793538
v 0.1894721956588383 -0.02603082048878229 0.2753946531039487
v 0.18767273789805008 -0.023446092885537978 0.27306232098487676
v 0.1858944056648766 -0.020962233478411404 0.27078274204713554
v 0.18413731509635264 -0.018575660505548805 0.26855490311572255
v 0.18240158232951323 -0.01628279220509654 0.26637779101563497
v 0.18068732350139324 -0.014080046815200878 0.2642503925718703
v 0.17899465474902768 -0.011963842574008052 0.2621716946094261
v 0.17732369220945143 -0.009930597719664425 0.2601406839532995
v 0.1756745520196995 -0.007976730490316247 0.2581563474284881
v 0.1740473503168068 -0.006098659124109798 0.2562176718599892
v 0.17244220323780823 -0.004292801859191425 0.25432364407280034
v 0.17085922691973882 -0.0025555769337073653 0.25247325089191885
v 0.16929853749963347 -0.000883402585803883 0.2506654791423422
v 0.1677602511145271 0.0007273029463726599 0.24889931564906775
v 0.16624448390145471 0.0022801214246760126 0.24717374723709287
v 0.1647513519974512 0.0037786346109598967 0.24548776073141512
v 0.16328097153955146 0.005226424267077978 0.24384034295703175
v 0.16183345866479054 0.006627072154884006 0.24223048073894024
v 0.1604089295102033 0.00798416003623166 0.2406571609021379
v 0.15900750021282475 0.009301269672974719 0.2391193702716224
v 0.15762928690968975 0.01058198282696679 0.23761609567239084
v 0.15627440573783336 0.011829881260061667 0.23614632392944085
v 0.15494272965508474 0.013048134240663797 0.23470899327662437
v 0.1536331589024503 0.014238261063380941 0.23330284758321185
v 0.15234435054173082 0.015401368529371476 0.2319265821273284
v 0.151074961634727 0.01653856343979386 0.23057889218709898
v 0.14982364924323954 0.017650952595806596 0.2292584730406488
v 0.14858907042906927 0.01873964279856813 0.22796401996610285
v 0.14736988225401682 0.019805740849236975 0.22669422824158628
v 0.14616474177988295 0.020850353548971495 0.2254477931452241
v 0.14497230606846837 0.021874587698930262 0.22422340995514134
v 0.14379123218157386 0.02287955010027165 0.2230197739494631
v 0.1426201771810001 0.023866347554154177 0.2218355804063145
v 0.14145779812854783 0.02483608686173633 0.22066952460382055
v 0.1403027520860178 0.025789874824176495 0.2195203018201064
v 0.13915369611521072 0.026728818242633193 0.21838660733329698
v 0.1380092872779273 0.027654023918264894 0.2172671364215175
v 0.1368681826359683 0.028566598652230005 0.21616058436289295
v 0.13572903925113441 0.029467649245687053 0.21506564643554843
v 0.13459051418522638 0.0303582824997944 0.21398101791760904
v 0.133451264500045 0.031239605215710634 0.21290539408719975
v 0.1323099472573909 0.0321127241945942 0.2118374702224457
v 0.13116521951906482 0.03297874623760348 0.210775941601472
v 0.13001573834686753 0.03383877814589699 0.20971950350240365
v 0.12886016080259974 0.03469392672063322 0.2086668512033657
v 0.1276971439480622 0.03554529876297059 0.20761667998248332
v 0.12652534484505562 0.03639400107406755 0.2065676851178815
v 0.1253434205553807 0.03724114045508263 0.20551856188768533
v 0.12415002814083818 0.038087823707174215 0.20446800557001987
v 0.12294382466322887 0.038935157631500836 0.2034147114430102
v 0.12172346718435338 0.03978424902922094 0.20235737478478144
v 0.1204876127660125 0.04063620470149294 0.20129469087345858
v 0.11923491847000693 0.041492131449475375 0.20022535498716673
v 0.11796404135813747 0.04235313607432668 0.19914806240403093
v 0.11667363849220475 0.04322032537720531 0.1980615084021763
v 0.11536220804499021 0.04409478141939001 0.19696427881044587
v 0.11402761263319769 0.04497748730264055 0.19585452166055475
v 0.1126675559845118 0.045869401388837064 0.1947302755349361
v 0.11127974182661708 0.04677148203985963 0.19358957901602297
v 0.10986187388719812 0.0476846876175883 0.19243047068624855
v 0.10841165589393945 0.048609976483903264 0.1912509891280459
v 0.10692679157452553 0.049548307000684536 0.19004917292384813
v 0.10540498465664105 0.050500637529812195 0.1888230606560884
v 0.10384393886797053 0.05146792643316632 0.18757069090719972
v 0.10224135793619848 0.05245113207262704 0.18629010225961534
v 0.10059494558900946 0.05345121281007441 0.18497933329576827
v 0.09890240555408807 0.054469127007388526 0.18363642259809168
v 0.0971614415591188 0.0555058330264495 0.18225940874901866
v 0.09536975733178624 0.05656228922913738 0.18084633033098232
v 0.09352505659977493 0.05763945397733229 0.17939522592641577
v 0.09162504309076948 0.058738285632914264 0.17790413411775216
v 0.08966742053245437 0.059859742557763426 0.17637109348742458
v 0.08764989265251417 0.06100478311375983 0.17479414261786613
v 0.08557016317863346 0.06217436566278366 0.17317132009150996
v 0.08342593583849675 0.06336944856671488 0.17150066449078913
v 0.08121491435978864 0.06459099018743363 0.16978021439813681
v 0.07893480247019366 0.06583994888681997 0.1680080083959861
v 0.07658330389739637 0.06711728302675411 0.16618208506677
v 0.07415812236908133 0.06842395096911598 0.16430048299292185
v 0.07165696161293304 0.06976091107578573 0.16236124075687458
v 0.06907752535663615 0.07112912170864345 0.16036239694106136
v 0.06641751732787513 0.07252954122956927 0.15830199012791532
v 0.06367464125433459 0.07396312800044318 0.15617805889986958
v 0.06084660086369904 0.0754308403831453 0.1539886418393572
v 0.057931099883653026 0.07693363673955576 0.1517317775288113
v 0.05492584204188117 0.0784724754315546 0.1494055045506651
v 0.05182853106606794 0.08004831482102197 0.14700786148735157
v 0.048636870683897965 0.08166211326983787 0.14453688692130393
v 0.10497558654691991 0.04114945131843066 0.14657339374995015
v 0.10488281471820506 0.04145948768193035 0.1472143275882202
v 0.10477494878687456 0.041788903686263604 0.14789374528320084
v 0.10465233556742316 0.04213763852638831 0.14861106812041683
v 0.10451532187434559 0.04250563139726231 0.14936571738539267
v 0.10436425452213659 0.042892821493843505 0.150157114363653
v 0.10419948032529086 0.04329914801108968 0.1509846803407224
v 0.10402134609830314 0.043724550143958804 0.15184783660212553
v 0.1038301986556682 0.04416896708740868 0.15274600443338698
v 0.10362638481188076 0.0446323380363972 0.1536786051200314
v 0.10341025138143552 0.045114602185882216 0.15464505994758332
v 0.10318214517882725 0.045615698730821566 0.15564479020156738
v 0.10294241301855066 0.046135566866173164 0.1566772171675082
v 0.10269140171510047 0.04667414578689481 0.15774176213093039
v 0.10242945808297142 0.04723137468794443 0.15883784637735854
v 0.1021569289366583 0.047807192764279846 0.15996489119231724
v 0.10187416109065577 0.048401539210858976 0.16112231786133116
v 0.10158150135945858 0.0490143532226396 0.16230954766992486
v 0.10127929655756149 0.04964557399457965 0.16352600190362301
v 0.1009678934994592 0.050295140721637 0.16477110184795016
v 0.10064763899964646 0.05096299259876948 0.16604426878843093
v 0.10031887987261799 0.05164906882093494 0.1673449240105899
v 0.09998196293286854 0.05235330858309124 0.16867248879995175
v 0.09963723499489283 0.05307565108019631 0.17002638444204102
v 0.0992850428731856 0.05381603550720797 0.1714060322223824
v 0.0989257335486485 0.054574398907343544 0.17281084957647647
v 0.09855967413742361 0.055350417963211704 0.17423978808692228
v 0.0981872708612851 0.05614326369838822 0.1756908945806837
v 0.09780893443499458 0.056952049039453376 0.1771621119340772
v 0.09742507557331379 0.05777588691298756 0.17865138302341915
v 0.09703610499100437 0.05861389024557111 0.1801566507250259
v 0.096642433402828 0.05946517196378438 0.18167585791521393
v 0.09624447152354633 0.06032884499420778 0.1832069474702996
v 0.09584263006792111 0.06120402226342157 0.1847478622665993
v 0.09543731975071396 0.06208981669800624 0.1862965451804295
v 0.09502895128668656 0.06298534122454204 0.18785093908810654
v 0.09461793539060061 0.06388970876960938 0.18940898686594687
v 0.09420468277721777 0.06480203225978863 0.19096863139026685
v 0.09378960416129971 0.06572142462166004 0.1925278155373829
v 0.09337311025760808 0.06664699878180409 0.1940844821836114
v 0.09295561178090464 0.06757786766680117 0.19563657420526892
v 0.092537519445951 0.06851314420323147 0.19718203447867158
v 0.09211924396750884 0.0694519413176755 0.19871880588013602
v 0.09170119606033983 0.07039337193671351 0.2002448312859785
v 0.09128378643920565 0.07133654898692592 0.20175805357251544
v 0.09086742581886804 0.07228058539489314 0.20325641561606342
v 0.09045252491408859 0.07322459408719538 0.2047378602929386
v 0.09003949443962901 0.07416768799041316 0.20620033047945754
v 0.08962874511025097 0.07510898003112669 0.20764176905193654
v 0.08922068764071617 0.07604758313591646 0.20906011888669213
v 0.08881570220028381 0.07698264828514136 0.21045340767681794
v 0.0884134664116569 0.07791420169606743 0.2118216139012872
v 0.08801295535098227 0.07884314482286815 0.2131666668249523
v 0.08761311354890428 0.07977041717349546 0.21449058052944314
v 0.08721288553606728 0.08069695825590116 0.21579536909638947
v 0.08681121584311564 0.08162370757803734 0.21708304660742123
v 0.08640704900069372 0.08255160464785584 0.21835562714416815
v 0.08599932953944588 0.08348158897330861 0.21961512478826015
v 0.08558700199001648 0.08441460006234756 0.22086355362132698
v 0.08516901088304984 0.08535157742292467 0.22210292772499848
v 0.08474430074919038 0.08629346056299182 0.22333526118090458
v 0.08431181611908245 0.08724118899050091 0.224562568070675
v 0.08387050152337037 0.08819570221340396 0.22578686247593963
v 0.08341930149269855 0.08915793973965287 0.22701015847832828
v 0.08295716055771131 0.09012884107719955 0.22823447015947082
v 0.08248302324905304 0.09110934573399597 0.22946181160099702
v 0.0819958340973681 0.092100393217994 0.23069419688453677
v 0.08149453763330082 0.09310292303714561 0.2319336400917199
v 0.0809780783874956 0.09411787469940273 0.23318215530417621
v 0.08044540089059675 0.09514618771271728 0.2344417566035355
v 0.0798954496732487 0.09618880158504119 0.23571445807142766
v 0.07932716926609575 0.09724665582432644 0.23700227378948252
v 0.07873950419978229 0.09832068993852484 0.23830721783932995
v 0.07813139900495265 0.09941184343558844 0.23963130430259963
v 0.07750179821225123 0.10052105582346917 0.24097654726092163
v 0.07684930810261689 0.10164936128971853 0.2423449991104645
v 0.07616959093177425 0.10279861808507086 0.24373904572579186
v 0.07545679309565669 0.10397110876513284 0.2451612446873639
v 0.07470504846243077 0.10516911939216327 0.2466141549946979
v 0.07390849090026301 0.10639493602842089 0.24810033564731124
v 0.07306125427731996 0.10765084473616436 0.2496223456447211
v 0.07215747246176814 0.10893913157765243 0.2511827439864448
v 0.0711912793217741 0.11026208261514371 0.25278408967199956
v 0.0701568087255044 0.11162198391089702 0.2544289417009027
v 0.06904819454112555 0.11302112152717102 0.2561198590726716
v 0.06785957063680408 0.11446178152622437 0.2578594007868233
v 0.06658507088070655 0.1159462499703159 0.25965012584287533
v 0.06521882914099947 0.11747681292170419 0.2614945932403448
v 0.06375497928584942 0.11905575644264797 0.263395361978749
v 0.062187655183422876 0.120685366595406 0.2653549910576053
v 0.06051099070188644 0.12236792944223697 0.26737603947643096
v 0.0587191197094066 0.12410573104539953 0.2694610662347432
v 0.05680617607414994 0.12590105746715247 0.27161263033205935
v 0.05476629366428295 0.12775619476975453 0.27383329076789664
v 0.05259360634797219 0.12967342901546425 0.2761256065417724
v 0.050282247993384224 0.13165504626654045 0.2784921366532038
v 0.047826352468685523 0.13370333258524186 0.2809354401017083
v 0.04522005364204267 0.13582057403382708 0.28345807588680294
v 0.042457485381622195 0.13800905667455493 0.2860626030080053
v 0.03953278155559065 0.14027106656968402 0.2887515804648324
v 0.12770004619703895 0.03312354050526682 0.2027863924161474
v 0.1275969823463762 0.03311207534530276 0.20329236759187566
v 0.1274862575985085 0.033123497826347034 0.20381672324991604
v 0.12736791788571863 0.033157393837457236 0.20435931905444704
v 0.12724200914028927 0.033213349267691 0.20492001466964746
v 0.12710857729450323 0.03329095000610595 0.20549866975969597
v 0.12696766828064326 0.03338978194175972 0.2060951439887712
v 0.12681932803099213 0.03350943096370988 0.20670929702105184
v 0.1266636024778325 0.03364948296101401 0.20734098852071656
v 0.12650053755344726 0.03380952382272985 0.207990078151944
v 0.12633017919011902 0.03398913943791494 0.2086564255789129
v 0.12615257332013066 0.03418791569562689 0.20933989046580187
v 0.1259677658757649 0.03440543848492332 0.21004033247678963
v 0.1257758027893044 0.03464129369486184 0.21075761127605483
v 0.12557672999303204 0.0348950672145001 0.2114915865277762
v 0.1253705934192305 0.03516634493289571 0.21224211789613234
v 0.12515743900018259 0.035454712739106234 0.2130090650453019
v 0.12493731266817099 0.03575975652218928 0.21379228763946362
v 0.12471026035547848 0.03608106217120259 0.21459164534279618
v 0.12447632799438785 0.03641821557520368 0.21540699781947817
v 0.12423556151718182 0.03677080262325015 0.21623820473368832
v 0.12398800685614313 0.03713840920439969 0.21708512574960534
v 0.12373370994355458 0.037520621207709784 0.21794762053140784
v 0.12347271671169885 0.037917024522238205 0.2188255487432745
v 0.12320507309285877 0.038327205037042525 0.21971877004938406
v 0.12293082501931708 0.03875074864118029 0.2206271441139151
v 0.1226500184233565 0.03918724122370913 0.22155053060104637
v 0.12236269923725983 0.039636268673686734 0.22248878917495643
v 0.12206891339330975 0.04009741688017067 0.2234417794998241
v 0.12176870682378904 0.04057027173221851 0.2244093612398279
v 0.12146212546098051 0.04105441911888795 0.22539139405914668
v 0.12114921523716683 0.04154944492923658 0.226387737621959
v 0.12083002208463084 0.04205493505232198 0.2273982515924435
v 0.12050459193565521 0.04257047537720181 0.22842279563477894
v 0.12017296554226851 0.0430956763594285 0.22946113866972703
v 0.11983516293548216 0.043630246720533936 0.23051268664438193
v 0.11949119896605338 0.04417391974854486 0.23157675476242073
v 0.11914108848473938 0.04472642873148795 0.23265265822752063
v 0.11878484634229744 0.045287506957389964 0.23373971224335885
v 0.11842248738948465 0.04585688771427758 0.23483723201361256
v 0.11805402647705836 0.046434304290177544 0.23594453274195898
v 0.11767947845577569 0.04701948997311657 0.23706092963207528
v 0.11729885817639385 0.04761217805112143 0.2381857378876386
v 0.11691218048967013 0.04821210181221876 0.2393182727123261
v 0.11651946024636169 0.04881899454443529 0.240457849309815
v 0.11612071229722576 0.04943258953579778 0.24160378288378268
v 0.11571595149301957 0.05005262007433296 0.24275538863790597
v 0.11530519268450025 0.05067881944806753 0.2439119817758622
v 0.11488845072242514 0.05131092094502819 0.24507287750132875
v 0.11446574045755135 0.05194865785324167 0.24623739101798245
v 0.11403707674063616 0.05259176346073473 0.2474048375295008
v 0.11360247442243677 0.05323997105553398 0.24857453223956072
v 0.11316194835371035 0.0538930139256663 0.24974579035183964
v 0.11271551338521417 0.054550625359158264 0.25091792707001453
v 0.11226318436770541 0.05521253864403668 0.25209025759776277
v 0.11180497615194132 0.05587848706832822 0.25326209713876136
v 0.11134090358867907 0.05654820392005962 0.2544327608966876
v 0.11087098152867589 0.05722142248725766 0.25560156407521867
v 0.11039522482268901 0.057897876057948924 0.25676782187803165
v 0.10991364832147564 0.05857729792016027 0.2579308495088038
v 0.10942626687579296 0.05925942136191835 0.25908996217121233
v 0.10893309533639822 0.05994397967124988 0.2602444750689344
v 0.10843414855404866 0.060630706136181614 0.2613937034056472
v 0.10792944137950138 0.06131933404474023 0.2625369623850279
v 0.10741898866351374 0.0620095966849525 0.26367356721075363
v 0.10690280525684286 0.06270122734484514 0.2648028330865017
v 0.10638090601024597 0.06339395931244478 0.2659240752159492
v 0.10585295494561722 0.0640880160849684 0.26703688591492386
v 0.10531721276939836 0.06478558199639352 0.2681419659478551
v 0.10477158935916804 0.06548933158988794 0.2692402931913233
v 0.10421399459250497 0.06620193940861925 0.27033284552190845
v 0.1036423383469878 0.0669260799957553 0.2714206008161907
v 0.10305453050019521 0.0676644278944638 0.27250453695075
v 0.10244848092970583 0.06841965764791245 0.27358563180216655
v 0.10182209951309842 0.06919444379926905 0.2746648632470206
v 0.10117329612795158 0.06999146089170118 0.27574320916189193
v 0.10049998065184401 0.07081338346837672 0.27682164742336085
v 0.09980006296235437 0.07166288607246334 0.27790115590800746
v 0.09907145293706135 0.07254264324712877 0.2789827124924118
v 0.0983120604535436 0.07345532953554075 0.2800672950531541
v 0.0975197953893798 0.07440361948086698 0.2811558814668142
v 0.09669256762214862 0.07539018762627524 0.28224944960997245
v 0.09582828702942876 0.07641770851493322 0.28334897735920894
v 0.09492486348879885 0.07748885669000867 0.2844554425911036
v 0.09398020687783759 0.07860630669466935 0.2855698231822367
v 0.09299222707412363 0.07977273307208292 0.28669309700918827
v 0.09195883395523564 0.08099081036541715 0.28782624194853834
v 0.09087793739875234 0.08226321311783978 0.2889702358768672
v 0.0897474472822524 0.08359261587251852 0.2901260566707548
v 0.0885652734833144 0.0849816931726211 0.29129468220678134
v 0.08732932587951711 0.08643311956131526 0.2924770903615268
v 0.08603751434843916 0.08794956958176876 0.2936742590115714
v 0.08468774876765923 0.08953371777714926 0.2948871660334951
v 0.083277939014756 0.09118823869062455 0.2961167893038782
v 0.08180599496730812 0.09291580686536229 0.29736410669930063
v 0.08026982650289428 0.0947190968445303 0.29863009609634256
v 0.07866734349909313 0.09660078317129624 0.29991573537158417
v 0.0769964558334834 0.09856354038882788 0.3012220024016054
v 0.07525507338364368 0.10061004304029296 0.3025498750629865
v 0.07344110602715272 0.10274296566885914 0.3039003312323075
v -0.020857575469764113 0.1895652125141581 0.23049877297269886
v -0.019839013835844566 0.18917872412243364 0.2315816468231325
v -0.01876058804913686 0.188692418610994 0.23277381223164337
v -0.017626081108730617 0.1881120947104432 0.23406766441264432
v -0.016439239681763217 0.18744352817046867 0.2354556424731808
v -0.0152037708770881 0.1866924662477556 0.23693023509428449
v -0.013923339540776418 0.1858646230110404 0.2384839851470806
v -0.012601566061950535 0.18496567545340425 0.2401094932586981
v -0.011242024676865844 0.18400126040082665 0.2417994203438379
v -0.009848242258865382 0.1829769722054001 0.2435464891180579
v -0.008423697581818695 0.18189836121146197 0.24534348460843464
v -0.006971821044912804 0.1807709329831892 0.24718325367628072
v -0.0054959948471784235 0.17960014828294862 0.2490587035650409
v -0.003999553600901812 0.17839142379086664 0.2509627994843639
v -0.0024857853740838662 0.17715013355769127 0.2528885612386554
v -0.0009579331533595985 0.1758816111850569 0.2548290589051584
v 0.0005808032797199451 0.17459115272973702 0.25677740756276773
v 0.002127265064414766 0.17328402033138102 0.25872676106835485
v 0.0036783315719352977 0.17196544656660784 0.2606703048723348
v 0.005230917313181346 0.17064063953617076 0.26260124785950717
v 0.006781968441792718 0.16931478869625882 0.26451281319482034
v 0.008328458848473606 0.16799307144989017 0.2663982281465675
v 0.009867385839507902 0.16668066051981661 0.26825071285158114
v 0.011395765389015941 0.16538273213047316 0.2700634679781329
v 0.01291062695078168 0.1641044750333187 0.2718296612324044
v 0.014409023074743843 0.16285107315233677 0.27354244236833086
v 0.01588984529030455 0.16162444819591443 0.27519848720888096
v 0.0173554962459262 0.1604201822307207 0.27680132943764457
v 0.018808676068611446 0.15923319791720802 0.2783551560382812
v 0.020251973560932668 0.15805848489526664 0.27986401842844083
v 0.021687870370070226 0.15689109125923734 0.28133184606322237
v 0.023118743914204272 0.15572611721445195 0.2827624582760044
v 0.024546869131113837 0.15455871090094386 0.2841595744383683
v 0.025974419109398048 0.15338406638171392 0.285526822504616
v 0.027403464660523447 0.15219742380086498 0.2868677459930565
v 0.028835972889815802 0.15099407172097074 0.28818580944568034
v 0.030273804826458334 0.14976935164906086 0.28948440239998163
v 0.031718712176432566 0.14851866475647363 0.29076684190151253
v 0.0331723332680314 0.14723748078936993 0.2920363735832336
v 0.03463618826695261 0.14592134915383176 0.2932961713378935
v 0.03611167374687738 0.14456591214206443 0.2945493356125092
v 0.03760005671164618 0.1431669202443157 0.29579889035954815
v 0.0391024681764055 0.14172024946476935 0.29704777868757215
v 0.040619896427104084 0.1402219205290861 0.29829885726483674
v 0.04215318009009573 0.13866811983679905 0.29955488954250287
v 0.04370300115592729 0.137055221973927 0.3008185378795094
v 0.04526987811316904 0.13537981356066808 0.30209235466849976
v 0.046854159358837674 0.13363871816673994 0.30337877258110474
v 0.048456017060991396 0.1318290219839754 0.30468009407090274
v 0.05007544165583016 0.12994809990341333 0.30599848029292365
v 0.051712185318553996 0.12799371474472077 0.30733584050263935
v 0.0533646613792625 0.12596559826149967 0.3086916762857239
v 0.05503013201637099 0.12386523479130811 0.3100632320531646
v 0.05670593863676587 0.12169413970783312 0.311447751536963
v 0.058389566471832854 0.11945376290417863 0.3128425904274528
v 0.06007865379177043 0.11714546842107 0.3142452267460607
v 0.06177099924253086 0.11477051525177724 0.315653269403943
v 0.06346456740424665 0.1123300393522335 0.31706446501315627
v 0.06515749269090199 0.10982503685128979 0.3184767030396287
v 0.06684808172718114 0.10725634842533625 0.3198880194053924
v 0.06853481435011072 0.10462464477386925 0.32129659866141186
v 0.07021634339066407 0.1019304131081054 0.32270077486218746
v 0.07189149339434384 0.0991739445433643 0.3240990312794382
v 0.07355925844037746 0.09635532226752248 0.32548999909498366
v 0.07521879921706458 0.09347441034209879 0.3268724552128907
v 0.07686943950650565 0.09053084297914414 0.3282453193284664
v 0.07851066222592736 0.0875240141256639 0.3296076503872345
v 0.08014210516556915 0.08445306717736013 0.33095864256104696
v 0.08176355655505363 0.08131688463456864 0.3322976208613724
v 0.08337495058173193 0.07811407750487538 0.3336240365019541
v 0.08497636297603034 0.07484297424852178 0.33493746211476255
v 0.0865680067706506 0.07150160905380949 0.3362375869147966
v 0.08815022833286258 0.06808770921975256 0.33752421190106635
v 0.0897235037623222 0.06459868141163165 0.3387972451732335
v 0.09128843574105605 0.06103159654129105 0.340056697436093
v 0.09284611459191341 0.057382819571852386 0.3413034778174127
v 0.09440086824069831 0.05364537432275955 0.3425455008083376
v 0.09595859253848682 0.04981071273537936 0.3437941682288735
v 0.09752510920349317 0.0458703518540083 0.34506079411691515
v 0.09910616208381907 0.041815880016329535 0.3463565935869985
v 0.10070742590982909 0.03763895111675987 0.34769269941588365
v 0.10233451397892089 0.03333128028638292 0.34908017666451363
v 0.10399298482454998 0.028884640944806764 0.35053003542186156
v 0.10568834791375609 0.0242908631868151 0.3520532417420592
v 0.10742606841074656 0.019541833473119136 0.3536607268337325
v 0.1092115710382339 0.014629495599930403 0.3553633945495045
v 0.11105024306312442 0.009545852926538909 0.35717212721402697
v 0.11294743642875102 0.004282971843651881 0.35909778982057644
v 0.11490846905208828 -0.001167013532040323 0.3611512326191008
v 0.11693862530123587 -0.0068118954497029816 0.36334329211257227
v 0.11904315566587849 -0.012659385414130434 0.36568479047353025
v 0.12122727563139694 -0.01871710588465192 0.3681865333887498
v 0.12349616376579765 -0.024992580794788985 0.37085930633701536
v 0.12585495902762742 -0.031493224905457376 0.3737138693029955
v 0.12830875730253535 -0.038226332006407016 0.3767609499291836
v 0.13086260717612805 -0.04519906198322884 0.3800112351078014
v 0.1335215049512206 -0.052418426770603974 0.3834753610154214
v 0.13629038891851858 -0.059891275216529184 0.3871639015948849
v 0.13917413289116196 -0.06762427688700533 0.3910873554918415
v 0.142177539015414 -0.07562390484610226 0.3952561314569359
v -0.24333413709656365 -0.09010157705182964 0.2732220078098958
v -0.24182781112634769 -0.09006319821986536 0.27409807418241816
v -0.239762016066931 -0.09000879712508629 0.27533980740136926
v -0.23716905224317467 -0.0899393623613015 0.27692464831235697
v -0.2340812199799394 -0.08985588252232007 0.27883003776098897
v -0.23053081960208593 -0.08975934620195111 0.2810334165928729
v -0.22655015143447543 -0.08965074199400369 0.2835122256536166
v -0.2221715158019686 -0.0895310584922869 0.2862439057888277
v -0.21742721302942639 -0.08940128429060984 0.289205897844114
v -0.21234954344170956 -0.08926240798278155 0.29237564266508326
v -0.20697080736367912 -0.08911541816261116 0.295730581097343
v -0.20132330512019583 -0.08896130342390775 0.29924815398650123
v -0.19543933703612057 -0.08880105236048039 0.3029058021781654
v -0.18935120343631423 -0.08863565356613817 0.3066809665179433
v -0.1830912046456377 -0.08846609563469018 0.3105510878514427
v -0.17669164098895185 -0.08829336715994551 0.31449360702427137
v -0.17018481279111752 -0.08811845673571322 0.31848596488203684
v -0.16360302037699564 -0.08794235295580244 0.322505602270347
v -0.156978564071447 -0.08776604441402223 0.3265299600348097
v -0.15034374419933255 -0.08759051970418168 0.3305364790210323
v -0.14373086108551317 -0.08741676742008986 0.3345026000746228
v -0.13717221505484956 -0.08724577615555587 0.33840576404118883
v -0.13070010643220278 -0.08707853450438881 0.3422234117663381
v -0.12434683554243363 -0.08691603106039775 0.3459329840956782
v -0.11814470271040299 -0.08675925441739177 0.34951192187481717
v -0.11212590413459816 -0.0866091899535074 0.35293773932831474
v -0.10631003672230335 -0.08646643395050178 0.35619682953395454
v -0.100692227683012 -0.08633082700708115 0.3592928296233017
v -0.0952647928141306 -0.08620212289879273 0.36223135795963207
v -0.09002004791306592 -0.08608007540118368 0.3650180329062218
v -0.08495030877722459 -0.08596443828980121 0.3676584728263469
v -0.08004789120401327 -0.08585496534019256 0.37015829608328343
v -0.0753051109908387 -0.08575141032790488 0.3725231210403074
v -0.07071428393510747 -0.08565352702848542 0.37475856606069485
v -0.06626772583422623 -0.08556106921748134 0.3768702495077219
v -0.061957752485601716 -0.08547379067043986 0.37886378974466456
v -0.05777667968664052 -0.08539144516290818 0.38074480513479875
v -0.0537168232347494 -0.0853137864704335 0.3825189140414007
v -0.04977049892733494 -0.08524056836856302 0.38419173482774627
v -0.045930022561803834 -0.08517154463284393 0.38576888585711155
v -0.042187709935562756 -0.08510646903882346 0.38725598549277285
v -0.03853587684601836 -0.08504509536204878 0.38865865209800576
v -0.03496683909057732 -0.08498717737806712 0.3899825040360867
v -0.031472912466646304 -0.08493246886242566 0.3912331596702915
v -0.02804641277163197 -0.0848807235906716 0.3924162373638962
v -0.024679655802941 -0.08483169533835215 0.393537355480177
v -0.021364957357980028 -0.08478513788101452 0.3946021323824097
v -0.018094633234155746 -0.08474080499420589 0.39561618643387064
v -0.014860999228874815 -0.08469845045347348 0.39658513599783557
v -0.0116563711395439 -0.08465782803436447 0.3975145994375807
v -0.008473199781561008 -0.08461869728317876 0.39841006350226116
v -0.005307041384125061 -0.08458095047352787 0.3992739878162487
v -0.0021565575902358124 -0.08454461260633496 0.40010580487913255
v 0.0009794549391155334 -0.08450971445327585 0.40090481557638064
v 0.004102199542937868 -0.0844762867860264 0.401670320793461
v 0.007212879560240087 -0.08444436037626243 0.4024016214158416
v 0.010312698330030973 -0.08441396599565981 0.40309801832899045
v 0.013402859191319458 -0.08438513441589438 0.4037588124183756
v 0.016484565483114333 -0.08435789640864193 0.4043833045694649
v 0.01955902054442448 -0.08433228274557836 0.40497079566772654
v 0.022627427714258803 -0.08430832419837947 0.4055205865986285
v 0.025690990331626085 -0.08428605153872112 0.4060319782476387
v 0.02875091173553526 -0.08426549553827914 0.4065042715002251
v 0.0318083952649951 -0.08424668696872938 0.4069367672418559
v 0.03486464425901456 -0.08422965660174767 0.4073287663579989
v 0.03792086205660241 -0.08421443520900986 0.4076795697341224
v 0.04097825199676755 -0.08420105356219176 0.4079884782556941
v 0.04403801741851885 -0.08418954243296926 0.40825479280818205
v 0.047101361660865135 -0.08417993259301816 0.40847781427705443
v 0.050169488062815314 -0.08417225481401433 0.40865684354777904
v 0.05324359996337817 -0.08416653986763359 0.408791181505824
v 0.05632490070156262 -0.08416281852555177 0.4088801290366573
v 0.05941459361637752 -0.08416112155944473 0.40892298702574686
v 0.06251388204683168 -0.08416147974098831 0.4089190563585609
v 0.06562396933193405 -0.08416392384185833 0.40886763792056724
v 0.06874650776308787 -0.08416849461073096 0.4087678061744582
v 0.07188705718031516 -0.08417531963313682 0.4086166648661752
v 0.0750531893954799 -0.08418457120634866 0.4084103030321834
v 0.07825249284831244 -0.08419642199715775 0.4081448013229192
v 0.08149255597854328 -0.08421104467235535 0.40781624038881914
v 0.08478096722590267 -0.08422861189873272 0.40742070088031973
v 0.08812531503012111 -0.08424929634308115 0.40695426344785735
v 0.09153318783092895 -0.08427327067219191 0.40641300874186853
v 0.0950121740680566 -0.08430070755285625 0.40579301741278967
v 0.09856986218123456 -0.08433177965186545 0.4050903701110574
v 0.10221384061019306 -0.08436665963601078 0.404301147487108
v 0.10595169779466264 -0.08440552017208353 0.40342143019137816
v 0.10979102217437361 -0.08444853392687492 0.40244729887430414
v 0.11373940218905638 -0.08449587356717626 0.4013748341863224
v 0.11780442627844144 -0.0845477117597788 0.4002001167778697
v 0.12199368288225909 -0.08460422117147383 0.3989192272993822
v 0.1263147604402398 -0.0846655744690526 0.3975282464012966
v 0.13077524739211385 -0.08473194431930638 0.3960232547340492
v 0.13538273217761185 -0.08480350338902644 0.3944003329480766
v 0.14014480323646394 -0.08488042434500406 0.3926555616938152
v 0.1450690490084007 -0.0849628798540305 0.3907850216217015
v 0.15016305793315254 -0.08505104258289703 0.3887847933821719
v 0.1554344184504497 -0.08514508519839493 0.386650957625663
v 0.16089071900002283 -0.08524518036731546 0.3843795950026112
v 0.16653954802160204 -0.08535150075644989 0.381966786163453
v -0.23906074300372265 -0.014387450702636403 0.04831996248618206
v -0.23920640345642868 -0.014566249883188831 0.048995311175486486
v -0.23940234242443528 -0.014807362654521511 0.04980127774121819
v -0.23964605226376764 -0.015108259937315988 0.05073274344871655
v -0.2399350285911488 -0.01546641671030588 0.05178460082929845
v -0.2402667712048413 -0.015879313204489348 0.05295175620051368
v -0.24063878489153614 -0.01634443598260288 0.05422913195472031
v -0.24104858011977834 -0.016859278904487116 0.055611668617530016
v -0.24149367362048332 -0.017421343979076007 0.05709432667789224
v -0.24197158885514547 -0.01802814210382224 0.05867208819176355
v -0.24247985637236197 -0.018677193692429636 0.06033995816144114
v -0.2430160140533018 -0.019366029191801956 0.062092965692731955
v -0.2435776072467279 -0.020092189489134715 0.06392616493217812
v -0.24416218879414403 -0.020853226210072115 0.06583463578656905
v -0.24476731894557885 -0.021646701908829113 0.06781348442693899
v -0.24539056516643667 -0.022470190151133565 0.06985784357917829
v -0.24602950183574504 -0.02332127549077999 0.0719628726032754
v -0.24668170983600918 -0.024197553340502595 0.0741237573630586
v -0.24734477603473676 -0.025096629737772963 0.07633570988811697
v -0.24801629265753514 -0.026016121006002077 0.07859396782935477
v -0.24869385655249918 -0.026953653311486303 0.08089379370936704
v -0.24937506834539633 -0.02790686211627111 0.08323047396852092
v -0.2500575314849321 -0.028873391526924308 0.08559931780728355
v -0.25073885117712047 -0.029850893539005677 0.08799565582495457
v -0.25141663320751234 -0.030837027176794027 0.09041483845453677
v -0.2520884826497296 -0.03182945752758583 0.09285223419301494
v -0.25275200245843005 -0.032825854669608315 0.09530322762580193
v -0.253404791944467 -0.033823892492296836 0.0977632172435602
v -0.2540444451296299 -0.034821247407366654 0.1002276130490057
v -0.2546685489779331 -0.03581559694876445 0.10269183395065229
v -0.25527468149997534 -0.036804618259212066 0.10515130493975428
v -0.2558604097264068 -0.03778598646065198 0.10760145404594779
v -0.25642328754602217 -0.03875737290547042 0.11003770906627691
v -0.2569608534034344 -0.03971644330490452 0.11245549406141239
v -0.257471036862107 -0.040661388074362356 0.11485146391374264
v -0.25795338083709557 -0.04159251013920529 0.11722719580881719
v -0.25840781014348047 -0.04251061493380022 0.11958543943099072
v -0.25883422373182796 -0.043416477491618186 0.12192887625532856
v -0.25923249673167953 -0.044310843699000395 0.12426012189813121
v -0.25960248251258294 -0.045194431412365135 0.12658172800238074
v -0.2599440147714908 -0.0460679314467856 0.1288961836738467
v -0.26025690965453674 -0.04693200844332051 0.1312059164824546
v -0.26054096792036585 -0.04778730162201748 0.1335132930426945
v -0.26079597715132735 -0.048634425427133844 0.13582061918632307
v -0.26102171401793833 -0.04947397007081904 0.1381301397403807
v -0.26121794660107517 -0.050306501981275356 0.1404440379235944
v -0.26138443677535406 -0.05113256416125278 0.1427644343745613
v -0.2615209426561027 -0.0519526764626354 0.1450933858256991
v -0.2616272211112138 -0.05276733578283442 0.1474328834377935
v -0.26170303033798836 -0.05357701618871474 0.1497848508110662
v -0.2617481325038441 -0.05438216897383979 0.15215114169001084
v -0.2617622964484564 -0.055183222654920865 0.15453353738078712
v -0.2617453004435455 -0.05598058291349522 0.1569337439017078
v -0.2616969350051063 -0.05677463248902669 0.1593533888892758
v -0.26161700575142377 -0.0575657310298178 0.16179401828431264
v -0.2615053362987187 -0.058354214908336074 0.1642570928249279
v -0.2613617711847497 -0.05914039700778243 0.16674398437538912
v -0.2611861788091701 -0.05992456648696041 0.16925597212232393
v -0.26097845437791095 -0.06070698853073047 0.1717942386720811
v -0.26073852283736604 -0.061487904093549144 0.17435986608545417
v -0.2604663417826992 -0.06226752964378696 0.17695383188828095
v -0.26016190432321296 -0.06304605691668405 0.17957700509862526
v -0.2598252418864236 -0.06382365268393017 0.18223014231327359
v -0.2594564269413199 -0.06460045854793461 0.18491388389807556
v -0.2590555756202566 -0.06537659076887653 0.18762875032817894
v -0.25862285021808634 -0.0661521401325847 0.1903751387253891
v -0.2581584615464799 -0.0669271718671832 0.19315331964066954
v -0.257662702793311 -0.06770149674399577 0.19596260258260212
v -0.2571360311387925 -0.06847400848346029 0.19879892678951888
v -0.25657894456491276 -0.06924341328819696 0.20165751394966897
v -0.25599194173523954 -0.07000846635750352 0.20453373208928674
v -0.2553755172086762 -0.07076797317518364 0.20742310500469852
v -0.25473015682655425 -0.07152079034964397 0.21032132006597046
v -0.25405633328322413 -0.07226582603069762 0.21322423445462058
v -0.25335450188614905 -0.07300203992942489 0.2161278799087149
v -0.2526250965075811 -0.0737284429687499 0.2190284660573014
v -0.25186852572621865 -0.07444409659314263 0.22192238243269544
v -0.25108516915383466 -0.07514811176609276 0.22480619925375528
v -0.2502753739387322 -0.0758396476837805 0.22767666707612383
v -0.24943945143501217 -0.0765179102327409 0.2305307154066293
v -0.24857767402404438 -0.0771821502183355 0.2333654503788072
v -0.24769027207216865 -0.07783166138956231 0.23617815158501143
v -0.24677743100652227 -0.07846577828419754 0.23896626815798994
v -0.2458392884889522 -0.07908387391651983 0.24172741419129598
v -0.24487593166619903 -0.07968535732795884 0.24445936358363488
v -0.24388739447289687 -0.08026967101897357 0.24716004438737682
v -0.24287365496238827 -0.08083628827833393 0.2498275327361229
v -0.24183463263885835 -0.08138471042377661 0.2524600464205306
v -0.2407701857628129 -0.08191446396575963 0.2550559381756889
v -0.2396801086004059 -0.08242509770376029 0.2576136887372796
v -0.2385641285855382 -0.08291617976226433 0.2601318997176549
v -0.23742190336191685 -0.08338729457128444 0.2626092863468592
v -0.23625301767037313 -0.08383803979392498 0.26504467011758603
v -0.235056980044594 -0.08426802320117475 0.2674369713671229
v -0.23383321927599174 -0.08467685949175154 0.26978520182352284
v -0.23258108060564175 -0.08506416705242753 0.27208845713756924
v -0.23129982159798992 -0.08542956465181696 0.2743459094165725
v -0.2299886076472874 -0.08577266805808063 0.27655679977063774
v -0.22864650706336567 -0.08609308656837047 0.27872043087677
v -0.2272724856783016 -0.08639041943506312 0.2808361595609893
v -0.34691377888912933 -0.06753917720620872 -0.23302937091144818
v -0.34670784880378014 -0.06749594788007339 -0.2328248747515673
v -0.3464733961281316 -0.0674570844501585 -0.23260364127107228
v -0.346211166828325 -0.06742235317908958 -0.2323661631141025
v -0.34592188713203603 -0.06739152657750186 -0.2321129254803578
v -0.34560626813314044 -0.067364382506362 -0.23184440894023414
v -0.3452650101991849 -0.06734070334461426 -0.2315610921318589
v -0.34489880720274424 -0.06732027521726121 -0.23126345435099951
v -0.34450835059412244 -0.06730288727979025 -0.23095197804259707
v -0.3440943333294802 -0.0672883310555821 -0.23062715120058716
v -0.34365745366529715 -0.06727639982359343 -0.2302894696807041
v -0.34319841882707164 -0.06726688805420315 -0.22993943942908154
v -0.3427179485572789 -0.06725959089165635 -0.22957757862767078
v -0.34221677854484855 -0.06725430368203635 -0.2292044197557588
v -0.3416956637357478 -0.06725082154614734 -0.22882051156519997
v -0.3411553815216584 -0.06724893899710171 -0.22842642096534768
v -0.3405967348012221 -0.06724844960277668 -0.22802273481210958
v -0.3400205549058723 -0.06724914569363667 -0.22761006159403138
v -0.33942770437989844 -0.06725081811671131 -0.22718903300686114
v -0.33881907960210095 -0.06725325603676945 -0.2267603054066645
v -0.33819561323419767 -0.06725624678594094 -0.2263245611302532
v -0.3375582764790718 -0.06725957576320324 -0.2258825096704863
v -0.33690808113001675 -0.06726302638526815 -0.22543488869291306
v -0.33624608139036927 -0.0672663800904734 -0.22498246487926984
v -0.33557337544136295 -0.06726941639729853 -0.2245260345825522
v -0.33489110673471484 -0.06727191301908234 -0.22406642427777387
v -0.33420046498541994 -0.06727364603641725 -0.223604490792134
v -0.33350268683951345 -0.06727439012852973 -0.22314112129815988
v -0.3327990561912175 -0.06727391886472266 -0.22267723305352075
v -0.3320909041239617 -0.06727200505665429 -0.22221377287162697
v -0.3313796084502964 -0.06726842117185575 -0.22175171630788923
v -0.3306665928267608 -0.06726293980844564 -0.2212920665476181
v -0.3299533254213442 -0.06725533423048653 -0.2208358529830363
v -0.3292413171133457 -0.06724537896284592 -0.2203841294687582
v -0.3285318541506974 -0.06723290223690538 -0.21993781045938401
v -0.3278251800978037 -0.06721794190413016 -0.2194971707205586
v -0.327121254226246 -0.06720059000744243 -0.2190623074384002
v -0.32642001158954553 -0.06718094066505084 -0.2186332989513761
v -0.3257213632845306 -0.06715908974408592 -0.21821020502527927
v -0.32502519675853947 -0.06713513454382691 -0.21779306718341004
v -0.3243313761552313 -0.06710917348998927 -0.21738190908610613
v -0.3236397426917334 -0.0670813058413653 -0.21697673695369565
v -0.3229501150598852 -0.06705163140993445 -0.21657754002694296
v -0.32226228984441363 -0.06702025029538575 -0.21618429105910786
v -0.3215760419510033 -0.0669872626348266 -0.21579694683383518
v -0.32089112503739003 -0.0669527683682888 -0.21541544870323728
v -0.32020727194080384 -0.06691686702048866 -0.21503972314071207
v -0.31952419509530916 -0.06687965749915217 -0.2146696823032514
v -0.3188415869328352 -0.06684123791008074 -0.2143052245982332
v -0.3181591202619361 -0.06680170538900802 -0.21394623524994683
v -0.3174764486185795 -0.06676115595018581 -0.21359258686137703
v -0.3167932065835159 -0.06671968435153425 -0.2132441399670464
v -0.3161090100610289 -0.06667738397610279 -0.21290074357300817
v -0.31542345651409803 -0.06663434672950908 -0.21256223568035815
v -0.3147361251512215 -0.06659066295295768 -0.21222844378891995
v -0.31404657706034006 -0.06654642135138417 -0.21189918537802344
v -0.3133543552854676 -0.06650170893622637 -0.21157426836156024
v -0.3126589848417668 -0.06645661098229053 -0.211253491514739
v -0.3119599726649094 -0.06641121099815575 -0.21093664487019584
v -0.3112568074906208 -0.06636559070954537 -0.21062351008131747
v -0.3105489596603278 -0.066319830055088 -0.21031386075082484
v -0.3098358808488052 -0.06627400719389231 -0.21000746272282628
v -0.30911700370964135 -0.06622819852436902 -0.20970407433668825
v -0.30839174143422204 -0.0661824787137502 -0.20940344664118493
v -0.3076594872197535 -0.06613692073777744 -0.20910532356747494
v -0.3069196136416099 -0.06609159593005921 -0.20880944205951388
v -0.3061714719249967 -0.06604657404063072 -0.2085155321605389
v -0.30541423817089164 -0.06600177713101466 -0.2082233887046983
v -0.3046464671092228 -0.0659565428948322 -0.20793309046307498
v -0.30386657376316184 -0.06591006607746416 -0.2076447925152543
v -0.30307298927058746 -0.06586154466321709 -0.20735865562252087
v -0.30226416057145056 -0.06581017949985535 -0.2070748461929171
v -0.3014385502581079 -0.06575517400364012 -0.2067935362353027
v -0.3005946365849381 -0.06569573394366612 -0.20651490330148897
v -0.29973091363380894 -0.06563106730446867 -0.2062391304155262
v -0.29884589163214914 -0.06556038422602051 -0.20596640598922744
v -0.2979380974204949 -0.06548289702035151 -0.2056969237230251
v -0.29700607506642906 -0.06539782026410507 -0.2054308824912708
v -0.29604838662182154 -0.06530437096639541 -0.2051684862111094
v -0.29506361302020573 -0.0652017688113476 -0.2049099436940859
v -0.2940503551109951 -0.06508923647469012 -0.20465546847967242
v -0.2930072348270563 -0.06496600001372843 -0.20440527864994396
v -0.2919328964819113 -0.06483128932995544 -0.2041595966246745
v -0.2908260081925491 -0.06468433870345505 -0.20391864893617875
v -0.28968526342348233 -0.064524387398126 -0.20368266598328336
v -0.28850938264729153 -0.06435068033659633 -0.20345188176388113
v -0.287297115116467 -0.06416246884351576 -0.20322653358559556
v -0.2860472407408793 -0.06395901145570418 -0.20300686175417063
v -0.2847585720646966 -0.06373957479739911 -0.2027931092392904
v -0.2834299563360223 -0.06350343451858817 -0.2025855213176383
v -0.28206027766194575 -0.06324987629413201 -0.20238434519311263
v -0.2806484592411031 -0.06297819688108264 -0.20218982959423773
v -0.2791934656652263 -0.06268770523128309 -0.2020022243489343
v -0.2776943052805242 -0.062377723655999424 -0.20182177993694844
v -0.2761500325991055 -0.06204758903898674 -0.20164874702038316
v -0.27455975075001315 -0.06169665409403102 -0.20148337595292254
v -0.27292261395881123 -0.06132428866264084 -0.20132591626849844
v -0.2712378300440479 -0.06092988104719052 -0.20117661615030685
v -0.2695046629183296 -0.06051283937444256 -0.20103572188125088
v -0.2677224350811756 -0.0600725929840071 -0.20090347727705232
v -0.30554427404093126 -0.050630919082754286 -0.20222722259065865
v -0.3057853641929405 -0.05061444512186069 -0.202325890837175
v -0.3060533035163561 -0.05060086655728752 -0.2024339040966275
v -0.30634710553435457 -0.050590186712590995 -0.20255093782680256
v -0.30666578377011217 -0.05058240891132732 -0.20267666748548652
v -0.30700835174680563 -0.05057753647705272 -0.20281076853046606
v -0.3073738229876115 -0.05057557273332339 -0.2029529164195274
v -0.30776121101570625 -0.05057652100369552 -0.20310278661045714
v -0.3081695293542664 -0.05058038461172537 -0.20326005456104165
v -0.30859779152646843 -0.0505871668809691 -0.20342439572906748
v -0.30904501105548887 -0.050596871134982936 -0.20359548557232104
v -0.30951020146450425 -0.0506095006973231 -0.2037729995485887
v -0.3099923762766912 -0.050625058891545775 -0.20395661311565713
v -0.31049054901522594 -0.050643549041207186 -0.2041460017313125
v -0.31100373320328534 -0.050664974469863545 -0.20434084085334153
v -0.3115309423640457 -0.05068933850107104 -0.20454080593953056
v -0.3120711900206836 -0.05071664445838591 -0.20474557244766603
v -0.3126234896963755 -0.05074689566536434 -0.20495481583553435
v -0.3131868549142981 -0.05078009544556255 -0.2051682115609221
v -0.31376029919762766 -0.05081624712253675 -0.20538543508161564
v -0.3143428360695409 -0.05085535401984313 -0.20560616185540148
v -0.31493347905321417 -0.05089741946103793 -0.2058300673400661
v -0.3155312416718241 -0.050942446769677345 -0.20605682699339584
v -0.3161351374485472 -0.05099043926931759 -0.20628611627317725
v -0.31674417990656006 -0.05104140028351483 -0.20651761063719676
v -0.31735738256903906 -0.05109533313582533 -0.20675098554324087
v -0.3179737589591608 -0.05115224114980528 -0.2069859164490959
v -0.3185923226001017 -0.051212127649010876 -0.20722207881254848
v -0.31921208701503834 -0.05127499595699836 -0.20745914809138494
v -0.3198320657271473 -0.051340849397323904 -0.20769679974339172
v -0.3204512722596049 -0.051409691293543745 -0.20793470922635537
v -0.321068720135588 -0.051481524969214064 -0.20817255199806242
v -0.32168342287827284 -0.05155635374789109 -0.2084100035162991
v -0.3222943940108359 -0.05163418095313103 -0.208646739238852
v -0.32290078843479336 -0.05171497404494332 -0.2088824906448907
v -0.323502326565018 -0.05179855702915041 -0.20911721329911767
v -0.3240988701947225 -0.05188471804802797 -0.2093509187876186
v -0.324690281117119 -0.051973245243851676 -0.20958361869647893
v -0.32527642112542043 -0.052063926758897185 -0.20981532461178432
v -0.3258571520128389 -0.0521565507354402 -0.21004604811962033
v -0.3264323355725871 -0.05225090531575636 -0.21027580080607267
v -0.32700183359787727 -0.05234677864212137 -0.21050459425722684
v -0.32756550788192196 -0.05244395885681089 -0.2107324400591685
v -0.3281232202179337 -0.05254223410210059 -0.2109593497979832
v -0.32867483239912487 -0.05264139252026616 -0.21118533505975662
v -0.329220206218708 -0.05274122225358325 -0.21141040743057432
v -0.3297592034698955 -0.05284151144432755 -0.2116345784965219
v -0.3302916859458998 -0.05294204823477473 -0.21185785984368496
v -0.3308175154399334 -0.053042620767200475 -0.2120802630581491
v -0.33133655374520876 -0.05314301718388044 -0.2123017997259999
v -0.3318486626549383 -0.05324302562709032 -0.212522481433323
v -0.3323537039623346 -0.05334243423910577 -0.21274231976620395
v -0.33285153946061 -0.053441031162202474 -0.21296132631072848
v -0.333342030942977 -0.05353860453865611 -0.21317951265298204
v -0.3338250402026481 -0.05363494251074233 -0.21339689037905038
v -0.33430042903283563 -0.053729833220736836 -0.21361347107501896
v -0.33476805922675207 -0.05382306481091528 -0.21382926632697344
v -0.33522779257761015 -0.05391442542355335 -0.21404428772099945
v -0.33567949087862203 -0.05400370320092672 -0.21425854684318255
v -0.33612301592300026 -0.05409068628531105 -0.2144720552796084
v -0.3365582295039573 -0.054175162818982034 -0.21468482461636249
v -0.33698499341470567 -0.05425692094421533 -0.21489686643953052
v -0.33740316944845766 -0.05433574880328662 -0.2151081923351981
v -0.33781261939842594 -0.05441143453847158 -0.21531881388945076
v -0.3382132050578229 -0.054483766292045877 -0.21552874268837413
v -0.33860478821986095 -0.054552532206285184 -0.21573799031805385
v -0.3389872306777526 -0.05461752042346519 -0.21594656836457554
v -0.33936048799460994 -0.054678592863468684 -0.21615453250705838
v -0.3397248908131437 -0.05473590655660706 -0.216362114796756
v -0.3400808635459646 -0.05478969231079883 -0.21656959137795606
v -0.3404288306056829 -0.054840180933962514 -0.21677723839494567
v -0.3407692164049092 -0.05488760323401662 -0.21698533199201242
v -0.3411024453562539 -0.05493219001887967 -0.2171941483134436
v -0.34142894187232736 -0.05497417209647017 -0.21740396350352648
v -0.3417491303657404 -0.05501378027470663 -0.21761505370654868
v -0.3420634352491031 -0.05505124536150759 -0.21782769506679742
v -0.3423722809350262 -0.055086798164791555 -0.21804216372856003
v -0.34267609183612 -0.05512066949247703 -0.21825873583612396
v -0.34297529236499524 -0.05515309015248255 -0.21847768753377667
v -0.3432703069342621 -0.05518429095272662 -0.21869929496580542
v -0.3435615599565312 -0.05521450270112775 -0.2189238342764977
v -0.34384947584441306 -0.055243956205604454 -0.21915158161014073
v -0.34413447901051797 -0.05527288227407527 -0.2193828131110221
v -0.3444169938674565 -0.055301511714458684 -0.219617804923429
v -0.3446974448278393 -0.05533007533467323 -0.21985683319164895
v -0.34497625630427653 -0.055358803942637425 -0.22010017405996923
v -0.34525385270937897 -0.05538792834626978 -0.22034810367267718
v -0.34553065845575687 -0.055417679353488805 -0.22060089817406034
v -0.34580709795602077 -0.05544828777221303 -0.220858833708406
v -0.3460835956227813 -0.05547998441036095 -0.2211221864200016
v -0.34636057586864866 -0.05551300007585109 -0.2213912324531344
v -0.3466384631062334 -0.05554756557660198 -0.22166624795209183
v -0.3469176817481462 -0.05558391172053212 -0.2219475090611613
v -0.3471986562069974 -0.05562226931556002 -0.22223529192463023
v -0.3474818108953974 -0.05566286916960421 -0.2225298726867859
v -0.3477675702259567 -0.0557059420905832 -0.2228315274919158
v -0.3480563586112859 -0.05575171888641551 -0.22314053248430715
v -0.3483486004639954 -0.055800430365019645 -0.22345716380824746
v -0.3486447201966956 -0.05585230733431413 -0.22378169760802408
v -0.34894514222199713 -0.055907580602217476 -0.2241144100279244
v -0.3525929094282879 -0.02982310693464975 -0.20885534715098208
v -0.35236664223089476 -0.030089167674753475 -0.2088746204977191
v -0.35212850216252 -0.03039031740158174 -0.20890317044314663
v -0.3518794399596564 -0.03072461196918179 -0.2089406181730041
v -0.35162040635879643 -0.03109010723160105 -0.20898658487303062
v -0.3513523520964323 -0.03148485904288685 -0.2090406917289656
v -0.35107622790905685 -0.03190692325708652 -0.2091025599265485
v -0.3507929845331621 -0.03235435572824742 -0.20917181065151833
v -0.3505035727052409 -0.03282521231041695 -0.2092480650896146
v -0.3502089431617856 -0.033317548857642376 -0.20933094442657643
v -0.3499100466392885 -0.033829421223971076 -0.20942006984814332
v -0.34960783387424244 -0.034358885263450434 -0.20951506254005442
v -0.3493032556031395 -0.03490399683012775 -0.20961554368804908
v -0.3489972625624725 -0.0354628117780504 -0.20972113447786667
v -0.3486908054887337 -0.036033385961265735 -0.2098314560952464
v -0.3483848351184156 -0.036613775233821096 -0.20994612972592752
v -0.34808030218801067 -0.03720203544976383 -0.21006477655564956
v -0.34777815743401147 -0.03779622246314132 -0.2101870177701515
v -0.34747935159291043 -0.038394392128000845 -0.21031247455517293
v -0.3471848354012 -0.03899460029838982 -0.21044076809645298
v -0.34689555787636317 -0.039594905224537576 -0.21057152044179459
v -0.34661210360588385 -0.040193873147262464 -0.21070453639647602
v -0.34633424408578545 -0.04079120370147978 -0.21084002852184117
v -0.3460616407954876 -0.04138674987775441 -0.21097826455130167
v -0.3457939552144103 -0.04198036466665114 -0.21111951221826963
v -0.3455308488219732 -0.04257190105873486 -0.21126403925615683
v -0.3452719830975964 -0.04316121204457031 -0.21141211339837515
v -0.3450170195206995 -0.043748150614722384 -0.21156400237833645
v -0.3447656195707024 -0.04433256975975592 -0.21171997392945255
v -0.3445174447270247 -0.04491432247023576 -0.2118802957851354
v -0.34427215646908654 -0.04549326173672669 -0.21204523567879677
v -0.34402941627630745 -0.04606924054979359 -0.21221506134384846
v -0.34378888562810767 -0.04664211190000124 -0.21239004051370264
v -0.34355022600390656 -0.04721172877791451 -0.21257044092177085
v -0.3433130988831241 -0.047777944174098246 -0.21275653030146513
v -0.34307716574518016 -0.048340611079117246 -0.21294857638619727
v -0.34284208806949457 -0.04889958248353637 -0.21314684690937913
v -0.342607527335487 -0.04945471137792043 -0.2133516096044226
v -0.34237314502257754 -0.05000585075283427 -0.2135631322047396
v -0.34213860261018575 -0.05055285359884271 -0.2137816824437419
v -0.34190356582982634 -0.05109557952914817 -0.21400752260629638
v -0.341667865713197 -0.0516341456119885 -0.21424070316508181
v -0.3414315480227804 -0.052169003358798746 -0.21448099944125285
v -0.34119467287187893 -0.05270062663241571 -0.21472816836712488
v -0.3409573003737949 -0.053229489295676266 -0.21498196687501311
v -0.3407194906418305 -0.053756065211417216 -0.2152421518972328
v -0.3404813037892881 -0.05428082824247541 -0.21550848036609924
v -0.34024279992947004 -0.05480425225168766 -0.21578070921392753
v -0.3400040391756786 -0.05532681110189084 -0.21605859537303304
v -0.3397650816412162 -0.055848978655921734 -0.21634189577573104
v -0.33952598743938517 -0.0563712287766172 -0.21663036735433674
v -0.3392868166834877 -0.056894035326814064 -0.2169237670411655
v -0.3390476294868262 -0.05741787216934916 -0.21722185176853243
v -0.33880848596270297 -0.05794321316705933 -0.21752437846875283
v -0.33856944622442037 -0.058470532182781386 -0.21783110407414202
v -0.3383305703852808 -0.05900030307935218 -0.21814178551701513
v -0.3380919185585863 -0.05953299971960853 -0.21845617972968753
v -0.33785355085763946 -0.06006909596638727 -0.21877404364447453
v -0.3376155273957425 -0.06060906568252524 -0.2190951341936912
v -0.3373779082861978 -0.06115338273085927 -0.21941920830965286
v -0.3371407433703837 -0.06170248597062058 -0.21974604078595317
v -0.33690392879126124 -0.062256290503386026 -0.22007567367383035
v -0.33666724237444534 -0.062814308241053 -0.22040835475998738
v -0.3364304589020181 -0.0633760407240802 -0.2207443371233575
v -0.33619335315606125 -0.06394098949292631 -0.22108387384287415
v -0.3359556999186571 -0.06450865608805001 -0.22142721799747064
v -0.3357172739718873 -0.06507854204991002 -0.2217746226660804
v -0.3354778500978338 -0.065650148918965 -0.2221263409276368
v -0.3352372030785789 -0.06622297823567368 -0.22248262586107312
v -0.3349951076962043 -0.06679653154049471 -0.2228437305453227
v -0.334751338732792 -0.0673703103738868 -0.2232099080593191
v -0.33450567097042394 -0.06794381627630865 -0.2235814114819955
v -0.334257879191182 -0.06851655078821892 -0.22395849389228537
v -0.3340077381771484 -0.06908801545007634 -0.22434140836912206
v -0.33375502271040486 -0.06965771180233957 -0.22473040799143895
v -0.3334995075730336 -0.07022514138546732 -0.22512574583816938
v -0.33324096754711624 -0.07078980573991828 -0.22552767498824666
v -0.33297917741473504 -0.07135120640615113 -0.22593644852060432
v -0.3327139119579718 -0.07190884492462456 -0.22635231951417553
v -0.3324449459589085 -0.07246222283579729 -0.2267755410478938
v -0.332172150428868 -0.07301098571364653 -0.2272062507500637
v -0.3318961075734063 -0.07355584362987279 -0.2276437329966863
v -0.33161771835743964 -0.07409798376720675 -0.22808688973355498
v -0.3313378852494664 -0.07463859555890288 -0.22853462110254705
v -0.33105751071798456 -0.07517886843821565 -0.2289858272455396
v -0.33077749723149247 -0.07571999183839949 -0.22943940830440998
v -0.3304987472584884 -0.07626315519270885 -0.2298942644210353
v -0.3302221632674704 -0.07680954793439818 -0.23034929573729304
v -0.32994864772693683 -0.07736035949672193 -0.23080340239506011
v -0.32967910310538584 -0.07791677931293457 -0.231255484536214
v -0.32941443187131564 -0.07847999681629053 -0.2317044423026319
v -0.32915553649322443 -0.07905120144004427 -0.23214917583619096
v -0.3289033194396104 -0.07963158261745025 -0.2325885852787685
v -0.32865868317897184 -0.08022232978176291 -0.2330215707722417
v -0.3284225301798069 -0.0808246323662367 -0.23344703245848783
v -0.32819576291061375 -0.08143967980412606 -0.2338638704793841
v -0.3279792838398908 -0.08206866152868547 -0.23427098497680773
v -0.32777399543613595 -0.08271276697316937 -0.23466727609263602
v -0.3275808001678477 -0.0833731855708322 -0.2350516439687462
v -0.3274006005035241 -0.08405110675492843 -0.23542298874701542
v -0.24184844151586815 0.12688619195460177 0.13268123075119764
v -0.24157711192861472 0.1264706016019997 0.13251768443138542
v -0.2412711054082358 0.12597804600817708 0.13228857591843288
v -0.24093173521380104 0.12541176602219528 0.13199693465608098
v -0.24056031460438054 0.1247750024931155 0.13164579008807067
v -0.24015815683904387 0.1240709962699988 0.13123817165814283
v -0.2397265751768611 0.12330298820190654 0.1307771088100384
v -0.239266882876902 0.12247421913789981 0.13026563098749838
v -0.2387803931982365 0.12158792992703994 0.12970676763426367
v -0.2382684193999344 0.12064736141838815 0.12910354819407527
v -0.23773227474106554 0.1196557544610055 0.12845900211067404
v -0.2371732724806999 0.11861634990395338 0.127776158827801
v -0.23659272587790708 0.1175323885962929 0.127058047789197
v -0.23599194819175723 0.11640711138708525 0.12630769843860304
v -0.23537225268132 0.11524375912539166 0.12552814021976003
v -0.23473495260566535 0.11404557266027336 0.12472240257640896
v -0.23408136122386314 0.11281579284079161 0.1238935149522907
v -0.23341279179498325 0.1115576605160075 0.12304450679114623
v -0.23273055757809544 0.11027441653498236 0.12217840753671652
v -0.23203597183226965 0.10896930174677737 0.12129824663274245
v -0.2313303478165757 0.10764555700045371 0.12040705352296503
v -0.23061499879008346 0.10630642314507256 0.11950785765112511
v -0.22989123801186273 0.10495514102969518 0.11860368846096368
v -0.22916037874098344 0.10359495150338281 0.1176975753962217
v -0.2284237342365155 0.10222909541519663 0.11679254790064011
v -0.227682616084151 0.10086080606676025 0.1158916261952133
v -0.22693813339087718 0.09949240351974327 0.11499671454860987
v -0.2261910020199157 0.09812443418797138 0.11410754988407189
v -0.2254418926532898 0.09675724070445386 0.11322362011068617
v -0.22469147597302241 0.09539116570220009 0.1123444131375395
v -0.2239404226611367 0.09402655181421936 0.11146941687371864
v -0.2231894033996557 0.09266374167352119 0.11059811922831035
v -0.22243908887060265 0.09130307791311475 0.10973000811040141
v -0.2216901497560005 0.08994490316600963 0.10886457142907864
v -0.22094325673787232 0.088589560065215 0.10800129709342876
v -0.22019908049824133 0.08723739124374037 0.10713967301253859
v -0.2194582917191305 0.08588873933459497 0.10627918709549485
v -0.21872156108256305 0.0845439469707883 0.10541932725138436
v -0.21798955927056185 0.08320335678532963 0.10455958138929387
v -0.2172629569651501 0.08186731141122834 0.10369943741831014
v -0.2165424248483511 0.08053615348149391 0.10283838324752002
v -0.21582863360218765 0.07921022562913548 0.1019759067860102
v -0.21512225390868298 0.07788987048716263 0.10111149594286754
v -0.2144239564498601 0.07657543068858459 0.10024463862717872
v -0.2137344119077421 0.07526724886641074 0.09937482274803057
v -0.21305429096435222 0.0739656676536506 0.09850153621450987
v -0.2123842643017134 0.0726710296833133 0.09762426693570335
v -0.2117250026018488 0.07138367758840837 0.09674250282069782
v -0.21107717654678143 0.07010395400194509 0.09585573177858006
v -0.21044145681853446 0.06883220155693291 0.09496344171843683
v -0.2098184975855412 0.06756873513383214 0.09406509897624632
v -0.20920857320366992 0.06631323130447724 0.0931596737064887
v -0.20861157821622417 0.06506472833207665 0.09224563988214624
v -0.20802739065291756 0.06382223672728975 0.09132144990309254
v -0.2074558885434637 0.06258476700077599 0.09038555616920127
v -0.20689694991757634 0.06135132966319491 0.08943641108034604
v -0.20635045280496908 0.06012093522520583 0.08847246703640049
v -0.20581627523535553 0.05889259419746827 0.08749217643723826
v -0.20529429523844941 0.05766531709064164 0.08649399168273296
v -0.2047843908439643 0.056438114415385474 0.08547636517275824
v -0.20428644008161395 0.05520999668235911 0.08443774930718775
v -0.2038003209811119 0.05397997440222203 0.08337659648589509
v -0.2033259115721719 0.052747058085633694 0.08229135910875389
v -0.20286308988450755 0.05151025824325357 0.08118048957563781
v -0.20241173394783252 0.050268585385741096 0.08004244028642048
v -0.2019717217918605 0.04902105002375569 0.07887566364097552
v -0.20154293144630503 0.04776666266795683 0.07767861203917659
v -0.20112524094087988 0.04650443382900392 0.07644973788089728
v -0.2007185283052986 0.04523337401755646 0.07518749356601125
v -0.20032267156927497 0.04395249374427386 0.07389033149439211
v -0.19993754876252254 0.04266080351981559 0.07255670406591354
v -0.199563037914755 0.04135731385484111 0.07118506368044913
v -0.199199017055686 0.04004103526000981 0.06977386273787252
v -0.19884536421502916 0.0387109782459812 0.06832155363805738
v -0.1985019574224982 0.03736615332341468 0.06682658878087729
v -0.19816864598743722 0.036005755336996806 0.06528742321137444
v -0.19784502924560365 0.03463058352016797 0.0637025349973543
v -0.19753057782295103 0.033242263195897195 0.0620704140608961
v -0.19722476128171512 0.03184242651433976 0.06038955042204837
v -0.1969270491841321 0.030432705625650938 0.05865843410085958
v -0.19663691109243786 0.029014732679986013 0.056875555117378254
v -0.1963538165688683 0.027590139827500068 0.055039403491652816
v -0.1960772351756594 0.026160559218348506 0.053148469243731816
v -0.19580663647504723 0.024727623002686522 0.051201242393663714
v -0.1955414900292677 0.023292963330669367 0.04919621296149699
v -0.19528126540055674 0.021858212352452236 0.04713187096728016
v -0.1950254321511504 0.020425002218190436 0.04500670643106167
v -0.19477345984328465 0.018994965078039244 0.04281920937289006
v -0.19452481803919533 0.017569733082153788 0.04056786981281381
v -0.19427897630111854 0.016150938380689372 0.038251177770881356
v -0.1940354041912902 0.014740213123801305 0.035867623267141255
v -0.19379357127194627 0.013339189461644751 0.03341569632164193
v -0.19355294710532278 0.011949499544374964 0.03089388695443194
v -0.1933130012536556 0.01057277552214722 0.028300685185559706
v -0.19307320327918082 0.009210649545116759 0.02563458103507378
v -0.1928330227441343 0.007864753763438828 0.022894064523022617
v -0.19259192921075208 0.006536720327268639 0.02007762566945468
v -0.19234939224127007 0.0052281813867614685 0.017183754494418516
v -0.1921048813979243 0.003940769092072555 0.01421094101796255
v -0.1918578662429507 0.002676115593357148 0.01115767526013534
v -0.2424221762450066 0.1275623647996692 0.13236674090929829
v -0.2421497003741946 0.12714647497153675 0.13220587494876118
v -0.24184217512466208 0.1266534273138618 0.13197987301623054
v -0.24150093066738532 0.12608647185667027 0.13169174727600946
v -0.2411272971733404 0.12544885862998761 0.13134450989240073
v -0.24072260481350333 0.12474383766383972 0.1309411730297073
v -0.24028818375885036 0.12397465898825234 0.13048474885223207
v -0.2398253641803576 0.12314457263325106 0.12997824952427792
v -0.2393354762490011 0.1222568286288618 0.12942468721014783
v -0.23881985013575707 0.1213146770051101 0.12882707407414465
v -0.23827981601160156 0.12032136779202181 0.12818842228057134
v -0.2377167040475107 0.11928015101962265 0.12751174399373078
v -0.23713184441446059 0.11819427671793824 0.12680005137792588
v -0.23652656728342736 0.11706699491699442 0.1260563565974596
v -0.2359022028253871 0.11590155564681688 0.12528367181663475
v -0.23526008121131597 0.11470120893743131 0.12448500919975436
v -0.2346015326121901 0.11346920481886348 0.12366338091112127
v -0.23392788719898563 0.11220879332113913 0.12282179911503839
v -0.23324047514267865 0.11092322447428397 0.12196327597580867
v -0.23254062661424524 0.10961574830832373 0.12109082365773499
v -0.23182967178466146 0.10828961485328413 0.1202074543251203
v -0.23110894082490366 0.1069480741391909 0.11931618014226746
v -0.2303797639059477 0.10559437619606975 0.11842001327347941
v -0.2296434711987698 0.10423177105394642 0.11752196588305903
v -0.2289013928743462 0.10286350874284668 0.1166250501353093
v -0.22815485738096766 0.10149283171513886 0.11573226900572514
v -0.2274049847220179 0.10012206552665197 0.11484551362404048
v -0.22665249006986227 0.0987517549837378 0.11396451575012279
v -0.22589804208436617 0.09738224029599964 0.11308875904602507
v -0.225142309425395 0.09601386167304084 0.11221772717380032
v -0.22438596075281414 0.09464695932446467 0.11135090379550154
v -0.223629664726489 0.09328187345987447 0.11048777257318179
v -0.22287409000628502 0.09191894428887355 0.10962781716889403
v -0.22211990525206748 0.09055851202106525 0.10877052124469123
v -0.22136777912370192 0.08920091686605276 0.10791536846262649
v -0.22061838028105357 0.08784649903343957 0.10706184248475276
v -0.21987237738398796 0.08649559873282882 0.10620942697312304
v -0.21913043909237045 0.08514855617382401 0.10535760558979038
v -0.2183932340660663 0.08380571156602827 0.10450586199680774
v -0.21766143096494112 0.08246740511904498 0.10365367985622811
v -0.2169356984488602 0.0811339770424775 0.1028005428301046
v -0.21621670517768893 0.07980576754592907 0.10194593458049012
v -0.21550511981129275 0.07848311683900307 0.10108933876943774
v -0.21480161100953699 0.07716636513130275 0.10023023905900041
v -0.21410684743228703 0.0758558526324314 0.09936811911123115
v -0.2134214977394084 0.07455191955199249 0.09850246258818302
v -0.2127462305907663 0.07325490609958914 0.09763275315190895
v -0.21208171464622627 0.07196515248482475 0.096758474464462
v -0.21142861856565365 0.07068299891730263 0.09587911018789515
v -0.21078761100891386 0.06940878560662607 0.09499414398426141
v -0.210159343997128 0.06814282495165695 0.09410303811450595
v -0.20954408686029832 0.06688478970420288 0.09320476261409306
v -0.2089417262373085 0.06563371296901725 0.0922977952930062
v -0.20835213212829773 0.06438860004011206 0.091380592560121
v -0.20777517453340524 0.06314845621149921 0.09045161082431305
v -0.20721072345277036 0.06191228677719078 0.08950930649445797
v -0.20665864888653224 0.0606790970311986 0.08855213597943137
v -0.2061188208348302 0.05944789226753468 0.08757855568810885
v -0.20559110929780355 0.05821767778021096 0.08658702202936602
v -0.2050753842755915 0.0569874588632394 0.08557599141207847
v -0.20457151576833327 0.05575624081063198 0.08454392024512183
v -0.20407937377616817 0.054523028916400526 0.08348926493737173
v -0.20359882829923545 0.053286828474557194 0.08241048189770372
v -0.2031297493376743 0.05204664477911379 0.08130602753499347
v -0.20267200689162407 0.050801483124082294 0.08017435825811653
v -0.202225470961224 0.04955034880347474 0.07901393047594857
v -0.20179001154661338 0.04829224711130302 0.07782320059736515
v -0.20136549864793132 0.04702618334157903 0.07660062503124189
v -0.20095180226531725 0.045751162788314856 0.07534466018645442
v -0.20054879239891032 0.044466190745522285 0.07405376247187831
v -0.2001563390488498 0.04317027250721346 0.0727263882963892
v -0.199774312215275 0.04186241336740022 0.07136099406886269
v -0.19940258189832513 0.04054161862009455 0.06995603619817437
v -0.19904101809813948 0.039206893559308356 0.06850997109319987
v -0.19868949081485732 0.037857243479053684 0.06702125516281479
v -0.19834784151666723 0.03649185804194337 0.06548834695423464
v -0.1980156633381139 0.0351115316002653 0.0639097236261516
v -0.19769242154833372 0.033717884750778124 0.062283871920188486
v -0.19737758035972405 0.032312544918707456 0.060609278657165866
v -0.19707060398468249 0.030897139529278736 0.05888443065790429
v -0.1967709566356065 0.029473296007717406 0.05710781474322438
v -0.19647810252489348 0.02804264177924888 0.055277917733946635
v -0.19619150586494102 0.026606804269098755 0.05339322645089167
v -0.1959106308681465 0.025167410902492374 0.05145222771488005
v -0.19563494174690746 0.023726089104655304 0.0494534083467323
v -0.19536390271362128 0.02228446630081292 0.04739525516726904
v -0.19509697798068557 0.020844169916190786 0.04527625499731079
v -0.19483363176049773 0.01940682737601432 0.04309489465767818
v -0.1945733282654552 0.017974066105508973 0.04084966096919173
v -0.19431553170795557 0.01654751352990022 0.038539040752672
v -0.19405970630039618 0.0151287970744136 0.0361615208289396
v -0.1938053162551746 0.013719544164274483 0.03371558801881505
v -0.1935518257846883 0.012321382224708424 0.031199729143118967
v -0.1932986991013347 0.010935938680940824 0.02861243102267187
v -0.19304540041751136 0.009564840958197193 0.025952180478294375
v -0.19279139394561567 0.008209716481702989 0.02321746433080703
v -0.19253614389804513 0.006872192676683653 0.02040676940103037
v -0.19227911448719723 0.005553896968364683 0.01751858250978502
v -0.1920197699254695 0.004256456781971563 0.01455139047789149
v -0.19175757442525931 0.0029814995427297347 0.01150368012617041
v -0.2562125361273083 0.1468843321422008 0.14063926012007197
v -0.2558910076957647 0.145903040995779 0.1404766067843616
v -0.25556428511763024 0.1448565605915399 0.14027213121910995
v -0.25523285787066685 0.14374645067106373 0.14002713443505035
v -0.2548972154326367 0.14257427097593084 0.13974291744291625
v -0.25455784728130165 0.14134158124772123 0.13942078125344098
v -0.2542152428944239 0.14004994122801528 0.13906202687735783
v -0.25386989174976543 0.13870091065839307 0.13866795532540024
v -0.25352228332508814 0.13729604928043498 0.13823986760830162
v -0.2531729070981543 0.13583691683572124 0.13777906473679527
v -0.2528222525467257 0.13432507306583197 0.1372868477216146
v -0.2524708091485645 0.13276207771234733 0.13676451757349298
v -0.25211906638143267 0.1311494905168477 0.13621337530316374
v -0.25176751372309225 0.12948887122091313 0.13563472192136025
v -0.25141664065130537 0.12778177956612397 0.13502985843881596
v -0.2510669366438339 0.12602977529406034 0.13440008586626417
v -0.25071889117844 0.12423441814630258 0.1337467052144382
v -0.2503729937328856 0.12239726786443085 0.13307101749407158
v -0.2500297337849327 0.12051988419002534 0.13237432371589755
v -0.24968960081234357 0.11860382686466632 0.1316579248906495
v -0.24935308429287995 0.11665065562993394 0.13092312202906084
v -0.249020673704304 0.11466193022740849 0.1301712161418649
v -0.2486928585243777 0.11263921039867016 0.12940350823979502
v -0.24837012823086307 0.11058405588529914 0.12862129933358465
v -0.24805297230152232 0.10849802642887575 0.12782589043396714
v -0.24774187980097126 0.10638268278868514 0.12701857844049175
v -0.2474372898031574 0.10423970886632015 0.12620016279942933
v -0.24713954429271337 0.1020710277240537 0.1253704768287832
v -0.24684897409932893 0.09987858990219416 0.12452924284458528
v -0.2465659100526943 0.09766434594105002 0.12367618316286758
v -0.24629068298249937 0.09543024638092971 0.12281102009966208
v -0.2460236237184341 0.09317824176214166 0.12193347597100077
v -0.24576506309018842 0.09091028262499441 0.12104327309291564
v -0.24551533192745234 0.08862831950979629 0.1201401337814387
v -0.24527476105991586 0.08633430295685578 0.11922378035260194
v -0.24504368131726903 0.08403018350648135 0.11829393512243733
v -0.24482242352920167 0.08171791169898142 0.11735032040697688
v -0.24461131852540385 0.07939943807466447 0.1163926585222526
v -0.24441069713556546 0.07707671317383889 0.11542067178429645
v -0.24422089018937654 0.07475168753681312 0.1144340825091404
v -0.2440422285165272 0.07242631170389573 0.11343261301281651
v -0.24387504294670712 0.07010253621539499 0.11241598561135671
v -0.24371966430960654 0.06778231161161948 0.11138392262079305
v -0.24357642343491526 0.06546758843287755 0.11033614635715745
v -0.2434456511523233 0.0631603172194777 0.10927237913648194
v -0.24332767829152074 0.06086244851172841 0.10819234327479857
v -0.24322283568219744 0.05857593284993802 0.10709576108813922
v -0.24313145415404344 0.056302720774415047 0.10598235489253593
v -0.24305386453674857 0.054044762825467926 0.10485184700402073
v -0.24299039766000302 0.05180400954340507 0.10370395973862556
v -0.24294136977002456 0.04958232399355274 0.10253839161479941
v -0.24290676169317296 0.04737955731664424 0.10135429380658183
v -0.24288621883594996 0.045193548728820435 0.10015027014360289
v -0.24287937202138515 0.04302204997123986 0.0989249006579097
v -0.24288585207250793 0.04086281278506089 0.09767676538154932
v -0.24290528981234816 0.03871358891144207 0.09640444434656885
v -0.24293731606393532 0.03657213009154191 0.09510651758501536
v -0.24298156165029888 0.03443618806651878 0.09378156512893591
v -0.24303765739446856 0.032303514577531264 0.09242816701037762
v -0.24310523411947374 0.030171861365737837 0.09104490326138752
v -0.24318392264834435 0.028038980172296932 0.08963035391401274
v -0.24327335380410975 0.025902622738367104 0.08818309900030036
v -0.2433731584097995 0.023760540805106756 0.0867017185522974
v -0.2434829672884432 0.02161048611367447 0.085184792602051
v -0.2436024112630706 0.019450210405228624 0.08363090118160821
v -0.2437311211567111 0.01727746542092777 0.08203862432301615
v -0.24386872779239444 0.015090002901930397 0.08040654205832187
v -0.24401486199315006 0.012885574589394919 0.07873323441957245
v -0.24416915458200758 0.01066193222447992 0.07701728143881495
v -0.24433123638199658 0.008416827548343761 0.07525726314809648
v -0.2445007382161468 0.006148012302145067 0.07345175957946413
v -0.24467729090748755 0.0038532382270421994 0.07159935076496497
v -0.24486052527904867 0.0015302570641936991 0.06969861673664605
v -0.24505007215385952 -0.0008231794452419339 0.0677481375265545
v -0.2452455623549499 -0.003209319560106283 0.06574649316673736
v -0.24544669676833078 -0.005630544461934561 0.06369034400180758
v -0.24565378608744512 -0.008090392252004266 0.06155964198574737
v -0.24586745499168983 -0.010592996722183473 0.05932573602885251
v -0.24608833075538747 -0.013142496587402977 0.05695990394188423
v -0.2463170406528603 -0.015743030562593657 0.054433423535603695
v -0.2465542119584306 -0.018398737362686213 0.05171757262077216
v -0.24680047194642074 -0.021113755702611578 0.048783629008150725
v -0.24705644789115305 -0.02389222429730045 0.04560287050850069
v -0.2473227670669499 -0.02673828186168374 0.0421465749325832
v -0.24760005674813368 -0.02965606711069224 0.038386020091159406
v -0.2478889442090265 -0.03264971875925676 0.0342924837949906
v -0.24819005672395092 -0.03572337552230813 0.02983724385483788
v -0.2485040215672292 -0.03888117611477711 0.024991578081462545
v -0.24883146601318365 -0.04212725925159456 0.019726764285625743
v -0.2491730173361367 -0.04546576364769132 0.014014080278088602
v -0.24952930281041058 -0.048900828017998124 0.007824803869612446
v -0.24990094971032764 -0.052436591077445895 0.0011302128709583387
v -0.25028858531021025 -0.05607719154096535 -0.006098414907112392
v -0.2506928368843808 -0.05982676812348738 -0.013889801653838688
v -0.25111433170716146 -0.06368945953994272 -0.022272669558459194
v -0.2515536970528748 -0.06766940450526224 -0.031275740810212796
v -0.25201156019584287 -0.07177074173437678 -0.040927737598338385
v -0.25248854841038826 -0.07599760994221708 -0.05125738211207459
v -0.25298528897083317 -0.08035414784371404 -0.06229339654066042
v -0.2535024091515 -0.08484449415379838 -0.07406450307333444
v -0.24156985454450328 0.11481833165864987 0.126001963332848
v -0.24141149746871193 0.1143341500902401 0.12588545576920002
v -0.24123612435056466 0.11376187024471705 0.1257108646968945
v -0.2410443307950825 0.1131051822013482 0.12548091662972735
v -0.24083671240728627 0.11236777603940094 0.12519833808149441
v -0.24061386479219668 0.11155334183814276 0.12486585556599156
v -0.24037638355483465 0.11066556967684103 0.12448619559701465
v -0.24012486430022098 0.1097081496347632 0.12406208468835957
v -0.23985990263337653 0.10868477179117679 0.12359624935382219
v -0.2395820941593221 0.10759912622534916 0.1230914161071984
v -0.2392920344830786 0.10645490301654777 0.12255031146228404
v -0.23899031920966676 0.10525579224404007 0.12197566193287501
v -0.23867754394410742 0.1040054839870934 0.12137019403276714
v -0.2383543042914214 0.10270766832497526 0.12073663427575633
v -0.2380211958566297 0.10136603533695314 0.12007770917563844
v -0.23767881424475293 0.09998427510229442 0.11939614524620937
v -0.237327755060812 0.0985660777002665 0.11869466900126495
v -0.2369686139098278 0.09711513321013689 0.1179760069546011
v -0.23660198639682112 0.09563513171117304 0.11724288562001366
v -0.23622846812681278 0.09412976328264226 0.11649803151129848
v -0.23584865470482358 0.09260271800381213 0.11574417114225148
v -0.23546314173587443 0.09105768595394996 0.1149840310266685
v -0.23507252482498606 0.08949835721232326 0.11422033767834541
v -0.23467739957717942 0.08792842185819945 0.11345581761107809
v -0.2342783615974753 0.08635156997084599 0.11269319733866243
v -0.23387600627078992 0.08477148324744997 0.11193519474264349
v -0.23347090234938478 0.08319082915348323 0.1111834832022197
v -0.23306356686094423 0.0816103053655491 0.11043770751765183
v -0.23265451089032857 0.0800303832440827 0.10969727941842912
v -0.23224424552239842 0.07845153414951951 0.10896161063404075
v -0.23183328184201413 0.07687422944229487 0.10823011289397594
v -0.23142213093403619 0.07529894048284404 0.10750219792772392
v -0.23101130388332494 0.07372613863160242 0.10677727746477388
v -0.23060131177474105 0.07215629524900531 0.10605476323461505
v -0.23019266569314478 0.07058988169548801 0.10533406696673661
v -0.22978587672339673 0.06902736933148597 0.1046146003906278
v -0.2293814559503572 0.06746922951743443 0.1038957752357778
v -0.2289799144588868 0.06591593361376881 0.10317700323167588
v -0.22858176333384583 0.06436795298092433 0.10245769610781119
v -0.22818751366009485 0.06282575897933636 0.10173726559367297
v -0.2277976765224943 0.06128982296944034 0.10101512341875042
v -0.22741276300590454 0.05976061631167144 0.10029068131253276
v -0.2270332841951862 0.058238610366465174 0.09956335100450922
v -0.22665975117519954 0.05672427649425675 0.09883254422416896
v -0.22629267503080513 0.055218086055481494 0.09809767270100123
v -0.22593256684686347 0.05372051041057489 0.09735814816449524
v -0.22557993770823484 0.052232020919972075 0.09661338234414017
v -0.2252352986997798 0.05075308894410853 0.09586278696942528
v -0.2248991609063588 0.04928418584341952 0.09510577376983974
v -0.2245720354128323 0.047825782978340406 0.09434175447487278
v -0.2242544234772455 0.046378319017853095 0.09357012229376974
v -0.2239466003408938 0.04494148072751074 0.09278984447016708
v -0.22364861522832252 0.04351420296943763 0.09199946228209235
v -0.223360507537262 0.04209538791430477 0.09119749848732923
v -0.22308231666544232 0.04068393773278296 0.09038247584366145
v -0.22281408201059388 0.03927875459554324 0.08955291710887267
v -0.22255584297044667 0.037878740673256514 0.0887073450407466
v -0.22230763894273098 0.036482798136593594 0.08784428239706689
v -0.22206950932517708 0.03508982915622551 0.08696225193561727
v -0.2218414935155151 0.03369873590282317 0.08605977641418144
v -0.22162363091147533 0.0323084205470575 0.08513537859054308
v -0.22141596091078797 0.03091778525959936 0.08418758122248587
v -0.2212185229111832 0.029525732211119718 0.08321490706779353
v -0.22103135631039122 0.028131163572289494 0.08221587888424972
v -0.22085450050614225 0.026732981513779605 0.08118901942963815
v -0.2206879948961665 0.02533008820626098 0.08013285146174252
v -0.22053187887819428 0.023921385820404553 0.07904589773834653
v -0.22038619184995567 0.022505776526881183 0.07792668101723381
v -0.2202509732091809 0.021082162496361884 0.07677372405618813
v -0.22012626235360025 0.019649445899517476 0.07558554961299312
v -0.22001209868094387 0.01820652890701896 0.07436068044543252
v -0.219908521588942 0.016752313689537224 0.07309763931129001
v -0.21981557047532485 0.0152857024177432 0.07179494896834926
v -0.21973328473782258 0.01380559726230779 0.07045113217439399
v -0.21966170377416552 0.012310900393901938 0.06906471168720785
v -0.21960078910245545 0.010800683477362794 0.06763420609670398
v -0.21954982439958484 0.009275493404529614 0.0661580977168844
v -0.21950774432633388 0.00773663665220882 0.06463485018351613
v -0.2194734806590522 0.006185425974768552 0.06306292697800069
v -0.21944596517408957 0.004623174126576909 0.0614407915817395
v -0.21942412964779548 0.003051193862002047 0.059766907476134085
v -0.2194069058565195 0.00147079793541198 0.05803973814258585
v -0.21939322557661128 -0.00011670089882508117 0.056257747062496324
v -0.21938202058442044 -0.001709989886341065 0.05441939771726693
v -0.21937222265629663 -0.003307756272767845 0.052523153588299135
v -0.21936276356858933 -0.004908687303737336 0.05056747815699442
v -0.2193525750976483 -0.006511470224881397 0.04855083490475424
v -0.21934058901982303 -0.0081147922818319 0.046471687312980084
v -0.21932573711146316 -0.009717340720220763 0.044328498863073405
v -0.21930695114891835 -0.01131780278567987 0.04211973303643564
v -0.21928316290853817 -0.012914865723841096 0.03984385331446831
v -0.21925330416667224 -0.01450721678033634 0.03749932317857284
v -0.21921630669967013 -0.01609354320079745 0.035084606110150726
v -0.21917110228388148 -0.01767253223085638 0.032598165590603405
v -0.21911662269565596 -0.019242871116144936 0.03003846510133238
v -0.21905179971134306 -0.020803247102295058 0.027403968123739096
v -0.2189755651072924 -0.02235234743493865 0.024693138139225
v -0.2188868506598537 -0.023888859359707554 0.021904438629191603
v -0.21878458814537652 -0.025411470122233645 0.01903633307504032
v -0.2186677093402104 -0.026918866968148866 0.016087284958172677
v -0.2419112556643162 0.11559864441825095 0.12560200256109436
v -0.24175208661975095 0.11511406578724416 0.12548828144134586
v -0.24157562824374598 0.1145411354369651 0.12531694458988807
v -0.24138248858839806 0.11388355552643491 0.1250906993206992
v -0.24117327570580402 0.11314502821467447 0.12481225294775736
v -0.24094859764806048 0.11232925566070474 0.12448431278504078
v -0.24070906246726415 0.11143994002354675 0.12410958614652759
v -0.24045527821551174 0.11048078346222139 0.12369078034619597
v -0.24018785294489997 0.10945548813574975 0.12323060269802415
v -0.2399073947075258 0.10836775620315277 0.12273176051599025
v -0.23961451155548563 0.10722128982345137 0.12219696111407245
v -0.2393098115408763 0.1060197911556666 0.12162891180624899
v -0.23899390271579454 0.10476696235881937 0.12103031990649796
v -0.23866739313233706 0.1034665055919307 0.12040389272879755
v -0.2383308908426006 0.1021221230140215 0.11975233758712597
v -0.2379850038986818 0.10073751678411284 0.11907836179546137
v -0.23763034035267744 0.09931638906122563 0.11838467266778192
v -0.23726750825668436 0.09786244200438089 0.11767397751806584
v -0.2368971156627991 0.0963793777725996 0.11694898366029127
v -0.23651977062311844 0.09487089852490264 0.11621239840843639
v -0.23613608118973914 0.0933407064203111 0.11546692907647939
v -0.23574665541475778 0.0917925036178459 0.11471528297839839
v -0.2353521013502713 0.09022999227652802 0.11396016742817162
v -0.23495302704837628 0.08865687455537839 0.11320428973977723
v -0.23455004056116946 0.08707685261341817 0.11245035722719343
v -0.2341437496840687 0.08549362018783953 0.11170106861195424
v -0.23373473115434715 0.08390985197457325 0.1109580829298542
v -0.23332350138974076 0.08232624353982722 0.1102210399923177
v -0.23291056987765557 0.0807432630604367 0.10948934761477769
v -0.23249644610549786 0.07916137871323715 0.10876241361266711
v -0.23208163956067368 0.07758105867506389 0.10803964580141891
v -0.23166665973058917 0.07600277112275226 0.10732045199646605
v -0.23125201610265042 0.07442698423313769 0.10660424001324142
v -0.23083821816426367 0.07285416618305555 0.10589041766717805
v -0.23042577540283496 0.07128478514934118 0.10517839277370879
v -0.23001519730577055 0.06971930930882993 0.10446757314826663
v -0.22960699336047632 0.06815820683835715 0.10375736660628451
v -0.22920167305435873 0.06660194591475833 0.10304718096319539
v -0.22879974587482368 0.0650509947148687 0.10233642403443213
v -0.22840172130927738 0.06350582141552367 0.10162450363542776
v -0.22800810884512604 0.06196689419355868 0.10091082758161522
v -0.22761941796977556 0.060434681225809014 0.10019480368842741
v -0.22723615817063236 0.05890965068911007 0.09947583977129731
v -0.22685883893510242 0.057392270760297195 0.09875334364565784
v -0.22648796975059182 0.05588300961620575 0.09802672312694193
v -0.2261240601045069 0.0543823354336712 0.09729538603058255
v -0.22576761948425358 0.05289071638952876 0.09655874017201263
v -0.22541915737723808 0.05140862066061393 0.09581619336666511
v -0.2250791832708665 0.049936516423762 0.09506715342997295
v -0.22474820665254508 0.04847487185580836 0.09431102817736907
v -0.22442672709187172 0.04702412236529101 0.09354720708950344
v -0.22411501604885775 0.04558394968990749 0.09277465794701725
v -0.2238131168739275 0.04415328189651506 0.09199192683054298
v -0.22352106299969735 0.04273101428367353 0.09119754148593007
v -0.22323888785878349 0.041316042149942736 0.09039002965902794
v -0.22296662488380248 0.039907260793882474 0.08956791909568612
v -0.2227043075073704 0.03850356551405261 0.08872973754175406
v -0.2224519691621037 0.037103851609012875 0.08787401274308117
v -0.22220964328061862 0.035707014377323223 0.08699927244551699
v -0.22197736329553142 0.03431194911754336 0.08610404439491089
v -0.22175516263945852 0.03291755112823315 0.0851868563371124
v -0.22154307474501628 0.03152271570795244 0.08424623601797096
v -0.22134113304482095 0.030126338155261015 0.08328071118333602
v -0.2211493709714887 0.028727313768718746 0.08228880957905708
v -0.22096782195763612 0.02732453784688539 0.08126905895098355
v -0.2207965194358793 0.02591690568832085 0.08021998704496494
v -0.2206354968388347 0.024503312591584864 0.07914012160685069
v -0.22048478759911855 0.02308265385523728 0.07802799038249025
v -0.22034442514934716 0.021653824777837963 0.07688212111773308
v -0.22021444292213688 0.020215720657946662 0.07570104155842866
v -0.220094874350104 0.018767236794123274 0.07448327945042647
v -0.21998575286586486 0.01730726848492757 0.07322736253957592
v -0.2198871119020358 0.015834711028919382 0.07193181857172651
v -0.21979898489123306 0.01434845972465855 0.07059517529272769
v -0.219721405266073 0.012847409870704901 0.0692159604484289
v -0.2196543287120671 0.011330626306197106 0.06779269709421742
v -0.2195970342269623 0.009798649501238155 0.06632386746108708
v -0.21954845238629506 0.00825277971889557 0.0648079327598121
v -0.21950751088607948 0.006694323501517649 0.06324335402744595
v -0.21947313742232952 0.005124587391452648 0.061628592301042034
v -0.21944425969105913 0.003544877931048837 0.05996210861765382
v -0.21941980538828235 0.001956501662654417 0.05824236401433469
v -0.21939870221001315 0.00036076512861774046 0.05646781952813813
v -0.2193798778522657 -0.0012410251287130053 0.05463693619611755
v -0.21936226001105386 -0.0028475625669895227 0.05274817505532638
v -0.2193447763823916 -0.004457540643863611 0.05079999714281805
v -0.2193263546622931 -0.006069652816986973 0.04879086349564597
v -0.2193059225467723 -0.00768259254401131 0.04671923515086363
v -0.21928240773184315 -0.009295053282588436 0.04458357314552443
v -0.21925473791351965 -0.010905728490370067 0.04238233851668177
v -0.21922184078781598 -0.012513311625007906 0.04011399230138914
v -0.21918264405074592 -0.01411649614415375 0.037776995536699914
v -0.21913607539832358 -0.015713975505459277 0.035369809259667595
v -0.21908106252656304 -0.017304443166576325 0.032890894507345544
v -0.21901653313147823 -0.018886592585156542 0.03033871231678725
v -0.21894141490908317 -0.0204591172188517 0.02771172372504612
v -0.21885463555539186 -0.022020710525313555 0.02500838976917556
v -0.21875512276641831 -0.02357006596219384 0.022227171486229057
v -0.21864180423817667 -0.025105876987144296 0.019366529913259985
v -0.2185136076666807 -0.026626837057816655 0.01642492608732184
l 1 2 3 4 5 6 7 8 9 10 11 12 13 14 15 16 17 18 19 20 21 22 23 24 25 26 27 28 29 30 31 32 33 34 35 36 37 38 39 40 41 42 43 44 45 46 47 48 49 50 51 52 53 54 55 56 57 58 59 60 61 62 63 64 65 66 67 68 69 70 71 72 73 74 75 76 77 78 79 80 81 82 83 84 85 86 87 88 89 90 91 92 93 94 95 96 97 98 99 100
l 101 102 103 104 105 106 107 108 109 110 111 112 113 114 115 116 117 118 119 120 121 122 123 124 125 126 127 128 129 130 131 132 133 134 135 136 137 138 139 140 141 142 143 144 145 146 147 148 149 150 151 152 153 154 155 156 157 158 159 160 161 162 163 164 165 166 167 168 169 170 171 172 173 174 175 176 177 178 179 180 181 182 183 184 185 186 187 188 189 190 191 192 193 194 195 196 197 198 199 200
l 201 202 203 204 205 206 207 208 209 210 211 212 213 214 215 216 217 218 219 220 221 222 223 224 225 226 227 228 229 230 231 232 233 234 235 236 237 238 239 240 241 242 243 244 245 246 247 248 249 250 251 252 253 254 255 256 257 258 259 260 261 262 263 264 265 266 267 268 269 270 271 272 273 274 275 276 277 278 279 280 281 282 283 284 285 286 287 288 289 290 291 292 293 294 295 296 297 298 299 300
l 301 302 303 304 305 306 307 308 309 310 311 312 313 314 315 316 317 318 319 320 321 322 323 324 325 326 327 328 329 330 331 332 333 334 335 336 337 338 339 340 341 342 343 344 345 346 347 348 349 350 351 352 353 354 355 356 357 358 359 360 361 362 363 364 365 366 367 368 369 370 371 372 373 374 375 376 377 378 379 380 381 382 383 384 385 386 387 388 389 390 391 392 393 394 395 396 397 398 399 400
l 401 402 403 404 405 406 407 408 409 410 411 412 413 414 415 416 417 418 419 420 421 422 423 424 425 426 427 428 429 430 431 432 433 434 435 436 437 438 439 440 441 442 443 444 445 446 447 448 449 450 451 452 453 454 455 456 457 458 459 460 461 462 463 464 465 466 467 468 469 470 471 472 473 474 475 476 477 478 479 480 481 482 483 484 485 486 487 488 489 490 491 492 493 494 495 496 497 498 499 500
l 501 502 503 504 505 506 507 508 509 510 511 512 513 514 515 516 517 518 519 520 521 522 523 524 525 526 527 528 529 530 531 532 533 534 535 536 537 538 539 540 541 542 543 544 545 546 547 548 549 550 551 552 553 554 555 556 557 558 559 560 561 562 563 564 565 566 567 568 569 570 571 572 573 574 575 576 577 578 579 580 581 582 583 584 585 586 587 588 589 590 591 592 593 594 595 596 597 598 599 600
l 601 602 603 604 605 606 607 608 609 610 611 612 613 614 615 616 617 618 619 620 621 622 623 624 625 626 627 628 629 630 631 632 633 634 635 636 637 638 639 640 641 642 643 644 645 646 647 648 649 650 651 652 653 654 655 656 657 658 659 660 661 662 663 664 665 666 667 668 669 670 671 672 673 674 675 676 677 678 679 680 681 682 683 684 685 686 687 688 689 690 691 692 693 694 695 696 697 698 699 700
l 701 702 703 704 705 706 707 708 709 710 711 712 713 714 715 716 717 718 719 720 721 722 723 724 725 726 727 728 729 730 731 732 733 734 735 736 737 738 739 740 741 742 743 744 745 746 747 748 749 750 751 752 753 754 755 756 757 758 759 760 761 762 763 764 765 766 767 768 769 770 771 772 773 774 775 776 777 778 779 780 781 782 783 784 785 786 787 788 789 790 791 792 793 794 795 796 797 798 799 800
l 801 802 803 804 805 806 807 808 809 810 811 812 813 814 815 816 817 818 819 820 821 822 823 824 825 826 827 828 829 830 831 832 833 834 835 836 837 838 839 840 841 842 843 844 845 846 847 848 849 850 851 852 853 854 855 856 857 858 859 860 861 862 863 864 865 866 867 868 869 870 871 872 873 874 875 876 877 878 879 880 881 882 883 884 885 886 887 888 889 890 891 892 893 894 895 896 897 898 899 900
l 901 902 903 904 905 906 907 908 909 910 911 912 913 914 915 916 917 918 919 920 921 922 923 924 925 926 927 928 929 930 931 932 933 934 935 936 937 938 939 940 941 942 943 944 945 946 947 948 949 950 951 952 953 954 955 956 957 958 959 960 961 962 963 964 965 966 967 968 969 970 971 972 973 974 975 976 977 978 979 980 981 982 983 984 985 986 987 988 989 990 991 992 993 994 995 996 997 998 999 1000
l 1001 1002 1003 1004 1005 1006 1007 1008 1009 1010 1011 1012 1013 1014 1015 1016 1017 1018 1019 1020 1021 1022 1023 1024 1025 1026 1027 1028 1029 1030 1031 1032 1033 1034 1035 1036 1037 1038 1039 1040 1041 1042 1043 1044 1045 1046 1047 1048 1049 1050 1051 1052 1053 1054 1055 1056 1057 1058 1059 1060 1061 1062 1063 1064 1065 1066 1067 1068 1069 1070 1071 1072 1073 1074 1075 1076 1077 1078 1079 1080 1081 1082 1083 1084 1085 1086 1087 1088 1089 1090 1091 1092 1093 1094 1095 1096 1097 1098 1099 1100
l 1101 1102 1103 1104 1105 1106 1107 1108 1109 1110 1111 1112 1113 1114 1115 1116 1117 1118 1119 1120 1121 1122 1123 1124 1125 1126 1127 1128 1129 1130 1131 1132 1133 1134 1135 1136 1137 1138 1139 1140 1141 1142 1143 1144 1145 1146 1147 1148 1149 1150 1151 1152 1153 1154 1155 1156 1157 1158 1159 1160 1161 1162 1163 1164 1165 1166 1167 1168 1169 1170 1171 1172 1173 1174 1175 1176 1177 1178 1179 1180 1181 1182 1183 1184 1185 1186 1187 1188 1189 1190 1191 1192 1193 1194 1195 1196 1197 1198 1199 1200
l 1201 1202 1203 1204 1205 1206 1207 1208 1209 1210 1211 1212 1213 1214 1215 1216 1217 1218 1219 1220 1221 1222 1223 1224 1225 1226 1227 1228 1229 1230 1231 1232 1233 1234 1235 1236 1237 1238 1239 1240 1241 1242 1243 1244 1245 1246 1247 1248 1249 1250 1251 1252 1253 1254 1255 1256 1257 1258 1259 1260 1261 1262 1263 1264 1265 1266 1267 1268 1269 1270 1271 1272 1273 1274 1275 1276 1277 1278 1279 1280 1281 1282 1283 1284 1285 1286 1287 1288 1289 1290 1291 1292 1293 1294 1295 1296 1297 1298 1299 1300
l 1301 1302 1303 1304 1305 1306 1307 1308 1309 1310 1311 1312 1313 1314 1315 1316 1317 1318 1319 1320 1321 1322 1323 1324 1325 1326 1327 1328 1329 1330 1331 1332 1333 1334 1335 1336 1337 1338 1339 1340 1341 1342 1343 1344 1345 1346 1347 1348 1349 1350 1351 1352 1353 1354 1355 1356 1357 1358 1359 1360 1361 1362 1363 1364 1365 1366 1367 1368 1369 1370 1371 1372 1373 1374 1375 1376 1377 1378 1379 1380 1381 1382 1383 1384 1385 1386 1387 1388 1389 1390 1391 1392 1393 1394 1395 1396 1397 1398 1399 1400
l 1401 1402 1403 1404 1405 1406 1407 1408 1409 1410 1411 1412 1413 1414 1415 1416 1417 1418 1419 1420 1421 1422 1423 1424 1425 1426 1427 1428 1429 1430 1431 1432 1433 1434 1435 1436 1437 1438 1439 1440 1441 1442 1443 1444 1445 1446 1447 1448 1449 1450 1451 1452 1453 1454 1455 1456 1457 1458 1459 1460 1461 1462 1463 1464 1465 1466 1467 1468 1469 1470 1471 1472 1473 1474 1475 1476 1477 1478 1479 1480 1481 1482 1483 1484 1485 1486 1487 1488 1489 1490 1491 1492 1493 1494 1495 1496 1497 1498 1499 1500
l 1501 1502 1503 1504 1505 1506 1507 1508 1509 1510 1511 1512 1513 1514 1515 1516 1517 1518 1519 1520 1521 1522 1523 1524 1525 1526 1527 1528 1529 1530 1531 1532 1533 1534 1535 1536 1537 1538 1539 1540 1541 1542 1543 1544 1545 1546 1547 1548 1549 1550 1551 1552 1553 1554 1555 1556 1557 1558 1559 1560 1561 1562 1563 1564 1565 1566 1567 1568 1569 1570 1571 1572 1573 1574 1575 1576 1577 1578 1579 1580 1581 1582 1583 1584 1585 1586 1587 1588 1589 1590 1591 1592 1593 1594 1595 1596 1597 1598 1599 1600
l 1601 1602 1603 1604 1605 1606 1607 1608 1609 1610 1611 1612 1613 1614 1615 1616 1617 1618 1619 1620 1621 1622 1623 1624 1625 1626 1627 1628 1629 1630 1631 1632 1633 1634 1635 1636 1637 1638 1639 1640 1641 1642 1643 1644 1645 1646 1647 1648 1649 1650 1651 1652 1653 1654 1655 1656 1657 1658 1659 1660 1661 1662 1663 1664 1665 1666 1667 1668 1669 1670 1671 1672 1673 1674 1675 1676 1677 1678 1679 1680 1681 1682 1683 1684 1685 1686 1687 1688 1689 1690 1691 1692 1693 1694 1695 1696 1697 1698 1699 1700
l 1701 1702 1703 1704 1705 1706 1707 1708 1709 1710 1711 1712 1713 1714 1715 1716 1717 1718 1719 1720 1721 1722 1723 1724 1725 1726 1727 1728 1729 1730 1731 1732 1733 1734 1735 1736 1737 1738 1739 1740 1741 1742 1743 1744 1745 1746 1747 1748 1749 1750 1751 1752 1753 1754 1755 1756 1757 1758 1759 1760 1761 1762 1763 1764 1765 1766 1767 1768 1769 1770 1771 1772 1773 1774 1775 1776 1777 1778 1779 1780 1781 1782 1783 1784 1785 1786 1787 1788 1789 1790 1791 1792 1793 1794 1795 1796 1797 1798 1799 1800
l 1801 1802 1803 1804 1805 1806 1807 1808 1809 1810 1811 1812 1813 1814 1815 1816 1817 1818 1819 1820 1821 1822 1823 1824 1825 1826 1827 1828 1829 1830 1831 1832 1833 1834 1835 1836 1837 1838 1839 1840 1841 1842 1843 1844 1845 1846 1847 1848 1849 1850 1851 1852 1853 1854 1855 1856 1857 1858 1859 1860 1861 1862 1863 1864 1865 1866 1867 1868 1869 1870 1871 1872 1873 1874 1875 1876 1877 1878 1879 1880 1881 1882 1883 1884 1885 1886 1887 1888 1889 1890 1891 1892 1893 1894 1895 1896 1897 1898 1899 1900
l 1901 1902 1903 1904 1905 1906 1907 1908 1909 1910 1911 1912 1913 1914 1915 1916 1917 1918 1919 1920 1921 1922 1923 1924 1925 1926 1927 1928 1929 1930 1931 1932 1933 1934 1935 1936 1937 1938 1939 1940 1941 1942 1943 1944 1945 1946 1947 1948 1949 1950 1951 1952 1953 1954 1955 1956 1957 1958 1959 1960 1961 1962 1963 1964 1965 1966 1967 1968 1969 1970 1971 1972 1973 1974 1975 1976 1977 1978 1979 1980 1981 1982 1983 1984 1985 1986 1987 1988 1989 1990 1991 1992 1993 1994 1995 1996 1997 1998 1999 2000
l 2001 2002 2003 2004 2005 2006 2007 2008 2009 2010 2011 2012 2013 2014 2015 2016 2017 2018 2019 2020 2021 2022 2023 2024 2025 2026 2027 2028 2029 2030 2031 2032 2033 2034 2035 2036 2037 2038 2039 2040 2041 2042 2043 2044 2045 2046 2047 2048 2049 2050 2051 2052 2053 2054 2055 2056 2057 2058 2059 2060 2061 2062 2063 2064 2065 2066 2067 2068 2069 2070 2071 2072 2073 2074 2075 2076 2077 2078 2079 2080 2081 2082 2083 2084 2085 2086 2087 2088 2089 2090 2091 2092 2093 2094 2095 2096 2097 2098 2099 2100
l 2101 2102 2103 2104 2105 2106 2107 2108 2109 2110 2111 2112 2113 2114 2115 2116 2117 2118 2119 2120 2121 2122 2123 2124 2125 2126 2127 2128 2129 2130 2131 2132 2133 2134 2135 2136 2137 2138 2139 2140 2141 2142 2143 2144 2145 2146 2147 2148 2149 2150 2151 2152 2153 2154 2155 2156 2157 2158 2159 2160 2161 2162 2163 2164 2165 2166 2167 2168 2169 2170 2171 2172 2173 2174 2175 2176 2177 2178 2179 2180 2181 2182 2183 2184 2185 2186 2187 2188 2189 2190 2191 2192 2193 2194 2195 2196 2197 2198 2199 2200
l 2201 2202 2203 2204 2205 2206 2207 2208 2209 2210 2211 2212 2213 2214 2215 2216 2217 2218 2219 2220 2221 2222 2223 2224 2225 2226 2227 2228 2229 2230 2231 2232 2233 2234 2235 2236 2237 2238 2239 2240 2241 2242 2243 2244 2245 2246 2247 2248 2249 2250 2251 2252 2253 2254 2255 2256 2257 2258 2259 2260 2261 2262 2263 2264 2265 2266 2267 2268 2269 2270 2271 2272 2273 2274 2275 2276 2277 2278 2279 2280 2281 2282 2283 2284 2285 2286 2287 2288 2289 2290 2291 2292 2293 2294 2295 2296 2297 2298 2299 2300
l 2301 2302 2303 2304 2305 2306 2307 2308 2309 2310 2311 2312 2313 2314 2315 2316 2317 2318 2319 2320 2321 2322 2323 2324 2325 2326 2327 2328 2329 2330 2331 2332 2333 2334 2335 2336 2337 2338 2339 2340 2341 2342 2343 2344 2345 2346 2347 2348 2349 2350 2351 2352 2353 2354 2355 2356 2357 2358 2359 2360 2361 2362 2363 2364 2365 2366 2367 2368 2369 2370 2371 2372 2373 2374 2375 2376 2377 2378 2379 2380 2381 2382 2383 2384 2385 2386 2387 2388 2389 2390 2391 2392 2393 2394 2395 2396 2397 2398 2399 2400
l 2401 2402 2403 2404 2405 2406 2407 2408 2409 2410 2411 2412 2413 2414 2415 2416 2417 2418 2419 2420 2421 2422 2423 2424 2425 2426 2427 2428 2429 2430 2431 2432 2433 2434 2435 2436 2437 2438 2439 2440 2441 2442 2443 2444 2445 2446 2447 2448 2449 2450 2451 2452 2453 2454 2455 2456 2457 2458 2459 2460 2461 2462 2463 2464 2465 2466 2467 2468 2469 2470 2471 2472 2473 2474 2475 2476 2477 2478 2479 2480 2481 2482 2483 2484 2485 2486 2487 2488 2489 2490 2491 2492 2493 2494 2495 2496 2497 2498 2499 2500
l 2501 2502 2503 2504 2505 2506 2507 2508 2509 2510 2511 2512 2513 2514 2515 2516 2517 2518 2519 2520 2521 2522 2523 2524 2525 2526 2527 2528 2529 2530 2531 2532 2533 2534 2535 2536 2537 2538 2539 2540 2541 2542 2543 2544 2545 2546 2547 2548 2549 2550 2551 2552 2553 2554 2555 2556 2557 2558 2559 2560 2561 2562 2563 2564 2565 2566 2567 2568 2569 2570 2571 2572 2573 2574 2575 2576 2577 2578 2579 2580 2581 2582 2583 2584 2585 2586 2587 2588 2589 2590 2591 2592 2593 2594 2595 2596 2597 2598 2599 2600
l 2601 2602 2603 2604 2605 2606 2607 2608 2609 2610 2611 2612 2613 2614 2615 2616 2617 2618 2619 2620 2621 2622 2623 2624 2625 2626 2627 2628 2629 2630 2631 2632 2633 2634 2635 2636 2637 2638 2639 2640 2641 2642 2643 2644 2645 2646 2647 2648 2649 2650 2651 2652 2653 2654 2655 2656 2657 2658 2659 2660 2661 2662 2663 2664 2665 2666 2667 2668 2669 2670 2671 2672 2673 2674 2675 2676 2677 2678 2679 2680 2681 2682 2683 2684 2685 2686 2687 2688 2689 2690 2691 2692 2693 2694 2695 2696 2697 2698 2699 2700
l 2701 2702 2703 2704 2705 2706 2707 2708 2709 2710 2711 2712 2713 2714 2715 2716 2717 2718 2719 2720 2721 2722 2723 2724 2725 2726 2727 2728 2729 2730 2731 2732 2733 2734 2735 2736 2737 2738 2739 2740 2741 2742 2743 2744 2745 2746 2747 2748 2749 2750 2751 2752 2753 2754 2755 2756 2757 2758 2759 2760 2761 2762 2763 2764 2765 2766 2767 2768 2769 2770 2771 2772 2773 2774 2775 2776 2777 2778 2779 2780 2781 2782 2783 2784 2785 2786 2787 2788 2789 2790 2791 2792 2793 2794 2795 2796 2797 2798 2799 2800
l 2801 2802 2803 2804 2805 2806 2807 2808 2809 2810 2811 2812 2813 2814 2815 2816 2817 2818 2819 2820 2821 2822 2823 2824 2825 2826 2827 2828 2829 2830 2831 2832 2833 2834 2835 2836 2837 2838 2839 2840 2841 2842 2843 2844 2845 2846 2847 2848 2849 2850 2851 2852 2853 2854 2855 2856 2857 2858 2859 2860 2861 2862 2863 2864 2865 2866 2867 2868 2869 2870 2871 2872 2873 2874 2875 2876 2877 2878 2879 2880 2881 2882 2883 2884 2885 2886 2887 2888 2889 2890 2891 2892 2893 2894 2895 2896 2897 2898 2899 2900
l 2901 2902 2903 2904 2905 2906 2907 2908 2909 2910 2911 2912 2913 2914 2915 2916 2917 2918 2919 2920 2921 2922 2923 2924 2925 2926 2927 2928 2929 2930 2931 2932 2933 2934 2935 2936 2937 2938 2939 2940 2941 2942 2943 2944 2945 2946 2947 2948 2949 2950 2951 2952 2953 2954 2955 2956 2957 2958 2959 2960 2961 2962 2963 2964 2965 2966 2967 2968 2969 2970 2971 2972 2973 2974 2975 2976 2977 2978 2979 2980 2981 2982 2983 2984 2985 2986 2987 2988 2989 2990 2991 2992 2993 2994 2995 2996 2997 2998 2999 3000
l 3001 3002 3003 3004 3005 3006 3007 3008 3009 3010 3011 3012 3013 3014 3015 3016 3017 3018 3019 3020 3021 3022 3023 3024 3025 3026 3027 3028 3029 3030 3031 3032 3033 3034 3035 3036 3037 3038 3039 3040 3041 3042 3043 3044 3045 3046 3047 3048 3049 3050 3051 3052 3053 3054 3055 3056 3057 3058 3059 3060 3061 3062 3063 3064 3065 3066 3067 3068 3069 3070 3071 3072 3073 3074 3075 3076 3077 3078 3079 3080 3081 3082 3083 3084 3085 3086 3087 3088 3089 3090 3091 3092 3093 3094 3095 3096 3097 3098 3099 3100
l 3101 3102 3103 3104 3105 3106 3107 3108 3109 3110 3111 3112 3113 3114 3115 3116 3117 3118 3119 3120 3121 3122 3123 3124 3125 3126 3127 3128 3129 3130 3131 3132 3133 3134 3135 3136 3137 3138 3139 3140 3141 3142 3143 3144 3145 3146 3147 3148 3149 3150 3151 3152 3153 3154 3155 3156 3157 3158 3159 3160 3161 3162 3163 3164 3165 3166 3167 3168 3169 3170 3171 3172 3173 3174 3175 3176 3177 3178 3179 3180 3181 3182 3183 3184 3185 3186 3187 3188 3189 3190 3191 3192 3193 3194 3195 3196 3197 3198 3199 3200
l 3201 3202 3203 3204 3205 3206 3207 3208 3209 3210 3211 3212 3213 3214 3215 3216 3217 3218 3219 3220 3221 3222 3223 3224 3225 3226 3227 3228 3229 3230 3231 3232 3233 3234 3235 3236 3237 3238 3239 3240 3241 3242 3243 3244 3245 3246 3247 3248 3249 3250 3251 3252 3253 3254 3255 3256 3257 3258 3259 3260 3261 3262 3263 3264 3265 3266 3267 3268 3269 3270 3271 3272 3273 3274 3275 3276 3277 3278 3279 3280 3281 3282 3283 3284 3285 3286 3287 3288 3289 3290 3291 3292 3293 3294 3295 3296 3297 3298 3299 3300
l 3301 3302 3303 3304 3305 3306 3307 3308 3309 3310 3311 3312 3313 3314 3315 3316 3317 3318 3319 3320 3321 3322 3323 3324 3325 3326 3327 3328 3329 3330 3331 3332 3333 3334 3335 3336 3337 3338 3339 3340 3341 3342 3343 3344 3345 3346 3347 3348 3349 3350 3351 3352 3353 3354 3355 3356 3357 3358 3359 3360 3361 3362 3363 3364 3365 3366 3367 3368 3369 3370 3371 3372 3373 3374 3375 3376 3377 3378 3379 3380 3381 3382 3383 3384 3385 3386 3387 3388 3389 3390 3391 3392 3393 3394 3395 3396 3397 3398 3399 3400
l 3401 3402 3403 3404 3405 3406 3407 3408 3409 3410 3411 3412 3413 3414 3415 3416 3417 3418 3419 3420 3421 3422 3423 3424 3425 3426 3427 3428 3429 3430 3431 3432 3433 3434 3435 3436 3437 3438 3439 3440 3441 3442 3443 3444 3445 3446 3447 3448 3449 3450 3451 3452 3453 3454 3455 3456 3457 3458 3459 3460 3461 3462 3463 3464 3465 3466 3467 3468 3469 3470 3471 3472 3473 3474 3475 3476 3477 3478 3479 3480 3481 3482 3483 3484 3485 3486 3487 3488 3489 3490 3491 3492 3493 3494 3495 3496 3497 3498 3499 3500
l 3501 3502 3503 3504 3505 3506 3507 3508 3509 3510 3511 3512 3513 3514 3515 3516 3517 3518 3519 3520 3521 3522 3523 3524 3525 3526 3527 3528 3529 3530 3531 3532 3533 3534 3535 3536 3537 3538 3539 3540 3541 3542 3543 3544 3545 3546 3547 3548 3549 3550 3551 3552 3553 3554 3555 3556 3557 3558 3559 3560 3561 3562 3563 3564 3565 3566 3567 3568 3569 3570 3571 3572 3573 3574 3575 3576 3577 3578 3579 3580 3581 3582 3583 3584 3585 3586 3587 3588 3589 3590 3591 3592 3593 3594 3595 3596 3597 3598 3599 3600
l 3601 3602 3603 3604 3605 3606 3607 3608 3609 3610 3611 3612 3613 3614 3615 3616 3617 3618 3619 3620 3621 3622 3623 3624 3625 3626 3627 3628 3629 3630 3631 3632 3633 3634 3635 3636 3637 3638 3639 3640 3641 3642 3643 3644 3645 3646 3647 3648 3649 3650 3651 3652 3653 3654 3655 3656 3657 3658 3659 3660 3661 3662 3663 3664 3665 3666 3667 3668 3669 3670 3671 3672 3673 3674 3675 3676 3677 3678 3679 3680 3681 3682 3683 3684 3685 3686 3687 3688 3689 3690 3691 3692 3693 3694 3695 3696 3697 3698 3699 3700
l 3701 3702 3703 3704 3705 3706 3707 3708 3709 3710 3711 3712 3713 3714 3715 3716 3717 3718 3719 3720 3721 3722 3723 3724 3725 3726 3727 3728 3729 3730 3731 3732 3733 3734 3735 3736 3737 3738 3739 3740 3741 3742 3743 3744 3745 3746 3747 3748 3749 3750 3751 3752 3753 3754 3755 3756 3757 3758 3759 3760 3761 3762 3763 3764 3765 3766 3767 3768 3769 3770 3771 3772 3773 3774 3775 3776 3777 3778 3779 3780 3781 3782 3783 3784 3785 3786 3787 3788 3789 3790 3791 3792 3793 3794 3795 3796 3797 3798 3799 3800
l 3801 3802 3803 3804 3805 3806 3807 3808 3809 3810 3811 3812 3813 3814 3815 3816 3817 3818 3819 3820 3821 3822 3823 3824 3825 3826 3827 3828 3829 3830 3831 3832 3833 3834 3835 3836 3837 3838 3839 3840 3841 3842 3843 3844 3845 3846 3847 3848 3849 3850 3851 3852 3853 3854 3855 3856 3857 3858 3859 3860 3861 3862 3863 3864 3865 3866 3867 3868 3869 3870 3871 3872 3873 3874 3875 3876 3877 3878 3879 3880 3881 3882 3883 3884 3885 3886 3887 3888 3889 3890 3891 3892 3893 3894 3895 3896 3897 3898 3899 3900
l 3901 3902 3903 3904 3905 3906 3907 3908 3909 3910 3911 3912 3913 3914 3915 3916 3917 3918 3919 3920 3921 3922 3923 3924 3925 3926 3927 3928 3929 3930 3931 3932 3933 3934 3935 3936 3937 3938 3939 3940 3941 3942 3943 3944 3945 3946 3947 3948 3949 3950 3951 3952 3953 3954 3955 3956 3957 3958 3959 3960 3961 3962 3963 3964 3965 3966 3967 3968 3969 3970 3971 3972 3973 3974 3975 3976 3977 3978 3979 3980 3981 3982 3983 3984 3985 3986 3987 3988 3989 3990 3991 3992 3993 3994 3995 3996 3997 3998 3999 4000
l 4001 4002 4003 4004 4005 4006 4007 4008 4009 4010 4011 4012 4013 4014 4015 4016 4017 4018 4019 4020 4021 4022 4023 4024 4025 4026 4027 4028 4029 4030 4031 4032 4033 4034 4035 4036 4037 4038 4039 4040 4041 4042 4043 4044 4045 4046 4047 4048 4049 4050 4051 4052 4053 4054 4055 4056 4057 4058 4059 4060 4061 4062 4063 4064 4065 4066 4067 4068 4069 4070 4071 4072 4073 4074 4075 4076 4077 4078 4079 4080 4081 4082 4083 4084 4085 4086 4087 4088 4089 4090 4091 4092 4093 4094 4095 4096 4097 4098 4099 4100
l 4101 4102 4103 4104 4105 4106 4107 4108 4109 4110 4111 4112 4113 4114 4115 4116 4117 4118 4119 4120 4121 4122 4123 4124 4125 4126 4127 4128 4129 4130 4131 4132 4133 4134 4135 4136 4137 4138 4139 4140 4141 4142 4143 4144 4145 4146 4147 4148 4149 4150 4151 4152 4153 4154 4155 4156 4157 4158 4159 4160 4161 4162 4163 4164 4165 4166 4167 4168 4169 4170 4171 4172 4173 4174 4175 4176 4177 4178 4179 4180 4181 4182 4183 4184 4185 4186 4187 4188 4189 4190 4191 4192 4193 4194 4195 4196 4197 4198 4199 4200
l 4201 4202 4203 4204 4205 4206 4207 4208 4209 4210 4211 4212 4213 4214 4215 4216 4217 4218 4219 4220 4221 4222 4223 4224 4225 4226 4227 4228 4229 4230 4231 4232 4233 4234 4235 4236 4237 4238 4239 4240 4241 4242 4243 4244 4245 4246 4247 4248 4249 4250 4251 4252 4253 4254 4255 4256 4257 4258 4259 4260 4261 4262 4263 4264 4265 4266 4267 4268 4269 4270 4271 4272 4273 4274 4275 4276 4277 4278 4279 4280 4281 4282 4283 4284 4285 4286 4287 4288 4289 4290 4291 4292 4293 4294 4295 4296 4297 4298 4299 4300
l 4301 4302 4303 4304 4305 4306 4307 4308 4309 4310 4311 4312 4313 4314 4315 4316 4317 4318 4319 4320 4321 4322 4323 4324 4325 4326 4327 4328 4329 4330 4331 4332 4333 4334 4335 4336 4337 4338 4339 4340 4341 4342 4343 4344 4345 4346 4347 4348 4349 4350 4351 4352 4353 4354 4355 4356 4357 4358 4359 4360 4361 4362 4363 4364 4365 4366 4367 4368 4369 4370 4371 4372 4373 4374 4375 4376 4377 4378 4379 4380 4381 4382 4383 4384 4385 4386 4387 4388 4389 4390 4391 4392 4393 4394 4395 4396 4397 4398 4399 4400
l 4401 4402 4403 4404 4405 4406 4407 4408 4409 4410 4411 4412 4413 4414 4415 4416 4417 4418 4419 4420 4421 4422 4423 4424 4425 4426 4427 4428 4429 4430 4431 4432 4433 4434 4435 4436 4437 4438 4439 4440 4441 4442 4443 4444 4445 4446 4447 4448 4449 4450 4451 4452 4453 4454 4455 4456 4457 4458 4459 4460 4461 4462 4463 4464 4465 4466 4467 4468 4469 4470 4471 4472 4473 4474 4475 4476 4477 4478 4479 4480 4481 4482 4483 4484 4485 4486 4487 4488 4489 4490 4491 4492 4493 4494 4495 4496 4497 4498 4499 4500
l 4501 4502 4503 4504 4505 4506 4507 4508 4509 4510 4511 4512 4513 4514 4515 4516 4517 4518 4519 4520 4521 4522 4523 4524 4525 4526 4527 4528 4529 4530 4531 4532 4533 4534 4535 4536 4537 4538 4539 4540 4541 4542 4543 4544 4545 4546 4547 4548 4549 4550 4551 4552 4553 4554 4555 4556 4557 4558 4559 4560 4561 4562 4563 4564 4565 4566 4567 4568 4569 4570 4571 4572 4573 4574 4575 4576 4577 4578 4579 4580 4581 4582 4583 4584 4585 4586 4587 4588 4589 4590 4591 4592 4593 4594 4595 4596 4597 4598 4599 4600
l 4601 4602 4603 4604 4605 4606 4607 4608 4609 4610 4611 4612 4613 4614 4615 4616 4617 4618 4619 4620 4621 4622 4623 4624 4625 4626 4627 4628 4629 4630 4631 4632 4633 4634 4635 4636 4637 4638 4639 4640 4641 4642 4643 4644 4645 4646 4647 4648 4649 4650 4651 4652 4653 4654 4655 4656 4657 4658 4659 4660 4661 4662 4663 4664 4665 4666 4667 4668 4669 4670 4671 4672 4673 4674 4675 4676 4677 4678 4679 4680 4681 4682 4683 4684 4685 4686 4687 4688 4689 4690 4691 4692 4693 4694 4695 4696 4697 4698 4699 4700
l 4701 4702 4703 4704 4705 4706 4707 4708 4709 4710 4711 4712 4713 4714 4715 4716 4717 4718 4719 4720 4721 4722 4723 4724 4725 4726 4727 4728 4729 4730 4731 4732 4733 4734 4735 4736 4737 4738 4739 4740 4741 4742 4743 4744 4745 4746 4747 4748 4749 4750 4751 4752 4753 4754 4755 4756 4757 4758 4759 4760 4761 4762 4763 4764 4765 4766 4767 4768 4769 4770 4771 4772 4773 4774 4775 4776 4777 4778 4779 4780 4781 4782 4783 4784 4785 4786 4787 4788 4789 4790 4791 4792 4793 4794 4795 4796 4797 4798 4799 4800
l 4801 4802 4803 4804 4805 4806 4807 4808 4809 4810 4811 4812 4813 4814 4815 4816 4817 4818 4819 4820 4821 4822 4823 4824 4825 4826 4827 4828 4829 4830 4831 4832 4833 4834 4835 4836 4837 4838 4839 4840 4841 4842 4843 4844 4845 4846 4847 4848 4849 4850 4851 4852 4853 4854 4855 4856 4857 4858 4859 4860 4861 4862 4863 4864 4865 4866 4867 4868 4869 4870 4871 4872 4873 4874 4875 4876 4877 4878 4879 4880 4881 4882 4883 4884 4885 4886 4887 4888 4889 4890 4891 4892 4893 4894 4895 4896 4897 4898 4899 4900
l 4901 4902 4903 4904 4905 4906 4907 4908 4909 4910 4911 4912 4913 4914 4915 4916 4917 4918 4919 4920 4921 4922 4923 4924 4925 4926 4927 4928 4929 4930 4931 4932 4933 4934 4935 4936 4937 4938 4939 4940 4941 4942 4943 4944 4945 4946 4947 4948 4949 4950 4951 4952 4953 4954 4955 4956 4957 4958 4959 4960 4961 4962 4963 4964 4965 4966 4967 4968 4969 4970 4971 4972 4973 4974 4975 4976 4977 4978 4979 4980 4981 4982 4983 4984 4985 4986 4987 4988 4989 4990 4991 4992 4993 4994 4995 4996 4997 4998 4999 5000
l 5001 5002 5003 5004 5005 5006 5007 5008 5009 5010 5011 5012 5013 5014 5015 5016 5017 5018 5019 5020 5021 5022 5023 5024 5025 5026 5027 5028 5029 5030 5031 5032 5033 5034 5035 5036 5037 5038 5039 5040 5041 5042 5043 5044 5045 5046 5047 5048 5049 5050 5051 5052 5053 5054 5055 5056 5057 5058 5059 5060 5061 5062 5063 5064 5065 5066 5067 5068 5069 5070 5071 5072 5073 5074 5075 5076 5077 5078 5079 5080 5081 5082 5083 5084 5085 5086 5087 5088 5089 5090 5091 5092 5093 5094 5095 5096 5097 5098 5099 5100
l 5101 5102 5103 5104 5105 5106 5107 5108 5109 5110 5111 5112 5113 5114 5115 5116 5117 5118 5119 5120 5121 5122 5123 5124 5125 5126 5127 5128 5129 5130 5131 5132 5133 5134 5135 5136 5137 5138 5139 5140 5141 5142 5143 5144 5145 5146 5147 5148 5149 5150 5151 5152 5153 5154 5155 5156 5157 5158 5159 5160 5161 5162 5163 5164 5165 5166 5167 5168 5169 5170 5171 5172 5173 5174 5175 5176 5177 5178 5179 5180 5181 5182 5183 5184 5185 5186 5187 5188 5189 5190 5191 5192 5193 5194 5195 5196 5197 5198 5199 5200
l 5201 5202 5203 5204 5205 5206 5207 5208 5209 5210 5211 5212 5213 5214 5215 5216 5217 5218 5219 5220 5221 5222 5223 5224 5225 5226 5227 5228 5229 5230 5231 5232 5233 5234 5235 5236 5237 5238 5239 5240 5241 5242 5243 5244 5245 5246 5247 5248 5249 5250 5251 5252 5253 5254 5255 5256 5257 5258 5259 5260 5261 5262 5263 5264 5265 5266 5267 5268 5269 5270 5271 5272 5273 5274 5275 5276 5277 5278 5279 5280 5281 5282 5283 5284 5285 5286 5287 5288 5289 5290 5291 5292 5293 5294 5295 5296 5297 5298 5299 5300
l 5301 5302 5303 5304 5305 5306 5307 5308 5309 5310 5311 5312 5313 5314 5315 5316 5317 5318 5319 5320 5321 5322 5323 5324 5325 5326 5327 5328 5329 5330 5331 5332 5333 5334 5335 5336 5337 5338 5339 5340 5341 5342 5343 5344 5345 5346 5347 5348 5349 5350 5351 5352 5353 5354 5355 5356 5357 5358 5359 5360 5361 5362 5363 5364 5365 5366 5367 5368 5369 5370 5371 5372 5373 5374 5375 5376 5377 5378 5379 5380 5381 5382 5383 5384 5385 5386 5387 5388 5389 5390 5391 5392 5393 5394 5395 5396 5397 5398 5399 5400
l 5401 5402 5403 5404 5405 5406 5407 5408 5409 5410 5411 5412 5413 5414 5415 5416 5417 5418 5419 5420 5421 5422 5423 5424 5425 5426 5427 5428 5429 5430 5431 5432 5433 5434 5435 5436 5437 5438 5439 5440 5441 5442 5443 5444 5445 5446 5447 5448 5449 5450 5451 5452 5453 5454 5455 5456 5457 5458 5459 5460 5461 5462 5463 5464 5465 5466 5467 5468 5469 5470 5471 5472 5473 5474 5475 5476 5477 5478 5479 5480 5481 5482 5483 5484 5485 5486 5487 5488 5489 5490 5491 5492 5493 5494 5495 5496 5497 5498 5499 5500
l 5501 5502 5503 5504 5505 5506 5507 5508 5509 5510 5511 5512 5513 5514 5515 5516 5517 5518 5519 5520 5521 5522 5523 5524 5525 5526 5527 5528 5529 5530 5531 5532 5533 5534 5535 5536 5537 5538 5539 5540 5541 5542 5543 5544 5545 5546 5547 5548 5549 5550 5551 5552 5553 5554 5555 5556 5557 5558 5559 5560 5561 5562 5563 5564 5565 5566 5567 5568 5569 5570 5571 5572 5573 5574 5575 5576 5577 5578 5579 5580 5581 5582 5583 5584 5585 5586 5587 5588 5589 5590 5591 5592 5593 5594 5595 5596 5597 5598 5599 5600
l 5601 5602 5603 5604 5605 5606 5607 5608 5609 5610 5611 5612 5613 5614 5615 5616 5617 5618 5619 5620 5621 5622 5623 5624 5625 5626 5627 5628 5629 5630 5631 5632 5633 5634 5635 5636 5637 5638 5639 5640 5641 5642 5643 5644 5645 5646 5647 5648 5649 5650 5651 5652 5653 5654 5655 5656 5657 5658 5659 5660 5661 5662 5663 5664 5665 5666 5667 5668 5669 5670 5671 5672 5673 5674 5675 5676 5677 5678 5679 5680 5681 5682 5683 5684 5685 5686 5687 5688 5689 5690 5691 5692 5693 5694 5695 5696 5697 5698 5699 5700
l 5701 5702 5703 5704 5705 5706 5707 5708 5709 5710 5711 5712 5713 5714 5715 5716 5717 5718 5719 5720 5721 5722 5723 5724 5725 5726 5727 5728 5729 5730 5731 5732 5733 5734 5735 5736 5737 5738 5739 5740 5741 5742 5743 5744 5745 5746 5747 5748 5749 5750 5751 5752 5753 5754 5755 5756 5757 5758 5759 5760 5761 5762 5763 5764 5765 5766 5767 5768 5769 5770 5771 5772 5773 5774 5775 5776 5777 5778 5779 5780 5781 5782 5783 5784 5785 5786 5787 5788 5789 5790 5791 5792 5793 5794 5795 5796 5797 5798 5799 5800
l 5801 5802 5803 5804 5805 5806 5807 5808 5809 5810 5811 5812 5813 5814 5815 5816 5817 5818 5819 5820 5821 5822 5823 5824 5825 5826 5827 5828 5829 5830 5831 5832 5833 5834 5835 5836 5837 5838 5839 5840 5841 5842 5843 5844 5845 5846 5847 5848 5849 5850 5851 5852 5853 5854 5855 5856 5857 5858 5859 5860 5861 5862 5863 5864 5865 5866 5867 5868 5869 5870 5871 5872 5873 5874 5875 5876 5877 5878 5879 5880 5881 5882 5883 5884 5885 5886 5887 5888 5889 5890 5891 5892 5893 5894 5895 5896 5897 5898 5899 5900
l 5901 5902 5903 5904 5905 5906 5907 5908 5909 5910 5911 5912 5913 5914 5915 5916 5917 5918 5919 5920 5921 5922 5923 5924 5925 5926 5927 5928 5929 5930 5931 5932 5933 5934 5935 5936 5937 5938 5939 5940 5941 5942 5943 5944 5945 5946 5947 5948 5949 5950 5951 5952 5953 5954 5955 5956 5957 5958 5959 5960 5961 5962 5963 5964 5965 5966 5967 5968 5969 5970 5971 5972 5973 5974 5975 5976 5977 5978 5979 5980 5981 5982 5983 5984 5985 5986 5987 5988 5989 5990 5991 5992 5993 5994 5995 5996 5997 5998 5999 6000
l 6001 6002 6003 6004 6005 6006 6007 6008 6009 6010 6011 6012 6013 6014 6015 6016 6017 6018 6019 6020 6021 6022 6023 6024 6025 6026 6027 6028 6029 6030 6031 6032 6033 6034 6035 6036 6037 6038 6039 6040 6041 6042 6043 6044 6045 6046 6047 6048 6049 6050 6051 6052 6053 6054 6055 6056 6057 6058 6059 6060 6061 6062 6063 6064 6065 6066 6067 6068 6069 6070 6071 6072 6073 6074 6075 6076 6077 6078 6079 6080 6081 6082 6083 6084 6085 6086 6087 6088 6089 6090 6091 6092 6093 6094 6095 6096 6097 6098 6099 6100
l 6101 6102 6103 6104 6105 6106 6107 6108 6109 6110 6111 6112 6113 6114 6115 6116 6117 6118 6119 6120 6121 6122 6123 6124 6125 6126 6127 6128 6129 6130 6131 6132 6133 6134 6135 6136 6137 6138 6139 6140 6141 6142 6143 6144 6145 6146 6147 6148 6149 6150 6151 6152 6153 6154 6155 6156 6157 6158 6159 6160 6161 6162 6163 6164 6165 6166 6167 6168 6169 6170 6171 6172 6173 6174 6175 6176 6177 6178 6179 6180 6181 6182 6183 6184 6185 6186 6187 6188 6189 6190 6191 6192 6193 6194 6195 6196 6197 6198 6199 6200
l 6201 6202 6203 6204 6205 6206 6207 6208 6209 6210 6211 6212 6213 6214 6215 6216 6217 6218 6219 6220 6221 6222 6223 6224 6225 6226 6227 6228 6229 6230 6231 6232 6233 6234 6235 6236 6237 6238 6239 6240 6241 6242 6243 6244 6245 6246 6247 6248 6249 6250 6251 6252 6253 6254 6255 6256 6257 6258 6259 6260 6261 6262 6263 6264 6265 6266 6267 6268 6269 6270 6271 6272 6273 6274 6275 6276 6277 6278 6279 6280 6281 6282 6283 6284 6285 6286 6287 6288 6289 6290 6291 6292 6293 6294 6295 6296 6297 6298 6299 6300
l 6301 6302 6303 6304 6305 6306 6307 6308 6309 6310 6311 6312 6313 6314 6315 6316 6317 6318 6319 6320 6321 6322 6323 6324 6325 6326 6327 6328 6329 6330 6331 6332 6333 6334 6335 6336 6337 6338 6339 6340 6341 6342 6343 6344 6345 6346 6347 6348 6349 6350 6351 6352 6353 6354 6355 6356 6357 6358 6359 6360 6361 6362 6363 6364 6365 6366 6367 6368 6369 6370 6371 6372 6373 6374 6375 6376 6377 6378 6379 6380 6381 6382 6383 6384 6385 6386 6387 6388 6389 6390 6391 6392 6393 6394 6395 6396 6397 6398 6399 6400
l 6401 6402 6403 6404 6405 6406 6407 6408 6409 6410 6411 6412 6413 6414 6415 6416 6417 6418 6419 6420 6421 6422 6423 6424 6425 6426 6427 6428 6429 6430 6431 6432 6433 6434 6435 6436 6437 6438 6439 6440 6441 6442 6443 6444 6445 6446 6447 6448 6449 6450 6451 6452 6453 6454 6455 6456 6457 6458 6459 6460 6461 6462 6463 6464 6465 6466 6467 6468 6469 6470 6471 6472 6473 6474 6475 6476 6477 6478 6479 6480 6481 6482 6483 6484 6485 6486 6487 6488 6489 6490 6491 6492 6493 6494 6495 6496 6497 6498 6499 6500
