v 0.4587127505459642 0.13285354747491873 0.04467182520186505
v 0.4531758802517679 0.13444558938313708 0.03253588817966673
v 0.44568571975831006 0.13576032510491406 0.021431061826698485
v 0.4377343857325111 0.136077932549629 0.010558622246499455
v 0.4298060018053177 0.13679688227548734 -0.0003090102240737077
v 0.42164323074267257 0.13786852133223382 -0.01097081738468566
v 0.413004691217449 0.13899056805443413 -0.021246023114180678
v 0.4041099007804022 0.14003683934918204 -0.03131073997214292
v 0.3951545916448034 0.1408899731189271 -0.04134097810691748
v 0.3861723678752208 0.1416411275968688 -0.051355422308275306
v 0.37716873069406315 0.14224984928155993 -0.06135924633558716
v 0.368159763626765 0.14261733434951876 -0.07137086561483222
v 0.35902980452705746 0.14252755363587236 -0.08127904366677123
v 0.3498751137667939 0.1423617986527567 -0.09116319036386933
v 0.34069210496245156 0.14214474026567914 -0.10102016870020594
v 0.33146284962427863 0.14190297918931868 -0.1108333538881337
v 0.32213297831163334 0.14148702424846243 -0.12054440822680802
v 0.312791833249579 0.14104165320664871 -0.13024389041799722
v 0.3034752079520588 0.14061957777657005 -0.13996801256062436
v 0.294146654284023 0.1401654895122575 -0.14967923456596233
v 0.2847773870556707 0.13967997688046058 -0.1593492628558462
v 0.2753241621095041 0.13913952712430944 -0.16893470276364658
v 0.26586548578860375 0.1387163642689811 -0.17852041764059076
v 0.25637662952002505 0.13836040072834815 -0.1880786707153506
v 0.24675492519523137 0.1381339233841492 -0.19750775974593118
v 0.23707309972133217 0.13784664790849935 -0.20687306391631283
v 0.22736118482028278 0.137520424820448 -0.21620620330465734
v 0.21771794010367673 0.13717956287357175 -0.2256098116821167
v 0.20808957724600213 0.13694397250413584 -0.2350313822300809
v 0.1984710342909341 0.13679582946730962 -0.24446520907575056
v 0.18875485462446104 0.13677905200884913 -0.25379964945820016
v 0.17904499891582945 0.1368205891379189 -0.26314039786199434
v 0.16934138488525027 0.13692314703733738 -0.27248734180453055
v 0.15954331731891885 0.13723327133204394 -0.2817306042661962
v 0.14970061900119688 0.1376456071793554 -0.2909216211532365
v 0.13982394811473112 0.138095905818521 -0.3000742863998014
v 0.12996699200743625 0.13826633709361902 -0.3092583800146952
v 0.12015809739200606 0.13832287110416489 -0.318494917452263
v 0.11036040055307385 0.13840083919956725 -0.3277432620633303
v 0.1005582879860797 0.13855025256254366 -0.33698620788679534
v 0.09074391428348719 0.1387480489487156 -0.3462152463775202
v 0.08073871435703663 0.13908772603154673 -0.35523204252516133
v 0.07074812348120368 0.1392757634370856 -0.36426917749046267
v 0.06079331790225977 0.13919370787227583 -0.3733463426954053
v 0.050953512191500176 0.13902919676226336 -0.3825451473703135
v 0.04131818195462699 0.13923081038169793 -0.39195858032072606
v 0.03174630766481297 0.13974429019272935 -0.4014269862014089
v 0.021990243555747677 0.14003585245859038 -0.4107063363647804
v 0.012089594126672728 0.14001625589409492 -0.4198439209622102
v 0.002252529692434252 0.14006312108158983 -0.42904441729583837
v -0.006790326137498487 0.14007489120859054 -0.4390300664770116
v -0.016049642279870373 0.13990960035103603 -0.4488109096138358
v -0.02542348428983784 0.13955965471899046 -0.4584751339920047
v -0.03380865275338551 0.141194327371751 -0.4688711947096532
v -0.03842839529139234 0.14970746142594213 -0.47285206362716176
v -0.04636394349250003 0.15584285686384103 -0.465112308463761
v -0.057566265875889255 0.15616400770173086 -0.4579828121912508
v -0.06813162866778028 0.1534788124482082 -0.4501921704484723
v -0.08032599240590271 0.14999546800649097 -0.4457554615777937
v -0.09198574157894003 0.14435497982360807 -0.44212984818579226
v -0.10314404927285503 0.13941111648324675 -0.43646744590912767
v -0.11415467720044555 0.135419362631195 -0.4298236781802938
v -0.1251906684534049 0.13094188266541879 -0.42354315270052156
v -0.13592961198052209 0.1262795321025471 -0.4168850335969997
v -0.14601748411581522 0.12226047350566958 -0.40893466429626
v -0.1559113439149695 0.11810211130561095 -0.4007954889994998
v -0.16594056455229378 0.11412399475339657 -0.3927298638752548
v -0.17616914236985604 0.10987685888628008 -0.38505795847729724
v -0.18608881921940873 0.10648405019282033 -0.37663147893054677
v -0.19534912216802758 0.10356825911430656 -0.3672909302806474
v -0.20519424587506824 0.10057173536814616 -0.3586052429589065
v -0.21538539273450474 0.09738176941690053 -0.3503924006218638
v -0.2254605180990553 0.09356422143486645 -0.3423054475313253
v -0.23584809262093476 0.09006702802308834 -0.3344772095188026
v -0.24674771370937815 0.0877834022979541 -0.3269067167913128
v -0.2579167367763923 0.08616557962651948 -0.31955502437238587
v -0.2687115716704043 0.08338042324102518 -0.31199500807584374
v -0.2797051774548984 0.08106417801928263 -0.3045648878934835
v -0.29055530933552204 0.07955249940282969 -0.2967338216143488
v -0.3011388618152336 0.07849495097394539 -0.28847263221379027
v -0.3113893863814986 0.07797051341984336 -0.2797471970336496
v -0.321876528615957 0.07689226079189451 -0.27136327233540886
v -0.33232148232728126 0.07581750312891816 -0.262924225773856
v -0.3428708554665497 0.07472501137553297 -0.25461771015886947
v -0.3533076307915263 0.07395292562618315 -0.2461388363657235
v -0.3635478630839903 0.07319559848136893 -0.23742422964313753
v -0.3744346748134684 0.07280547773593973 -0.22951045163572287
v -0.3850876554392575 0.07356696395052684 -0.22131526640812466
v -0.3951610369431604 0.0755824171570539 -0.21262101917751988
v -0.40462575630224357 0.08008455052982329 -0.204164728403947
v -0.41417926250070564 0.08567367873544336 -0.19649541423544573
v -0.42376739788939144 0.09124343312159189 -0.18892938980213694
v -0.4328949246190546 0.09696006258725377 -0.18102320605494038
v -0.4420599220570666 0.10301387319836722 -0.17325410445424863
v -0.45201773546224544 0.10780801296190003 -0.16556142862384868
v -0.4619732843666663 0.1118305078948434 -0.15745002383384135
v -0.4716914044581773 0.1151333068863669 -0.1487373540933044
v -0.48165502770274826 0.11571071282415324 -0.1397367078528459
v -0.49120683787227704 0.1162252427883475 -0.1303099366237858
v -0.49999999999999994 0.11038997125181702 -0.12487135420269084
v -0.4625068568934191 0.10245299639448814 -0.17312479146030652
v -0.46126365162257715 0.10555752711503408 -0.16838779274395688
v -0.45589384268688743 0.10680525248673112 -0.16265727181759101
v -0.4505181639549393 0.10724733847144644 -0.156827417197788
v -0.44552190997785274 0.10897388625857705 -0.15087361029701774
v -0.44015187511358767 0.11049340802446656 -0.14518907128370798
v -0.43451411266694895 0.1117856748370055 -0.13970986601446378
v -0.4287067541562273 0.11265664078582673 -0.13432406866671767
v -0.4228675104193855 0.11334359404007038 -0.12894664465839314
v -0.4171290051519338 0.1142982927030786 -0.12350804025478786
v -0.4114976029384833 0.11545343272565788 -0.11799106796999542
v -0.40596127762318446 0.1166015859440464 -0.11237665314587252
v -0.4004515526422917 0.11763918501243693 -0.10671517681876175
v -0.3949359358638086 0.11859616278721612 -0.10104557401221437
v -0.38936733475067453 0.11938510070602375 -0.09540119041166802
v -0.3837681860263525 0.12010285703890476 -0.08977796714387738
v -0.3781475890527753 0.12077063498270894 -0.084169601080091
v -0.37249945286173347 0.12132911718542885 -0.07857719967316043
v -0.366845984023063 0.12186643554515823 -0.07298788963546113
v -0.3611979169091186 0.12213952142373273 -0.06737421767531421
v -0.3555506170860595 0.12239999675016384 -0.06175904271275689
v -0.3499288213519953 0.12248255731936034 -0.05611285779691165
v -0.34430620193744427 0.12255938616284241 -0.05046746242621385
v -0.33866990897837224 0.12254106523892322 -0.04483517393481814
v -0.3330350245605682 0.12251849675961542 -0.03920152970606773
v -0.3274277516334568 0.12241266388560874 -0.03354130909634678
v -0.32182047870634534 0.12230683101160207 -0.027881088486625884
v -0.3161629561629623 0.12188855931182799 -0.022286021094415263
v -0.3105037411294199 0.12145976415581188 -0.016693148170295543
v -0.3048563866168266 0.12095967798126114 -0.011094309375219475
v -0.2992115414876276 0.120444508447486 -0.0054942083541775965
v -0.29350718229055883 0.11984927379384187 3.657249700721003e-05
v -0.28777357481579635 0.1192146910172527 0.005533285847005614
v -0.28200474146394516 0.11859617565601911 0.010994534574496001
v -0.27619028471030654 0.1179984702846866 0.01640985068495465
v -0.2703821499281843 0.11740878848021906 0.02183266098977303
v -0.2646441933433669 0.1169081737424214 0.027338661965263057
v -0.25890623675854957 0.11640755900462395 0.03284466294075313
v -0.25317833037669474 0.11586393298727733 0.0383569526197701
v -0.24745562123441184 0.11529806464060308 0.04387249436234716
v -0.2417314372961313 0.11471877833240895 0.049385026626268244
v -0.23599999571414948 0.11407346066525555 0.054882748893520024
v -0.23026855413216762 0.11342814299810212 0.06038047116077174
v -0.22457889538660045 0.11280445681574106 0.06592366641326806
v -0.21891454068591304 0.11219387084650495 0.07149440049649429
v -0.2132520540759861 0.11158583929794383 0.0770672986594819
v -0.20760948626412815 0.11100504464315672 0.08266327164767635
v -0.2019669184522702 0.11042424998836982 0.08825924463587079
v -0.19634592603511333 0.10994670767008016 0.0938858048561506
v -0.19074107707214613 0.10954642230988165 0.09953525149806015
v -0.18513111374843824 0.10914709578611911 0.10517963599004392
v -0.17946475152851807 0.10875834288423898 0.11076819734346824
v -0.17379838930859792 0.10836958998235885 0.11635675869689258
v -0.16816694744914976 0.10805711633987392 0.12198475308557874
v -0.1625587085363582 0.10779532669843707 0.1276389488823065
v -0.15695474708462517 0.10755173483804491 0.13329796923219647
v -0.1513803403637487 0.10743387890221476 0.13899032439642184
v -0.14580593364287223 0.10731602296638441 0.1446826795606472
v -0.1402787020820878 0.10730232458191644 0.15042139073977395
v -0.13477479057805936 0.10734011431120538 0.15618301704831133
v -0.12928245248057538 0.10738050915477616 0.16195556610104128
v -0.123837983266385 0.10743167903774828 0.16777329282596196
v -0.1183935140521946 0.10748284892072041 0.17359101955088263
v -0.1129759316373592 0.10735472709805856 0.1794311892319821
v -0.10757173239783444 0.10713736102223961 0.18528253012067158
v -0.10216638231022052 0.10691812941031215 0.191132732305233
v -0.09674783665704993 0.10667750765640796 0.19696987816627684
v -0.09132929100387936 0.106436885902504 0.20280702402732068
v -0.0859862149622024 0.10629130349476942 0.20871517318622448
v -0.08070011567004931 0.1062174722583268 0.21467692719398676
v -0.07541960696659501 0.10615361088590838 0.22064369197612232
v -0.07016333335042617 0.10613296866944394 0.22663217836233993
v -0.06490705973425731 0.1061123264529793 0.2326206647485575
v -0.059628944081599564 0.10607565315267503 0.2385898264221709
v -0.054349511662057724 0.10603801340401214 0.24455782308804283
v -0.049043621479323306 0.10597931683303419 0.25050208507548766
v -0.04372779248640538 0.10591271030540048 0.2564374311745434
v -0.03841145870333764 0.10584400936114254 0.2623723010662379
v -0.03309488819382537 0.10577432621903268 0.2683069476356754
v -0.02779430519548146 0.10570675344130018 0.274255875582031
v -0.022504669003164907 0.10564062565079828 0.28021458212752437
v -0.017249570133574713 0.10544940081916357 0.28620017015466626
v -0.012015928469670686 0.10518045621279144 0.29220245899806574
v -0.006821076884347841 0.10506962062687544 0.2982424073995826
v -0.001641595268384724 0.1050214332976471 0.30429727781919097
v 0.003360020791313554 0.10519633220373467 0.31049657171976847
v 0.008335556285426086 0.10535712467345518 0.31671732910276246
v 0.013287417422603382 0.10525593566199325 0.32295909485366336
v 0.01837817452185694 0.10519995163209284 0.32908655254218694
v 0.023570478539879855 0.10519770020466603 0.3351300751390072
v 0.02869759783916545 0.10551616974028577 0.3412212189127843
v 0.033775775921697414 0.10567790133799591 0.34735794703724643
v 0.03886365744276364 0.1056856674468401 0.35348903416388716
v 0.04405070019783184 0.10554760321163506 0.3595356750806722
v 0.04938097555350672 0.10528479643628029 0.3654525919178906
v 0.05473650457648083 0.10458614544610215 0.3713106810215692
v 0.06014028045678718 0.10386871752774943 0.3771206317946657
v 0.06539651147798405 0.10332321907390286 0.3830834683399223
v 0.07149253484752822 0.10100554468899987 0.38611323167866685
v 0.07558235921044949 0.09696331307166445 0.38476000785568465
v 0.4500475585496244 0.14387139138352495 0.02732157663406191
v 0.44870923140791485 0.15497017996374132 0.029612694000862232
v 0.43946392918181243 0.16069003865968018 0.03567572659179228
v 0.42888551595089053 0.16115393886418128 0.042379493588733434
v 0.41756575446219957 0.16196387148026925 0.04784149692412981
v 0.40668818548742564 0.161874197779441 0.05419208185879484
v 0.3967034057858397 0.16122103796084614 0.061844961931578186
v 0.3867520089588751 0.16059776091634664 0.06954185656634193
v 0.3760483732316148 0.16094691769970493 0.07615740982301401
v 0.3651204606933114 0.1618897606321351 0.08236329083077251
v 0.3543660088176031 0.1631234680937612 0.08881641719500763
v 0.3437606936366744 0.16426185792001438 0.09552888693777399
v 0.33319727942853106 0.16512042854884557 0.10234764303642901
v 0.3226641286615542 0.16572968458810325 0.1092414768729005
v 0.31214135250212194 0.16611675925886196 0.11616502295190206
v 0.3015621600226814 0.16612791789310266 0.12301234159419419
v 0.2910892164465533 0.1656499838301171 0.1300084704614156
v 0.28021364315563807 0.1649106540328986 0.13633528340762077
v 0.2693711582306286 0.16320032541178092 0.14250192052975436
v 0.2587283227269723 0.16171121423228213 0.14905483768539632
v 0.2482109657505171 0.16033220107567703 0.15584430284360112
v 0.2376426540681312 0.15825652712853083 0.162389505831838
v 0.22696279505034614 0.15586928804470107 0.16864238422190447
v 0.21618768526064666 0.15298153039555396 0.17450575303028168
v 0.20524250045651765 0.150250864133448 0.18012500066005885
v 0.1943839678717614 0.14772011950537192 0.18599666537799645
v 0.183920627464537 0.14524460465329714 0.19254077405254857
v 0.17403090383542288 0.1428192568367829 0.19994878445981287
v 0.16462573002096237 0.14062503587874006 0.20804516605947232
v 0.15536059980504938 0.1387642320352286 0.2163849237527293
v 0.14571403508504122 0.13777387117352735 0.22443587277930963
v 0.13600198843945502 0.1370606643561663 0.23243646523849265
v 0.12599377672649617 0.13626274297471866 0.2400503968975335
v 0.11591071182427362 0.13547866299610695 0.2475717301312818
v 0.10609321751876291 0.1347864785601211 0.2554355791333528
v 0.09676370471581507 0.13409072762118307 0.26386940087878097
v 0.08794362421248303 0.1337717818353405 0.2728451759195996
v 0.07942601610206843 0.134183519077693 0.2821253244574292
v 0.07090948464982962 0.13460801581163356 0.29140149165354456
v 0.061891357479848495 0.13497538730206823 0.30019464484425984
v 0.05252535644231448 0.1354018139896394 0.30861756017939296
v 0.043257660750050185 0.13581880930824958 0.31714165756802676
v 0.03463273801699057 0.1360995671018286 0.3263161102562416
v 0.026575677112980273 0.13591297398741697 0.3360002701816527
v 0.018739645251363273 0.13446900319487395 0.34574884117664895
v 0.010231364019962436 0.1321158718670409 0.3547303724901553
v 0.001535275340834213 0.12774668480148138 0.3624966257772003
v 0.00025468633165690236 0.11908955354967973 0.36823345346184894
v 0.007997012988261977 0.11522060385838688 0.3592320244413331
v 0.016391947863618486 0.11298934433714665 0.3501356388288306
v 0.02626376886328288 0.11164390084245045 0.34243072243533496
v 0.0366721078583927 0.11113676772769597 0.3353537139336049
v 0.046986232523398584 0.11060675842372278 0.32813131512064864
v 0.05692669649180896 0.10969213164304212 0.32043787999348755
v 0.06631942762099526 0.10864834637226702 0.31210038327581263
v 0.07553845403983095 0.10768863706442051 0.30356049923302847
v 0.08435135467649728 0.10693799063221351 0.2945941956646034
v 0.09286469001024505 0.10658927309477297 0.2853174510535148
v 0.1012953857881944 0.10697686323198007 0.275956365121354
v 0.11058076188327179 0.10781781780828521 0.2674777361307706
v 0.12052966113404985 0.10882756399876702 0.25984500877376293
v 0.13109744224975173 0.10985885313880926 0.25310618467680157
v 0.14234629053640457 0.1107342288653089 0.2474888973594736
v 0.15345608650298853 0.11178018138207081 0.2416312153443445
v 0.16434937314614315 0.11317826746303082 0.23548453090741017
v 0.1747958413331325 0.11533157185028639 0.22876952011976906
v 0.18478709049090808 0.11821600341309818 0.22166423999930138
v 0.19467372784014483 0.12134714625024878 0.21450235488997826
v 0.2045881929447683 0.1246354129549211 0.20744916617761294
v 0.2144979168013427 0.1278134676732129 0.2003394531481447
v 0.2244257416013097 0.13097147300811926 0.1932468836309335
v 0.23449190685096216 0.13429403508321647 0.18642854910790616
v 0.24494569885420836 0.13764172604032815 0.1802857238286489
v 0.2558040246992305 0.14101564192409108 0.17484787143117553
v 0.2670440167665986 0.14371829700852196 0.1698436571933792
v 0.2783887148607719 0.14631823704136238 0.16501320919554457
v 0.28988138092099985 0.14924328446392193 0.16074477720616515
v 0.30145325737127704 0.15209539137177785 0.15665097620064056
v 0.31312815327773236 0.1548526332984938 0.15278429677572283
v 0.3246233936196508 0.15782963933811034 0.14856460886298348
v 0.3358144296910348 0.16099241313076415 0.14380076562475905
v 0.3462012272976439 0.16456751481470608 0.13762097026626194
v 0.3562922205509997 0.1676173118302449 0.13072835449910772
v 0.3662497236223516 0.16992682435466339 0.12341591840677045
v 0.37608399116331426 0.17096788849841799 0.1156018186745273
v 0.3864230675219856 0.17021977408298283 0.10850968682177724
v 0.3969780716636243 0.16891219006647043 0.1017570922448643
v 0.4079002382361411 0.16729741727836103 0.09567798265142356
v 0.41956099067964975 0.16662519210856655 0.09117373144975686
v 0.4318112465872858 0.16591883217349077 0.0890755806475919
v 0.44426860363009807 0.16419721124158065 0.08883098101005164
v 0.45644307709181225 0.16169124533437734 0.08692591622806974
v 0.46805724324668857 0.1591560342609414 0.08283913540338773
v 0.478335913763869 0.15522647374189966 0.07685407486767827
v 0.4871817608905247 0.14957477298199912 0.06991072882077139
v 0.49573150286086903 0.14146589513873867 0.0659834076990078
v 0.5 0.1305354016174273 0.06479953687548963
v 0.49186188254887775 0.12342665007607741 0.05958570056998438
v 0.48075786827213296 0.11795183598960175 0.05994189112588234
v 0.4711277487432372 0.11514328307811712 0.0674328039931279
v 0.44435980303724415 0.1669834616174886 0.07365950907135549
v 0.4403901669045076 0.1676584496500437 0.06735103478421493
v 0.437144770116546 0.16771045355369885 0.06057271226629803
v 0.43360179872663585 0.16748746583400317 0.05397009212264155
v 0.4294130793537841 0.16707165092427714 0.04774271336659226
v 0.4252157571000428 0.16630528145880624 0.04155436612435473
v 0.4209334194083195 0.16551496832643325 0.03542814667696557
v 0.41659626403712363 0.16471226384509594 0.02934186031886882
v 0.41194310920035326 0.16403475607109771 0.023477594710024047
v 0.40730036624717575 0.16337703247489166 0.01760302401969023
v 0.40269601561832896 0.16279226019087092 0.011690454822433824
v 0.39805851956220684 0.16221210908996128 0.0058038172087584465
v 0.3933279998812748 0.16164492747652695 -1.004264641221703e-05
v 0.388597480200343 0.16107774586309262 -0.00582390250158288
v 0.3838367004209168 0.16061637291671418 -0.011622289274608752
v 0.37907273655119283 0.16016613358744078 -0.017419047907172892
v 0.3742583085330762 0.15983903679469452 -0.023180229357133934
v 0.369381236099174 0.15966480480804968 -0.028897246546120525
v 0.3645041636652718 0.15949057282140525 -0.03461426373510717
v 0.3595191159263078 0.1593862185791529 -0.040238640702315864
v 0.35451141563580274 0.15929652425571725 -0.045843582323660856
v 0.3495151808913146 0.1591639116160551 -0.05145689087981444
v 0.34458233328709176 0.1587940255550855 -0.057116455939541184
v 0.3396494856828687 0.15842413949411596 -0.06277602099926793
v 0.33464390612013295 0.15812321018488742 -0.0683732710036956
v 0.3295083783176811 0.15794548405468026 -0.07385918437001422
v 0.32437285051522946 0.1577677579244727 -0.07934509773633289
v 0.31915617887682085 0.1576392359246881 -0.08475296406448495
v 0.3138036356447043 0.15759310396154125 -0.0900301442433464
v 0.308451092412588 0.15754697199839482 -0.09530732442220782
v 0.303063323206858 0.15746232996989318 -0.10054708220388846
v 0.29758847874392663 0.15728249472168188 -0.10569433537816286
v 0.2921136342809954 0.15710265947347057 -0.11084158855243732
v 0.2866479483728724 0.15692308604688726 -0.11599843722460876
v 0.28125617558489735 0.15674562562326708 -0.12123272531858766
v 0.2758644027969225 0.1565681651996473 -0.12646701341256644
v 0.27047263000894745 0.15639070477602754 -0.13170130150654527
v 0.2650324661200996 0.15618914057716754 -0.13688433334507769
v 0.25958665608691667 0.15598476401422492 -0.14206138474069582
v 0.25414084605373394 0.15578038745128234 -0.14723843613631393
v 0.2486731865348215 0.15557412355155137 -0.15239224460682693
v 0.24318646986840303 0.1553662135144232 -0.15752578057034908
v 0.23769975320198478 0.15515830347729503 -0.16265931653387128
v 0.23220501781942657 0.1549534401023898 -0.16778418837705125
v 0.2265980512147702 0.1547912182948687 -0.17278779581861778
v 0.2209910846101138 0.154628996487348 -0.17779140326018428
v 0.2153841180054573 0.15446677467982692 -0.18279501070175078
v 0.20974830396700522 0.15423723800259853 -0.1877626575138256
v 0.20407835803497731 0.15392805528180228 -0.1926877561953658
v 0.1984084121029495 0.15361887256100606 -0.1976128548769059
v 0.1927384661709217 0.15330968984020982 -0.20253795355844614
v 0.1870104370722105 0.1530348390969386 -0.20739728180897185
v 0.18127229018857746 0.15276596880522345 -0.21224515319319334
v 0.17553414330494455 0.1524970985135079 -0.2170930245774147
v 0.1697956204355304 0.15227226731578064 -0.22194189643004544
v 0.1640556006987035 0.15222276371814658 -0.22679475132840435
v 0.15831558096187653 0.15217326012051252 -0.23164760622676328
v 0.15257556122504967 0.1521237565228785 -0.23650046112512219
v 0.1467805566198001 0.15218220193215737 -0.24128635380126542
v 0.14095623795881118 0.15229819814216397 -0.24603654694095856
v 0.13513191929782234 0.15241419435217055 -0.2507867400806518
v 0.12930845950184613 0.15253868778929697 -0.25553775291746944
v 0.12348700956617777 0.1526830658872957 -0.2602906839564381
v 0.1176655596305094 0.15282744398529438 -0.26504361499540674
v 0.11184115402060087 0.1529707338229214 -0.269792899557715
v 0.10594783650941514 0.15308865073876207 -0.27445716607702736
v 0.10005451899822954 0.15320656765460278 -0.2791214325963397
v 0.09416120148704381 0.15332448457044345 -0.28378569911565205
v 0.0882470301399215 0.15342293936037416 -0.28842391029958436
v 0.08232784569330777 0.1535167156070479 -0.29305585798413264
v 0.07640866124669403 0.15361049185372205 -0.29768780566868097
v 0.07047329386465669 0.15370582639904132 -0.3022989311996774
v 0.06453040051761158 0.15380188563989794 -0.30690037327121983
v 0.0585875071705666 0.15389794488075417 -0.3115018153427623
v 0.0526752884843312 0.15384535585973125 -0.31614043773843076
v 0.04679643902791607 0.15363106079593197 -0.32081950650735325
v 0.04091758957150082 0.15341676573213311 -0.3254985752762758
v 0.03518878968521446 0.1530862775635372 -0.3303494575068996
v 0.029553974856726187 0.15268301067481097 -0.3353079568277599
v 0.02391916002823781 0.15227974378608472 -0.34026645614862017
v 0.018345241380420933 0.15206098939150942 -0.34530358853855186
v 0.012787057476660705 0.15188991051350495 -0.3503610386430362
v 0.007196329099954336 0.15179231813462385 -0.3553822253237877
v 0.001511857097541728 0.15190640197123026 -0.3602989560243529
v -0.004172614904870983 0.15202048580783709 -0.365215686724918
v -0.009893104535375551 0.15246908224110148 -0.37006986999167657
v -0.015617328633243464 0.15295236242343668 -0.3749175680631964
v -0.02121287545283466 0.15321191589797586 -0.37992852459564863
v -0.026790099518082977 0.15343961223688163 -0.3849627280036499
v -0.03222317297972013 0.15359863345566738 -0.390154523286841
v -0.03764584444297642 0.1537476625709869 -0.39535748929984815
v -0.04296906555318676 0.15373012532080796 -0.40066441753627025
v -0.04826377769649883 0.1536622533316836 -0.4059978720921845
v -0.0534447560174136 0.15339357567043174 -0.41143715088651217
v -0.05841180625018277 0.152930965686428 -0.41704742465819356
v -0.0631159501927579 0.15222761159044226 -0.4228676884374912
v -0.06812570991634562 0.15150584333594463 -0.4284248312239044
v -0.07263030777001511 0.1500072773357841 -0.43422036796155716
v -0.07675132141714229 0.14793322329460296 -0.44015097195987346
v -0.08051835405384412 0.14719951748354404 -0.4465669761026155
v -0.07202445469673478 0.17700617962574114 -0.44734839608933646
v -0.07627776229227785 0.1774217815920773 -0.4466058927533369
v -0.07994376103054898 0.17605037714591337 -0.44464666948557025
v -0.08316923483731778 0.17427594054152723 -0.44221253628294754
v -0.08628268374917335 0.17251210557928584 -0.43963154918685077
v -0.08921900751250413 0.17035503131736288 -0.43713310928533616
v -0.09229023078978525 0.16848636617842228 -0.4345709215699959
v -0.09539732890925541 0.16669439984639275 -0.4319917809191416
v -0.09844133983158572 0.16488664640407213 -0.4293494054531442
v -0.1014773347705417 0.16307688702046144 -0.4266989952471386
v -0.10447757044094547 0.16135306018090342 -0.4239534742974028
v -0.10746510458319969 0.15965975618679018 -0.42117417044779976
v -0.11048565193714083 0.1579631465153531 -0.4184337762921428
v -0.11357207679683543 0.15625994040067873 -0.415771026008615
v -0.11665850165652993 0.15455673428600436 -0.41310827572508707
v -0.11981840350258392 0.1529714425420884 -0.4104710081550894
v -0.12321347670037094 0.15176354899227235 -0.407915300873335
v -0.12660854989815798 0.1505556554424563 -0.4053595935915806
v -0.1300036230959451 0.14934776189264026 -0.40280388630982605
v -0.13341792393456464 0.14823460855704126 -0.4002315818332315
v -0.1368399344551931 0.14715944308128578 -0.3976526224011187
v -0.14026194497582156 0.1460842776055303 -0.395073662969006
v -0.14368395549645002 0.14500911212977483 -0.39249470353689325
v -0.14716427616047587 0.14397139612393942 -0.38997953939256025
v -0.15065531887844502 0.14294056631685512 -0.3874761059090874
v -0.15414636159641407 0.14190973650977085 -0.38497267242561434
v -0.1576374043143831 0.14087890670268655 -0.38246923894214147
v -0.16114760270277195 0.13999842802256385 -0.3799388716972159
v -0.1646720881089889 0.1392300868549543 -0.37738841624229186
v -0.16819657351520584 0.13846174568734476 -0.37483796078736786
v -0.1717210589214229 0.13769340451973522 -0.3722875053324438
v -0.17524554432763984 0.1369250633521257 -0.36973704987751976
v -0.17870540661616227 0.13595691557866338 -0.3671692525091531
v -0.18214252241735385 0.1349184385083363 -0.36459535101538215
v -0.18557963821854534 0.1338799614380092 -0.3620214495216113
v -0.18901675401973692 0.13284148436768214 -0.35944754802784035
v -0.1924591640062345 0.13180750945982478 -0.35687924293726775
v -0.19601374419724682 0.13086892382449758 -0.3544295112730131
v -0.19956832438825925 0.12993033818917038 -0.3519797796087584
v -0.20312290457927157 0.1289917525538434 -0.34953004794450376
v -0.2066774847702839 0.12805316691851623 -0.347080316280249
v -0.2102320649612962 0.12711458128318903 -0.34463058461599433
v -0.21388077468055053 0.12624972549734584 -0.34229567402617744
v -0.21754422346369348 0.1253964145368336 -0.3399787424402237
v -0.2212076722468363 0.12454310357632113 -0.33766181085426994
v -0.22487112102997914 0.12368979261580888 -0.33534487926831613
v -0.2285345698131221 0.12283648165529644 -0.3330279476823624
v -0.2321854951299629 0.12191189902714508 -0.33072279951314626
v -0.2357913346719344 0.12073073101885827 -0.32846007286377255
v -0.2393971742139059 0.11954956301057147 -0.3261973462143988
v -0.24300301375587743 0.11836839500228467 -0.32393461956502506
v -0.24660885329784896 0.11718722699399786 -0.32167189291565124
v -0.25021469283982045 0.11600605898571086 -0.3194091662662776
v -0.2538442586285896 0.1147826822639657 -0.31720767985764425
v -0.2574747109300025 0.1135577284466742 -0.31500848164268025
v -0.26110516323141536 0.1123327746293827 -0.31280928342771636
v -0.2647356155328282 0.1111078208120912 -0.31061008521275235
v -0.2683660678342411 0.10988286699479971 -0.30841088699778846
v -0.27193640803466446 0.10900502766698787 -0.30597086662723927
v -0.2754917156529717 0.10821399327496953 -0.303470622461986
v -0.27904702327127895 0.10742295888295118 -0.3009703782967328
v -0.28260233088958614 0.10663192449093306 -0.2984701341314796
v -0.28615763850789333 0.10584089009891472 -0.2959698899662265
v -0.2896774669937913 0.1052381217109397 -0.29337259523938347
v -0.29318290559784743 0.10471171160370737 -0.29073593804736403
v -0.29668834420190354 0.10418530149647484 -0.2880992808553444
v -0.3001937828059597 0.10365889138924252 -0.28546262366332487
v -0.3036992214100158 0.10313248128201019 -0.2828259664713054
v -0.3072085614364511 0.102400343862372 -0.28024491613785596
v -0.3107182325229204 0.10165074919652513 -0.2776685843933465
v -0.3142279036093897 0.10090115453067826 -0.2750922526488371
v -0.317737574695859 0.10015155986483137 -0.2725159209043276
v -0.32132039216770003 0.09934120795149219 -0.2700647050042525
v -0.32494899432854474 0.09849282611135585 -0.267691803158901
v -0.3285775964893894 0.09764444427121971 -0.2653189013135496
v -0.3322061986502341 0.09679606243108337 -0.2629459994681982
v -0.33573132815696843 0.09614034990439038 -0.2603724714980509
v -0.3392122563997494 0.09556694151160029 -0.257713240417509
v -0.3426931846425303 0.09499353311881001 -0.2550540093369672
v -0.34617411288531125 0.09442012472601992 -0.2523947782564254
v -0.3494188415365057 0.09397401613149169 -0.24943068634062537
v -0.35265776919155967 0.09353103398453037 -0.24645910712767613
v -0.3558966968466136 0.09308805183756887 -0.24348752791472697
v -0.35914852528673 0.09250227596321245 -0.24055662313650106
v -0.36240583919193975 0.09185578362831769 -0.23764301328961332
v -0.3656631530971495 0.09120929129342271 -0.23472940344272558
v -0.36893542807831065 0.0907730611794772 -0.2317966511836666
v -0.3722137316684643 0.09042155683793908 -0.22885618543404515
v -0.3753872132373236 0.09020014567477504 -0.22582162835398323
v -0.3780229039351789 0.0906461794134125 -0.22230433436495317
v -0.38065859463303425 0.09109221315205017 -0.21878704037592303
v -0.3830103434702665 0.0917204199592887 -0.21510212660549904
v -0.3853356549415732 0.09236558860535518 -0.21140160602920516
v -0.3871559501121389 0.09331036261274137 -0.20750526253667562
v -0.38880542018044933 0.09435648011420592 -0.2035426806481957
v -0.3907634008347421 0.09510302198043166 -0.19965641800409054
v -0.39282469772794554 0.09578396856245461 -0.1958140370226244
v -0.3953044441311193 0.09627901818526202 -0.19219147546994705
v -0.39783646450503535 0.09663252605870347 -0.18859328149714938
v -0.40044473214045195 0.09677957992408058 -0.18503063028509562
v -0.4398388587305851 0.0932433776517335 -0.1668944721654143
v -0.43945522186826375 0.0953103352266286 -0.16694204831435647
v -0.4393370448100773 0.09820922226933751 -0.1668404428837077
v -0.4390794908344652 0.10109233271691043 -0.16678976877469598
v -0.4393648254855311 0.10398077325527719 -0.16679267510431267
v -0.43992505665127263 0.10682517248097044 -0.16700209537889585
v -0.44080128166934085 0.10958019748211917 -0.16732809243776217
v -0.4416401496128436 0.11233932495813265 -0.1677101379282946
v -0.4423797533647487 0.1151247874576995 -0.16806673109047152
v -0.4428552327463537 0.11798733373716393 -0.16827638622927268
v -0.4432917857373028 0.12085407163315832 -0.16843219818160027
v -0.4434546100924678 0.12375028478887075 -0.16820938725799786
v -0.4436174344476327 0.12664649794458316 -0.16798657633439545
v -0.443776005921114 0.1295422997322782 -0.16775769127170034
v -0.44385701389354076 0.13243059904376422 -0.16741802685303708
v -0.44393802186596754 0.13531889835525027 -0.16707836243437393
v -0.44401902983839436 0.13820719766673628 -0.16673869801571067
v -0.44419339508691974 0.14108515660544219 -0.16635406019056106
v -0.44439539253360616 0.14396005496610118 -0.16595611098646026
v -0.44459738998029247 0.14683495332676036 -0.16555816178235933
v -0.4447993874269789 0.14970985168741954 -0.1651602125782585
v -0.4451643557861162 0.1525621853204491 -0.16472019772602212
v -0.44553828128921746 0.1554132787596865 -0.16427787087797852
v -0.4459122067923188 0.15826437219892434 -0.16383554402993492
v -0.44630243400813785 0.16111247582894367 -0.16339017629791938
v -0.4468007800449401 0.16394074996906743 -0.16292464032987386
v -0.4472991260817424 0.1667690241091912 -0.1624591043618283
v -0.44779747211854465 0.16959729824931497 -0.16199356839378276
v -0.4483364099143003 0.17241228261660108 -0.1615006543994908
v -0.4489802543558119 0.17519292046806276 -0.16093698375471163
v -0.44962409879732346 0.17797355831952444 -0.16037331310993236
v -0.450267943238835 0.18075419617098615 -0.15980964246515308
v -0.45093108160765427 0.1835222396659162 -0.15920976355060748
v -0.4516207752526377 0.1862729488664598 -0.15856004923512218
v -0.4523104688976212 0.18902365806700383 -0.15791033491963688
v -0.4530001625426047 0.19177436726754746 -0.15726062060415158
v -0.45371663125779516 0.19450731081280945 -0.15656675837568862
v -0.45443718137550637 0.19723754628710524 -0.15586616655130223
v -0.4551577314932176 0.19996778176140062 -0.15516557472691592
v -0.45586747524753307 0.202685898514326 -0.15441022843685068
v -0.4565713739228118 0.20539746034385659 -0.15362526587646508
v -0.4572752725980905 0.20810902217338675 -0.15284030331607937
v -0.4579480722124346 0.2107807174765614 -0.1519057420210073
v -0.4588525115362497 0.2132799695458819 -0.15085985456104056
v -0.46087231589794647 0.2143677258525216 -0.14963161817002119
v -0.46218637958366277 0.21204045034601696 -0.1495428807192584
v -0.46316861371632867 0.20930585061931015 -0.14966747516710263
v -0.46406499498623777 0.20654956141345407 -0.14991962106588133
v -0.4649347000953845 0.2037883228888847 -0.15017584013563234
v -0.4651759135624198 0.2009104781752436 -0.1505280233111545
v -0.465417127029455 0.1980326334616021 -0.15088020648667663
v -0.46565834049649024 0.195154788747961 -0.15123238966219876
v -0.46551161571880184 0.19226031700588928 -0.15145128497704194
v -0.4653262275877072 0.18936418815296333 -0.1516568963330792
v -0.46514083945661255 0.18646805930003735 -0.15186250768911644
v -0.4649566888149411 0.18357332694749903 -0.15208483814865026
v -0.4647786136235101 0.18068545070900616 -0.15238925099164455
v -0.4646005384320791 0.1777975744705137 -0.15269366383463892
v -0.4644224632406481 0.17490969823202127 -0.1529980766776333
v -0.4642443880492171 0.1720218219935284 -0.15330248952062767
v -0.46420952853037084 0.1691252355180596 -0.1535694680992117
v -0.4641844466640111 0.16622805437534025 -0.15383389095730887
v -0.46415936479765124 0.16333087323262085 -0.154098313815406
v -0.4641342829312915 0.1604336920899015 -0.15436273667350306
v -0.4641327169163016 0.15753919097618022 -0.15465384605426316
v -0.46415560846028775 0.1546474772149666 -0.1549727106368921
v -0.46417850000427385 0.1517557634537534 -0.15529157521952106
v -0.46420139154825996 0.1488640496925398 -0.15561043980215003
v -0.46422428309224606 0.1459723359313262 -0.15592930438477898
v -0.4643394196795582 0.1430834070126854 -0.15624016443062594
v -0.46454492487304144 0.140197206287698 -0.156543182766979
v -0.4647504300665246 0.13731100556271056 -0.15684620110333197
v -0.46495593526000784 0.13442480483772293 -0.15714921943968493
v -0.46516144045349106 0.13153860411273552 -0.157452237776038
v -0.4655292870847791 0.12866438236852887 -0.15769408227862056
v -0.4659468262657649 0.12579382737820718 -0.15791720153264105
v -0.4663643654467507 0.12292327238788568 -0.1581403207866614
v -0.46678190462773655 0.12005271739756398 -0.15836344004068187
v -0.4672042362227318 0.11718368095719092 -0.15859611538768625
v -0.46764034723328085 0.11431901073616717 -0.15885626694522714
v -0.46807645824382993 0.11145434051514341 -0.15911641850276803
v -0.4685125692543791 0.10858967029411967 -0.15937657006030895
v -0.46874478670052033 0.1057047835403437 -0.15948879352136333
v -0.46873718569529715 0.10279611821567107 -0.15942702479627036
v -0.4687295846900739 0.09988745289099843 -0.15936525607117746
v -0.46872198368485063 0.09697878756632579 -0.1593034873460845
v -0.4687573817326391 0.09408535905964797 -0.15918532837840527
v -0.4697791337351433 0.09266347909638113 -0.15824483772970105
v -0.47173346583824 0.09462178371477195 -0.15734921977544303
v -0.47363235402940024 0.0966725188326284 -0.1565411874521441
v -0.4749801361706545 0.0991065108463684 -0.15575794566907414
v -0.47556634801711795 0.10177982548874655 -0.15519421778474335
v -0.4752585362336903 0.10466116517457891 -0.154934717028552
v -0.47477151525579026 0.10746945453765883 -0.15442399547180163
v -0.4741424800365729 0.11021985520705754 -0.1537141941105826
v -0.4735134448173554 0.11297025587645627 -0.15300439274936353
v -0.4728004999013489 0.11568925085862677 -0.15227295605661093
v -0.47181115651591593 0.11830479553393959 -0.15147025260029848
v -0.47082181313048305 0.12092034020925241 -0.15066754914398606
v -0.4698324697450501 0.12353588488456523 -0.1498648456876736
v -0.09542102486207969 0.15705057631775268 -0.4337895714023501
v -0.09513864188983868 0.15779743037949004 -0.4360274847208714
v -0.09485625891759779 0.15854428444122737 -0.4382653980393927
v -0.09392510569307752 0.16031499651202596 -0.43951508645959186
v -0.09297230754684752 0.16211986755723884 -0.4407318047328389
v -0.091911472887763 0.16396461072797255 -0.4416866259645202
v -0.09057919181039342 0.16590953434118852 -0.441983419534865
v -0.08924691073302385 0.1678544579544045 -0.4422802131052098
v -0.08791462965565416 0.16979938156762006 -0.4425770066755548
v -0.08664186731865353 0.1717867899530384 -0.4428152650921725
v -0.08550005748869532 0.17386767288775945 -0.44292473507873964
v -0.08435824765873713 0.1759485558224801 -0.44303420506530694
v -0.08321643782877892 0.17802943875720073 -0.44314367505187424
v -0.08207462799882073 0.18011032169192137 -0.44325314503844143
v -0.08102319356192818 0.18222893496767278 -0.4434675279904884
v -0.07999716545903729 0.1843581549983571 -0.4437114040794576
v -0.07897113735614639 0.1864873750290414 -0.4439552801684268
v -0.0779451092532554 0.1886165950597257 -0.444199156257396
v -0.07722991889025305 0.19083381848850423 -0.4445767216982038
v -0.07670711029899827 0.19310550843621735 -0.44503702932591505
v -0.07618430170774337 0.1953771983839309 -0.4454973369536263
v -0.07566149311648848 0.19764888833164398 -0.4459576445813376
v -0.07528506316490666 0.1999443605642323 -0.44639054184058635
v -0.0752143112982272 0.20228949662285123 -0.4467661988566084
v -0.07514355943154763 0.20463463268147014 -0.4471418558726305
v -0.07507280756486816 0.20697976874008947 -0.4475175128886525
v -0.07500205569818859 0.2093249047987084 -0.4478931699046746
v -0.07461809513139359 0.2116402711411639 -0.44825371319660134
v -0.07421061993396696 0.21395340247584554 -0.4486131218021691
v -0.07380314473654044 0.2162665338105272 -0.4489725304077368
v -0.07339566953911392 0.21857966514520885 -0.4493319390133044
v -0.07299728062297065 0.22091732868175584 -0.4494770388932949
v -0.07259915459963165 0.22325570200695502 -0.4496159381924214
v -0.07220102857629267 0.22559407533215378 -0.4497548374915479
v -0.07179467238298644 0.22793253162231947 -0.44981815581350626
v -0.0713765341709828 0.23027110668218106 -0.4497732750958691
v -0.07095839595897926 0.23260968174204266 -0.4497283943782319
v -0.07001654073017823 0.23473485411643 -0.4499574261398993
v -0.06882282974682631 0.23675740104109963 -0.4503181825390018
v -0.06827639808217034 0.23906854539961223 -0.4503507478314563
v -0.06731320478638073 0.23919705895460602 -0.45063931150891123
v -0.06758268759875606 0.2368611990370166 -0.4509812539207207
v -0.06785884149297705 0.23452742745806254 -0.45132950085765977
v -0.06826753153278392 0.232235145454534 -0.4518030014610608
v -0.06867622157259079 0.229942863451005 -0.4522765020644619
v -0.06908491161239766 0.22765058144747644 -0.4527500026678629
v -0.06949579340904996 0.2253582850631974 -0.45322140984387366
v -0.06993431872781808 0.22306580730177922 -0.45366641367752336
v -0.07037284404658621 0.22077332954036144 -0.4541114175111731
v -0.07081136936535433 0.21848085177894325 -0.4545564213448229
v -0.07124989468412246 0.21618837401752505 -0.45500142517847275
v -0.07150345591472432 0.21385703563020284 -0.4553649144549482
v -0.07169488847908594 0.2115126441206199 -0.45570102333144114
v -0.07188632104344746 0.20916825261103694 -0.45603713220793407
v -0.07207775360780898 0.206823861101454 -0.456373241084427
v -0.07226918617217061 0.20447946959187108 -0.45670934996091994
v -0.07226559630643879 0.2021110561288178 -0.45685465850021517
v -0.07222228897374278 0.19973775045340256 -0.4569611094266411
v -0.07217898164104676 0.1973644447779873 -0.45706756035306706
v -0.07213567430835074 0.19499113910257249 -0.457174011279493
v -0.07209841893873818 0.1926175941360168 -0.4572348494393947
v -0.07208112194088635 0.19024326002691794 -0.45714526425090934
v -0.0720638249430344 0.18786892591781948 -0.45705567906242395
v -0.07204652794518257 0.1854945918087206 -0.4569660938739385
v -0.07202923094733073 0.18312025769962212 -0.4568765086854531
v -0.07203626131275505 0.1807461443770051 -0.45693734190248764
v -0.07204918343477225 0.17837208452587178 -0.45703460441201577
v -0.07206210555678945 0.17599802467473846 -0.457131866921544
v -0.07207502767880654 0.17362396482360515 -0.45722912943107225
v -0.07208140524880133 0.17125185885997654 -0.45735432582959495
v -0.07206257142964506 0.1688872798008729 -0.45758713114367694
v -0.0720437376104887 0.16652270074176925 -0.45781993645775887
v -0.07202490379133232 0.1641581216826656 -0.45805274177184085
v -0.07203399806777531 0.16179291383191355 -0.45827175198945275
v -0.07214467940659673 0.15942541878273112 -0.45844058322795633
v -0.07225536074541815 0.15705792373354913 -0.45860941446645986
v -0.07232980704256911 0.15468818170086218 -0.4587639731714675
v -0.07204711442572738 0.15384977563064728 -0.45786749708385327
v -0.07207347092375944 0.15615589184603526 -0.4576141266243551
v -0.07231402578576714 0.15850951138590438 -0.4575247507576317
v -0.07293242939207786 0.16080282331031762 -0.4575886612482091
v -0.07355083299838858 0.16309613523473088 -0.4576525717387866
v -0.07416923660469919 0.16538944715914453 -0.4577164822293641
v -0.07472823676537999 0.1676951214796323 -0.45784265838219707
v -0.07527740148802868 0.17000284264402352 -0.4579791438707283
v -0.07580561922494845 0.1723124786810512 -0.4581390383773509
v -0.07619026788876586 0.17463523911187612 -0.4584593765426988
v -0.07657491655258318 0.1769579995427006 -0.45877971470804657
v -0.07696920810504443 0.17928358000498765 -0.4590457626013977
v -0.07739897710538675 0.18161953573167094 -0.4591120694870157
v -0.07782874610572905 0.18395549145835427 -0.4591783763726337
v -0.07818055897586876 0.18629549405393925 -0.45922149036586524
v -0.07800873494691396 0.18866267975721868 -0.4591088160430439
v -0.07783691091795926 0.1910298654604985 -0.45899614172022246
v -0.07749492826851838 0.19336772607619784 -0.4588823476978573
v -0.0768659137628437 0.19565611970457614 -0.45876666491171664
v -0.07623689925716903 0.19794451333295443 -0.4586509821255761
v -0.07565646638519974 0.20024753347069882 -0.45861228234243373
v -0.07509595315370803 0.20255655082973484 -0.458605147445559
v -0.0745354399222162 0.20486556818877086 -0.4585980125486842
v -0.038139548929890056 0.22478046668030344 -0.480782140018039
v -0.04027936819410794 0.2303444769265954 -0.47598928502671534
v -0.048422110972283446 0.23255643357921002 -0.46922505019051247
v -0.05685771120292795 0.23386739605230006 -0.46250770351184156
v -0.06520347050635629 0.2341779674931687 -0.45559999310341853
v -0.07398779311079116 0.23327066514185757 -0.4492691535714471
v -0.0826060320128089 0.23262591335968683 -0.44269197920169673
v -0.09095989463771598 0.2320578514372453 -0.43576390726100395
v -0.09955351460522113 0.23197857576797593 -0.4291207580217328
v -0.10822654182804284 0.23234577302969786 -0.42258437379056824
v -0.11694301827700204 0.2320089761907343 -0.4161202477321088
v -0.12575343252412668 0.2308161563614786 -0.4098708856596163
v -0.13460448260606683 0.22939625419625967 -0.4037329461769446
v -0.14351850924504772 0.2287903111321576 -0.39754304456104217
v -0.1524602743970833 0.2277327682791044 -0.39145552823031604
v -0.161581805272672 0.22658295855947905 -0.38566112101451616
v -0.17072594721342368 0.22579944922826672 -0.37985603306027826
v -0.17981656405878552 0.22553372713538755 -0.3739038077367428
v -0.18889177359285392 0.22542560193143696 -0.3679229381691155
v -0.19821927646420168 0.2249421868196438 -0.3623821224663617
v -0.20765578609900168 0.22418683015136065 -0.3570463654473041
v -0.21693338620357072 0.22284000834948722 -0.35154599025413347
v -0.2259567684219608 0.22109152834932425 -0.3457616823786945
v -0.23471026165786832 0.21954151565924324 -0.3395698087072887
v -0.24318250332010813 0.21930778466181883 -0.33276478034809737
v -0.2516742086022976 0.21816551029850853 -0.32608644522077795
v -0.2603457860057089 0.21683411749553827 -0.31967934062801595
v -0.2692374419221576 0.2154314814285868 -0.31358742788720656
v -0.27808208490658737 0.21382149222528438 -0.3074782425753035
v -0.2869358569043591 0.2121541025551988 -0.30139799116700533
v -0.295792229738977 0.2104597518798174 -0.29532892827777674
v -0.30461913431705046 0.20887027271752648 -0.2891887954213822
v -0.31327845877104216 0.2069213902952655 -0.282922103357241
v -0.3217929062966049 0.20451884008948767 -0.27662656237240374
v -0.33012432850686013 0.20128279391400727 -0.2704413114448688
v -0.33856768512898167 0.19924923129669292 -0.26391673766221246
v -0.3469929828490789 0.1974714411780722 -0.25728510976196395
v -0.3553827777969359 0.19566958311095886 -0.2506165170159471
v -0.36372906864779614 0.1935128921765697 -0.2439996530911349
v -0.37212515829533577 0.19056262939186425 -0.23775917650167439
v -0.3807820169433479 0.18846103104151418 -0.2315439287928592
v -0.3893869577031502 0.18691799807671072 -0.22509558128857798
v -0.3979100845069031 0.1857160950013216 -0.21845952988679865
v -0.40640193057338303 0.18465414046199563 -0.2117586042177561
v -0.41490989444862625 0.1837423397745659 -0.2050596594889852
v -0.4234717381852509 0.18333626701127473 -0.19838169185349988
v -0.43195007128896534 0.18347768898614522 -0.19158418660290832
v -0.4403968845318894 0.1836067712687345 -0.18475011448045411
v -0.4488106968527684 0.1843393105515855 -0.17793402878486433
v -0.45661202990133637 0.18577162161709906 -0.1705074412857309
v -0.4644985395908018 0.1869042357779337 -0.16312963148081663
v -0.47285597531347967 0.18679358894589668 -0.1562322328322388
v -0.47485575055146356 0.18839962759529683 -0.1493336992643424
v -0.4649720520869411 0.19174953068978753 -0.15159172370875146
v -0.4553759482043426 0.19253502959482605 -0.1565517762499869
v -0.446232822032204 0.19337808422613195 -0.16233625074540423
v -0.4369060375173738 0.19488951878094643 -0.16770689201313846
v -0.42754518128138014 0.1966395326016623 -0.1729449316541341
v -0.41826139696757136 0.198546304500102 -0.17826495877181078
v -0.40906077071652863 0.20054116585939927 -0.1836967231834697
v -0.3999113110245664 0.2025977540014143 -0.18919214092092596
v -0.3909219574859717 0.20464928069013497 -0.19494754543629833
v -0.38202246734394985 0.20648068743464387 -0.20090711516228643
v -0.3732229748341101 0.20808585273995628 -0.20707419512642838
v -0.3647968543063213 0.20897306426683074 -0.21388266547517087
v -0.35641809865899715 0.20977817444787963 -0.22075821597780276
v -0.34809897715184585 0.21047991599129412 -0.2277182228806329
v -0.3396730422021167 0.21186621528014787 -0.23443070715683495
v -0.3312058093384562 0.21344774899207922 -0.241058959049354
v -0.32243865250264653 0.21449783628075836 -0.24739742870964374
v -0.3136521950437931 0.21563541662676322 -0.25368766287188216
v -0.3047185712164228 0.2174401275357522 -0.25961010356622133
v -0.2957874479190695 0.2192582604365288 -0.2655320373663462
v -0.28688377884241545 0.22122375822486134 -0.2714484057921156
v -0.2780061662184978 0.22309527093433837 -0.2774238973146048
v -0.2693706460444559 0.22409356125157429 -0.28394870594767385
v -0.2607751206979418 0.22500483905337096 -0.2905323931408608
v -0.252443853945636 0.22534119738608102 -0.29750510977829053
v -0.24420951921698758 0.22547401944675938 -0.30458194588278
v -0.23634993739184845 0.22481994151262272 -0.3120613225628226
v -0.2284629572369048 0.22399522268783778 -0.3194896191380741
v -0.22051041913583977 0.22276219918188886 -0.32679569268799363
v -0.21234386869619537 0.22169548314384846 -0.33386898656044506
v -0.2037078597224134 0.22099357999752572 -0.34043165377049656
v -0.19481156802012659 0.22075508358333334 -0.34658241863091716
v -0.1852768112955211 0.22165330873062 -0.35172280049604343
v -0.1756143887263928 0.22244470924776372 -0.3566104377061986
v -0.16558370483243834 0.2229279664242402 -0.36076901475284495
v -0.1556261409894429 0.2232747520486743 -0.36509095874735137
v -0.14594192270699327 0.22311136443878668 -0.3700236193558617
v -0.13636442717329378 0.22303771608468936 -0.3751528742917031
v -0.1269684745859085 0.22311672055379014 -0.3806165500874848
v -0.11812268913147708 0.222124944505928 -0.3868268269820689
v -0.11025006340110184 0.22011796582858037 -0.3939319477933101
v -0.10459103211273073 0.2164710615409827 -0.40220907602146205
v -0.10057609335164773 0.21124526885623976 -0.4108210646030581
v -0.09585839982434945 0.2053471234568475 -0.4185928477667884
v -0.08936641317530089 0.2007129771994255 -0.4246012576536142
v -0.07966359719537085 0.20556717203513603 -0.42394241435773616
v -0.06933305319973518 0.20777673495619028 -0.42139968542494116
v -0.042366406164824705 0.22719879557313105 -0.4786228136833922
v -0.023556870957746005 0.22145317804995693 -0.47263561529049697
v -0.005704216355055511 0.22038044759514763 -0.46219062570639696
v 0.011157190490422847 0.22108606489830332 -0.45008884825384
v 0.027552102025256903 0.22164298530400695 -0.4373404843391901
v 0.043427346340350524 0.2215396299733102 -0.4239397659812212
v 0.058660597901676347 0.22141678776167928 -0.40981640844573564
v 0.07356697742736089 0.2215506389267616 -0.39534484784102714
v 0.08791124779310094 0.22202260268296975 -0.3803380515711791
v 0.10173350702872005 0.22278493641035865 -0.3648458526088568
v 0.11516130487475508 0.2236615590258991 -0.34901737234042074
v 0.12855699392965714 0.22452214698005815 -0.33315928978255305
v 0.14160761877683062 0.22585331036290068 -0.31705032452669013
v 0.15413503812892496 0.2275956432542888 -0.30056746929762124
v 0.16662876385030087 0.22897822072092805 -0.28402441505277154
v 0.1791138719730894 0.23044625099463792 -0.2674822017442864
v 0.19145147662926731 0.2323206083210865 -0.25087058844923643
v 0.20338940482432286 0.234804215411312 -0.23405055350205337
v 0.2152608535263366 0.23739367519156837 -0.21719703462029807
v 0.22669150436296567 0.24031129315528318 -0.20010207859727525
v 0.23772648619832767 0.24353641200978884 -0.1827962420671703
v 0.2485808961392393 0.2469499778401508 -0.16541382614598665
v 0.25912742724996757 0.2506740145130346 -0.14790465781820147
v 0.269644296645724 0.25402953715480553 -0.13030312990785123
v 0.28064596825344873 0.256850741633798 -0.11290594051884148
v 0.29113345251376077 0.2602526183617471 -0.0952973837568237
v 0.3016190239240195 0.2627981730580867 -0.07754507757074511
v 0.3120498891265776 0.2648256214043843 -0.05969175901179763
v 0.3218395099227276 0.2672591209831798 -0.04153063705529405
v 0.33204219251725114 0.26797972743992293 -0.023458659174154253
v 0.3422525995645592 0.2684240333271538 -0.00536930302824592
v 0.35282192848283755 0.2687768119191674 0.012513713520061344
v 0.36345880467381336 0.26815782645755415 0.03034009384507792
v 0.3737743798327337 0.2675615409465935 0.048357894030041905
v 0.38346651332848636 0.26685484829024725 0.06672054722815905
v 0.3934481889508023 0.2664059521597039 0.08492854210687088
v 0.4046300965566451 0.26665910612420857 0.1024057499295803
v 0.413843684784244 0.2690015445250667 0.12085860945090365
v 0.42303219631341515 0.2670756704430682 0.12100425950212096
v 0.41853175075270627 0.2629202289704288 0.10140144191017689
v 0.4113784534820566 0.26113483456064224 0.08199007104798756
v 0.40444662294759504 0.25831271862992566 0.06262178333592286
v 0.3966780302316316 0.25479442589175705 0.04368695639736311
v 0.38858716997744114 0.2506561608184404 0.0250673887067646
v 0.3788341436535381 0.24816671295979711 0.0068928290467388876
v 0.3690846850905466 0.2459533991240063 -0.011317661913287258
v 0.35909025622490315 0.2448029876473718 -0.02948573318818631
v 0.34860730501316284 0.2443432536756817 -0.047415389166594775
v 0.3378214147733005 0.2436955127728218 -0.0651590125450268
v 0.3267903528400918 0.24251098237495688 -0.08272150898819154
v 0.31521659258748086 0.24079119641326865 -0.09987960106287534
v 0.30264781065160423 0.23952120467208768 -0.11634568611570749
v 0.28920711834250445 0.2392024326004181 -0.13218168054642748
v 0.2760310724124707 0.23856307005095465 -0.14822590592474966
v 0.2626766041185489 0.23865663538003623 -0.16413333276097153
v 0.24881808192613902 0.2390126627637103 -0.17960651414909004
v 0.23436128689439953 0.23847619886715493 -0.19451033688472932
v 0.2197455329578603 0.23596164852403287 -0.2089875535020235
v 0.20672307477492854 0.23125866208962795 -0.218979993656951
v 0.22175734502774708 0.2249405098061017 -0.2063538987081304
v 0.23693987651807769 0.22271439685798008 -0.19238134830597378
v 0.25151758380463934 0.22222744496975705 -0.17759607372900343
v 0.26596093439918456 0.22232072201042613 -0.1626612077009219
v 0.28044804321964467 0.22274096159180876 -0.1477758150745013
v 0.29458671366236905 0.2240267535143038 -0.13262717584067707
v 0.30815480417273927 0.22652741897901926 -0.1171124229551114
v 0.32139416800679016 0.22966113379870665 -0.10142002939786253
v 0.33478503904237533 0.23176265051693778 -0.08567447083457883
v 0.34767884127674775 0.23405885759283926 -0.06954514487621523
v 0.35946225464459614 0.23762315569687315 -0.0528277863108366
v 0.37105711411704906 0.2413003469742028 -0.03598444320720197
v 0.3828456090593591 0.2447291669050152 -0.019225366020157446
v 0.39475432724097 0.2481268695891191 -0.002547302085469014
v 0.40599686870563556 0.25231685042832747 0.014393607466704208
v 0.4160134105972977 0.25756216766007706 0.03182284019652991
v 0.4255404159986252 0.2632514237325993 0.04933404159798885
v 0.43350459033670313 0.2711440491150376 0.06681349680719237
v 0.4321239692075873 0.2762996901857333 0.08186427568943654
v 0.42556423469268956 0.2582388311099585 0.08706193614578839
v 0.4206698871668328 0.23861900168830966 0.08268914144510923
v 0.41769221191205447 0.2181324214117035 0.08226606006906098
v 0.41592193117327586 0.1974779566785717 0.08335382172160397
v 0.4136577230334656 0.17695682687177533 0.08141182457522528
v 0.41031881196445624 0.15696474976646768 0.07687499210035818
v 0.4070452001886689 0.13731472741969403 0.07100542486000284
v 0.401229437139691 0.12608474869202002 0.06554841983131934
v 0.3997740692770878 0.14648213418922207 0.06219294143316779
v 0.4016364195904757 0.16704223187360556 0.06072703558900624
v 0.40598135348261716 0.1870990179677303 0.06359645162956049
v 0.4106858203905454 0.20654590046391424 0.06905160933035696
v 0.4164792577306795 0.22576373355751353 0.07437006652230312
v 0.4218870733135148 0.24559695406005577 0.07728030527945957
v 0.43125446133429834 0.24716104990922336 0.0713329572931168
v 0.43816894441072535 0.2281715247202334 0.06672438789734952
v 0.44186004302142634 0.20826269591162783 0.06219013787591771
v 0.4439170746484266 0.1877941899110912 0.06089311337628263
v 0.44375263764057254 0.167087694279363 0.06246963223131057
v 0.44147366067986166 0.14677133487449975 0.0591316144497104
v 0.43772386184343176 0.12682756454448632 0.05530301050755091
v 0.42944006098818555 0.1359105935696118 0.057441192257750164
v 0.44079575745773636 0.2707892347378015 0.07127831885301408
v 0.42731699096696674 0.2742993249376741 0.07538691972858301
v 0.4134717870235078 0.2731898877145588 0.08277161670078587
v 0.40013033363343686 0.27174271889297213 0.09119469357888571
v 0.3855519133926516 0.2699887042209052 0.0974080898058111
v 0.37137656618686954 0.2672139708371135 0.10411473653449603
v 0.3575478151432205 0.2642960823720855 0.11150595723647341
v 0.3435340760844096 0.2624761304113378 0.1189031590658329
v 0.32987303936741574 0.26059862203026407 0.1269213408991063
v 0.3164283996240765 0.25851875324416485 0.13524846116396158
v 0.3031187750382826 0.25638513555611675 0.14377624901414723
v 0.28965533681398004 0.25376283619130036 0.15188366460170952
v 0.2759517481150931 0.25042803290726795 0.15930442833997577
v 0.26212242093742816 0.24544435114154375 0.16549739432458907
v 0.24809595320791245 0.24101764209610735 0.171658943069405
v 0.23422884973160388 0.2364056693221745 0.17800743204083688
v 0.22088194847839857 0.23090546167966844 0.18479331036585828
v 0.2074454880890467 0.22574883604509163 0.1916691024022261
v 0.19404684013838197 0.22100143300800087 0.198871984759658
v 0.18079991375376844 0.21705520431575348 0.20683354379571392
v 0.16770247267824823 0.21250008975062476 0.21470903244488831
v 0.15457585130553014 0.2076258626912276 0.22233605181673724
v 0.14123486274662636 0.20238586882058696 0.22933610112530206
v 0.1276985625859248 0.1975259128214945 0.23623035171306894
v 0.11426033157793097 0.19254022993831674 0.24321394231881668
v 0.10118698736124367 0.18699540425186553 0.2504791182227004
v 0.0884580040791503 0.18037081056484966 0.2574213874936606
v 0.07581869799586215 0.17358088334487348 0.26438889110459296
v 0.06319378823736871 0.16697927695898357 0.27156319584659866
v 0.0513761604332746 0.16032675430815702 0.2799603030194161
v 0.03938271753585523 0.15384697343122397 0.2882415804686843
v 0.027013782832615137 0.14834205538095488 0.2966292212990755
v 0.01420092474308778 0.14456762478588123 0.305301634331167
v 0.0012825613550139895 0.14154637497153597 0.31415731819160747
v -0.010603802814936572 0.1377018090561894 0.32402562054623985
v -0.022401641220040142 0.135103495872687 0.33443626812630767
v -0.03370251757556707 0.1386194546853076 0.344046095561702
v -0.04013800174707567 0.15241835333041262 0.3467659123913293
v -0.04067080650540659 0.1673008431788214 0.34235043526167136
v -0.0341273216135063 0.17844283872275438 0.3331263987374841
v -0.025897404921420588 0.18956641126329934 0.32528776262091535
v -0.016146749379055383 0.19940689304775147 0.31741375345734457
v -0.006180323111522882 0.20758230722354806 0.3080898446107075
v 0.00474289601144038 0.2123526890677073 0.2974966539130383
v 0.015972626782274083 0.21648536133580853 0.2869606428726173
v 0.027810962161908523 0.22121893767637157 0.27742552408753784
v 0.04007612394763818 0.2266898150394293 0.26882569609404755
v 0.052541046909375506 0.23165082084758862 0.2602138078625952
v 0.06487479896483367 0.2361445297258976 0.2511539834739195
v 0.0772352014214526 0.24101637604868315 0.24232642951870143
v 0.08966964529384377 0.24562358567295978 0.23346085413535406
v 0.10198419765706462 0.2493277060463429 0.2240406082304766
v 0.11418818413510091 0.25216976191510293 0.21418948389191791
v 0.1264915309283582 0.25459780596896175 0.20434861947472402
v 0.13934663515809548 0.2573846542013047 0.19532531775152054
v 0.15298814909957775 0.2601943128168913 0.18756255742481148
v 0.16685424771427212 0.26436062468706656 0.18103897268037009
v 0.18086310546779225 0.2696074256073059 0.1755180436961109
v 0.19498959092610466 0.275252009945578 0.1707199942945611
v 0.2084780005923289 0.28003947383598343 0.16373047232569216
v 0.22181810495349463 0.2839737573894849 0.155951318122945
v 0.23497490667758233 0.2864817018215289 0.14739445645952418
v 0.24794220777879436 0.28685056833102246 0.1381969089376492
v 0.2609923735975247 0.28488527078850157 0.1292375016197238
v 0.2736323423016136 0.281439872348258 0.12013862779707896
v 0.28756236457293827 0.2778858037026247 0.11335782231610421
v 0.3025729315026943 0.27949403806949 0.11271243906739134
v 0.3177121554304959 0.28375122819786813 0.11529947452201725
v 0.3328833036836943 0.28772304513031305 0.11457888275268152
v 0.34692078117043007 0.292043179385685 0.10867333789293239
v 0.3610574417256613 0.2875664037290709 0.11101272489463537
v 0.3617000365373849 0.2924735350927335 0.12410973802522657
v 0.35005418882000905 0.29138360319776613 0.13408089945496346
v 0.3370351339901326 0.28619041556615593 0.14168486499390162
v 0.3248173607568171 0.2815586018139553 0.15078582819299896
v 0.31253471606154376 0.27849885839113087 0.16048079563542936
v 0.3012095847032373 0.27515465027034147 0.17118258767833414
v 0.2898527185680052 0.2720673347970027 0.18194849534682106
v 0.27864211948991857 0.26853894019525815 0.19272860009196985
v 0.26758101842698206 0.264213419211017 0.20335861585659107
v 0.25593282969988956 0.25899837329752134 0.21290939085424984
v 0.2439746670809085 0.25319933640670894 0.22172335325683762
v 0.232504204945783 0.24742407835497746 0.23116801235410245
v 0.22132704527003205 0.24285474355397552 0.2415399776117628
v 0.21076237491075991 0.24009697295514199 0.25316608967041504
v 0.1998246344847143 0.23783428589374866 0.26454961252503867
v 0.18798807813498614 0.23531467172494866 0.27494009131962377
v 0.17567903779117058 0.23143729631328158 0.2843152546540309
v 0.16293978152207117 0.227100593355767 0.2928790285825994
v 0.15042262076631488 0.22240064596228248 0.3015777337919694
v 0.13841014139188512 0.21727846909361 0.31073763800655735
v 0.12632616361191207 0.21148739519143886 0.3193892583339904
v 0.11340923450254677 0.20605528772292578 0.32701008392535774
v 0.10044160746652009 0.20124049820083859 0.33492095726256815
v 0.08730462441298625 0.19774260164616644 0.3432618391191144
v 0.07314624740915118 0.19408583302781524 0.3494185195227345
v 0.058213555947176754 0.19105993759023196 0.35412460760234116
v 0.04299690063256647 0.18756529394514238 0.35726004969444297
v 0.027200552405627496 0.18627165854579672 0.3578131615715898
v 0.012531288517485773 0.1907539100751811 0.35478410750327466
v -0.01803203931184081 0.25597986135078254 0.33036909993461067
v -0.016028646331104034 0.25128624911289155 0.3308468069955695
v -0.014025253350367252 0.24659263687500052 0.33132451405652824
v -0.012021860369630474 0.24189902463710952 0.3318022211174871
v -0.010558495376834275 0.23701839243717904 0.332295140783491
v -0.009205512153656031 0.23209953334007863 0.3327911699073432
v -0.007852528930477892 0.22718067424297864 0.3332871990311954
v -0.006505453885143858 0.22226108784865095 0.3337902168065273
v -0.005285615609953267 0.21732583859639562 0.3344437401125637
v -0.00406577733476278 0.2123905893441407 0.33509726341860013
v -0.002845939059572292 0.2074553400918858 0.33575078672463654
v -0.0016261007843817008 0.20252009083963088 0.33640431003067295
v -0.0005188097049321073 0.19756181707235032 0.33708245735668396
v 0.0005776596517590085 0.1926013294345547 0.33776297235001546
v 0.001674129008450228 0.1876408417967591 0.33844348734334695
v 0.0027705983651414474 0.18268035415896308 0.33912400233667844
v 0.0038295536458729995 0.1777171659645889 0.33983682055724734
v 0.004750390622376631 0.1727440349344783 0.34066857192099
v 0.005671227598880263 0.1677709039043673 0.3415003232847327
v 0.006592064575383792 0.16279777287425629 0.3423320746484753
v 0.007512901551887424 0.1578246418441453 0.34316382601221795
v 0.008424844127290538 0.15289638508365086 0.3442297080696589
v 0.009334235318542147 0.1479810006345141 0.34536275117982596
v 0.010243626509793862 0.14306561618537775 0.346495794289993
v 0.011153017701045471 0.1381502317362412 0.34762883740016004
v 0.01202801566020491 0.13325244963330127 0.3488599374185398
v 0.012895938295168979 0.12835828865865787 0.3501112095572174
v 0.013763860930133048 0.12346412768401446 0.35136248169589507
v 0.01468022722909842 0.11859847749035556 0.352682367809359
v 0.015691448268770645 0.1137886526103546 0.35413660298417915
v 0.01670266930844297 0.10897882773035364 0.3555908381589993
v 0.01801415858682661 0.10439400103854311 0.35740601418418483
v 0.01958738430774003 0.10000529973650193 0.35953581347603253
v 0.021499269802709567 0.09584690013091146 0.3618128661603165
v 0.024608150077923295 0.09292394113772197 0.36428246441043743
v 0.026798071471051944 0.09724028117232945 0.3648740333685927
v 0.027845207281314205 0.10225341965838305 0.36466491037714716
v 0.02889234309157636 0.10726655814443667 0.3644557873857016
v 0.029790795071582468 0.11231229981494276 0.36440177263528545
v 0.030682507566656764 0.11735951931037418 0.36435478857308473
v 0.03128945157305629 0.12244330944503183 0.36417973802586734
v 0.031816186048813457 0.12753740027630547 0.3639686155357815
v 0.032342920524570516 0.13263149110757888 0.36375749304569566
v 0.03272872947301047 0.13773423328698364 0.36351772392715054
v 0.032928037678940536 0.14284842465434566 0.3632400438808993
v 0.03312734588487061 0.14796261602170746 0.362962363834648
v 0.03332665409080068 0.15307680738906926 0.3626846837883968
v 0.03339401005209591 0.15819701404319422 0.36247112379652646
v 0.033430014003590774 0.16331864993658737 0.3622727988056135
v 0.03346601795508553 0.16844028582998055 0.3620744738147007
v 0.03344387327683221 0.17356043461763307 0.36186348133773577
v 0.03324367835611157 0.17867602990954737 0.3616137012062247
v 0.03304348343539093 0.1837916252014617 0.36136392107471366
v 0.03284328851467029 0.188907220493376 0.36111414094320254
v 0.0325324432230901 0.1940083877012126 0.3607338379519507
v 0.032189247482010915 0.1991053366221907 0.36031537446336187
v 0.03184605174093163 0.20420228554316883 0.3598969109747731
v 0.03143438290187524 0.20929320047927208 0.35947299329082993
v 0.030947958263676197 0.2143775277864422 0.3590431209656563
v 0.030461533625477162 0.2194618550936127 0.3586132486404827
v 0.029916429533886707 0.22453472488672988 0.3581249154426642
v 0.029353134810577313 0.22960404285026223 0.35761845937316256
v 0.028909361542966378 0.23469478025768528 0.3572442015658831
v 0.028536707667219822 0.2397982629735946 0.3569486062879363
v 0.028442443918048965 0.24489775886429002 0.35731554564084866
v 0.02905630251601323 0.24979033894323435 0.35840253261519245
v 0.03177038322237331 0.24661831182170238 0.35804131409631756
v 0.033405781882905855 0.241813621879231 0.3575419856248727
v 0.03474824698564534 0.2368876788082136 0.35708959683184
v 0.03615796283902585 0.23197284656324713 0.35673591326962245
v 0.037585516143255 0.22706096133094045 0.3564084100799122
v 0.038959937087016665 0.22213709975187124 0.35606999681062035
v 0.039924282126755806 0.2171208046505125 0.3556473794760842
v 0.040888627166495044 0.2121045095491538 0.355224762141548
v 0.041852972206234185 0.20708821444779507 0.3548021448070119
v 0.042695365381649086 0.20205592389515892 0.3543310699658759
v 0.04342403326831681 0.19700871690540872 0.35381480644344687
v 0.044152701154984535 0.19196150991565814 0.35329854292101787
v 0.044881369041652255 0.18691430292590794 0.3527822793985889
v 0.04543295471645708 0.1818355695537894 0.3523735851514497
v 0.04595642819424958 0.17675183129799127 0.35198196776724106
v 0.046479901672042086 0.1716680930421927 0.35159035038303244
v 0.04700337514983459 0.16658435478639413 0.3511987329988238
v 0.047279600478828177 0.16147130124428907 0.3510201274318233
v 0.04750915484298734 0.15635271410080873 0.3508817303237275
v 0.0477387092071465 0.1512341269573284 0.3507433332156316
v 0.047888686488397295 0.14611396731028423 0.3507323026632151
v 0.04792177533882818 0.1409914978591183 0.35090835708913853
v 0.047954864189259164 0.1358690284079526 0.351084411515062
v 0.04786407886337017 0.1307492453522336 0.35117251586254267
v 0.04753935629390336 0.1256345355730005 0.3510945258751541
v 0.047214633724436544 0.1205198257937676 0.3510165358877656
v 0.04634404608377046 0.1154900068959979 0.35082488049692273
v 0.045167915818461815 0.11050770483727713 0.3505696020103097
v 0.043410106362833704 0.10570735205379986 0.35023099988016604
v 0.04108158249865485 0.1013462221654723 0.3492936247653191
v 0.037778720602817416 0.09858054531805167 0.34730869356380856
v 0.033560613231008264 0.09864986536764073 0.34439758582934565
v 0.029643849949317916 0.09977671895280137 0.34133481832649193
v 0.025795662644893837 0.1011442322956001 0.33823753806174783
v -0.4854840701049602 0.19849216248407311 -0.17490327172860562
v -0.47077215282069546 0.20070732429424093 -0.17205251547167777
v -0.4546542803703606 0.19764312841354498 -0.16806312363377687
v -0.439121371138587 0.1948153162433229 -0.16200218368501812
v -0.42420421509930134 0.19178304524106032 -0.1546069488344187
v -0.40953914098884503 0.18874074318983225 -0.1467098903110203
v -0.3949543556725751 0.18629683579603945 -0.13846656328911633
v -0.380871248512511 0.18492168282229296 -0.12915777759008737
v -0.36681530990784833 0.18307360255082036 -0.11989470148769422
v -0.35286312415301263 0.18117103033959336 -0.11049475726594253
v -0.33935135123200355 0.1798905435693005 -0.10036209767747857
v -0.3260828346845043 0.1788784877035891 -0.08990437282978923
v -0.3132626878674928 0.17836120322086466 -0.07884748825375691
v -0.300425770742067 0.17769027669719395 -0.06782174544201824
v -0.28753835030878794 0.17655666152752728 -0.05688978516965618
v -0.2746632031741504 0.17542966455478867 -0.04594299805585878
v -0.26198833445115527 0.17441066478861522 -0.034754263252277234
v -0.24931346572816013 0.17339166502244133 -0.02356552844869568
v -0.23717628010379987 0.17287688904950418 -0.011775753436734494
v -0.22521942108907922 0.17253121820069053 0.0002155967099284704
v -0.21335818867413506 0.17215157562417105 0.012297660966084572
v -0.20185414279922087 0.17164504111688758 0.02471856252250554
v -0.1903500969243068 0.17113850660960456 0.03713946407892656
v -0.17920843684859572 0.1706689302756642 0.04988032869425803
v -0.1683623420828736 0.17022949737997334 0.0628821582284681
v -0.15751624731715147 0.16979006448428205 0.07588398776267823
v -0.14735941783439993 0.1697954763088908 0.08942991937866346
v -0.13736260717863472 0.1699041626376589 0.10310216894368447
v -0.12737061757658036 0.17001400390717075 0.11677779337053097
v -0.11789059617038504 0.17024649324582097 0.1308118087267642
v -0.10841057476418964 0.17047898258447122 0.14484582408299757
v -0.09901270871346285 0.17074527271008766 0.15893317828511788
v -0.08987575443515144 0.17111890852468797 0.17318992780832942
v -0.08073880015683993 0.17149254433928826 0.18744667733154094
v -0.07193985154081887 0.17193433582020307 0.2019079478348325
v -0.06342149810902346 0.1724327066838889 0.2165390012988436
v -0.05490314467722816 0.17293107754757514 0.23117005476285463
v -0.04650394231504767 0.1732669848588604 0.24587432358260625
v -0.03811378574974942 0.1735905581449407 0.26058415081856723
v -0.02994706975150951 0.17381170907257062 0.27541678541523057
v -0.022156920911289617 0.17386024632960614 0.29045638877952834
v -0.014366772071069723 0.1739087835866417 0.30549599214382617
v -0.007052014643730021 0.17351503979554603 0.32076532283211606
v 0.00019733007735445537 0.17306043920413852 0.3360662634434209
v 0.007063533615673001 0.17279659570135714 0.35154063580941053
v 0.013556269318733502 0.17271869315233887 0.3671840612161608
v 0.019492230827840365 0.17289417679227584 0.3830199872326333
v 0.024297124397161873 0.17358440590321997 0.3992469717256128
v 0.02811402668353518 0.17497792625358996 0.41563973168334256
v 0.030846002414770687 0.17714374020089463 0.432214531915113
v 0.03240461321058348 0.18109842231888085 0.44860773267096143
v 0.032131295183169636 0.18683522436181826 0.46446818300013837
v 0.028718612113177163 0.19468429582785501 0.47898269809151367
v 0.01919595392285354 0.20335054049650014 0.4807821400180391
v 0.011150080359966043 0.20809857365595644 0.4666695584776611
v 0.0032390403976322165 0.2113822557417311 0.4520674855915254
v -0.0031158724477013925 0.21223841733614868 0.4364033394737646
v -0.008604935670325334 0.21218153457214622 0.42038364194489886
v -0.01391698621380286 0.2118733064382077 0.404304037933922
v -0.019398568955113465 0.21137488102102728 0.38828841399326663
v -0.025130915274307785 0.21069059311298638 0.37236523947369227
v -0.03107797482917046 0.20939024713476173 0.35655954343835977
v -0.0371732387017102 0.2081631377065294 0.34080659402628727
v -0.04358838509229132 0.207094101217005 0.3251674923275012
v -0.05022645095229986 0.20576722080446325 0.3096457318306182
v -0.057085583085279626 0.20418464000282552 0.2942403370430085
v -0.06397596595671777 0.20220043545253036 0.2789021430717544
v -0.07090453414965503 0.19972548627600537 0.2636460618730017
v -0.078009831270102 0.19729069427551085 0.24846889511698722
v -0.0856515323938131 0.19497778650917225 0.2335312478533186
v -0.09332110999590494 0.19263684892619923 0.21861350580126507
v -0.1015172975017787 0.18976640475207024 0.20407178978198917
v -0.10971348500765254 0.18689596057794167 0.18953007376271308
v -0.11808113659869644 0.1837801133474736 0.1751384422833915
v -0.12649968623587585 0.18059141974762724 0.16079136246531908
v -0.13504537030578753 0.1775478569746613 0.14649002060207508
v -0.14377883743674702 0.17471865871599931 0.13225623567819988
v -0.152515532195294 0.1718906740654534 0.11802426211031156
v -0.1616862345072405 0.16922587896358524 0.1040358551122213
v -0.17085693681918696 0.16656108386171706 0.09004744811413118
v -0.1802182032283364 0.16389139417536833 0.07618798130792728
v -0.18969846277840474 0.1612186481841367 0.062409028085595904
v -0.19937139318112987 0.1586993973689234 0.04874137928402829
v -0.20947045615213217 0.15651963378113865 0.035319903881428215
v -0.21965582043841633 0.15433841614756946 0.021965238050703204
v -0.23007290978080486 0.15215329429956403 0.00878996058434342
v -0.2406350941622838 0.15014847716242027 -0.004294471045632116
v -0.251425106794694 0.1484267745078091 -0.017236256530449474
v -0.26238979330887496 0.14746640082786452 -0.03009306945039216
v -0.27347731475472586 0.14704141224175082 -0.042890127591346645
v -0.28502263778771625 0.14789224491751268 -0.055239949728876456
v -0.29663743122469177 0.14905218760041397 -0.06751197375731977
v -0.3082303491468531 0.1504942244590769 -0.07977587313401842
v -0.31986331110938376 0.15233412891895234 -0.09194533966578244
v -0.3313322192951165 0.15395922000175258 -0.10427737235066276
v -0.3422904264783003 0.15450295505445727 -0.11718087930406008
v -0.3531713470820093 0.15499600022649357 -0.13015158643257715
v -0.3639200989468382 0.1573484387163786 -0.1429644122932627
v -0.37559208738457006 0.15840407019741412 -0.15483671308171848
v -0.39058927572214974 0.16401326468239488 -0.1568858097529559
v 0.02060677240672547 0.2587369648382998 0.3732320597539994
v 0.028907574386356397 0.2470756986137645 0.37378262280536345
v 0.034050127778023555 0.23357017720719941 0.3738878275720521
v 0.03710931439126938 0.21940779979842343 0.3740321843665253
v 0.03894295101366438 0.2050330704526068 0.3739337598529831
v 0.03947744173944394 0.19057948959703772 0.37308119871108014
v 0.03929244419201749 0.17615718770467245 0.3717261606200633
v 0.03893616955319763 0.16174320597716044 0.37025290808632183
v 0.03879158697369908 0.1473085831333879 0.36895073629040226
v 0.0382994494728132 0.13290082865200986 0.3674940973771345
v 0.03750247860070157 0.11851663986624976 0.3659019784886822
v 0.03675430648691103 0.10409148882390315 0.3647299091064349
v 0.03602138260714654 0.08965353823304002 0.3636890933337775
v 0.03539067027015136 0.07518353275620429 0.36324002453759907
v 0.03478663090176086 0.060705162285121926 0.3629453771315875
v 0.03405425062048545 0.046232386853951896 0.3630014014983062
v 0.03325364448393647 0.03176258573841284 0.36324384250393654
v 0.03273074428130385 0.017319187918945145 0.3641714822289215
v 0.032374884970321094 0.002891671755501217 0.36551127088938024
v 0.032181315176433634 -0.011513250217680734 0.36708743778378433
v 0.03208847368513472 -0.025904148645323758 0.3688103176557137
v 0.03202364387571619 -0.040285531128766865 0.37061108110322216
v 0.031974061223674445 -0.05466173394826024 0.3724542376900997
v 0.03235556739784976 -0.06899541305464484 0.3745478500440463
v 0.03289509126578447 -0.08331350488836801 0.37673326817047903
v 0.03330119908681284 -0.09763381218794233 0.37893261997810535
v 0.03370404130360366 -0.11195398847251468 0.381133655962625
v 0.03417554001756859 -0.12627156877561996 0.38333807774105344
v 0.03450255572719157 -0.14053854081134826 0.3858489902432204
v 0.03485327178909697 -0.15468381413266769 0.38891681185887966
v 0.03598652930174751 -0.16849857760611953 0.39315241181487026
v 0.03711601727436814 -0.1823856798089929 0.397145849115868
v 0.03851717481555348 -0.19610811276332715 0.4015799589819716
v 0.03890796895964996 -0.19471553668410072 0.40004334100221933
v 0.039470544239982884 -0.18040205104949106 0.39785645385176277
v 0.040020527313115874 -0.16608344391266006 0.3957136168860036
v 0.041031823055361044 -0.15175761084499378 0.3937626274908968
v 0.04186356859391836 -0.13739895838299276 0.39197036886421804
v 0.04290399192002269 -0.12300818861957388 0.3905943260110423
v 0.04378977103418409 -0.10860382127049012 0.3892574209825175
v 0.044572032605166075 -0.09419105472719265 0.3879401816142509
v 0.04497355036751239 -0.07974298195732057 0.386862265512113
v 0.04537326991149053 -0.06529258798704836 0.38581421589020154
v 0.04580626773504876 -0.05083571160969513 0.3848728708710595
v 0.04617060085846698 -0.0363766004621288 0.38394075447983556
v 0.04642893773890115 -0.02191403954712673 0.38302288412602575
v 0.046580213543502676 -0.007445331520002961 0.3821939031571205
v 0.04661402534836406 0.007030120922596458 0.38146244878790714
v 0.046595234153121695 0.02151189974370617 0.3809036111150929
v 0.04651138758014832 0.03600150254715211 0.3805582526043934
v 0.046352952256328066 0.05049139434448432 0.3802773254305967
v 0.04608775039572069 0.06498169980843523 0.38008862544419175
v 0.04576353964459809 0.07947111137488269 0.3799755195648278
v 0.045349897563855636 0.09395916818882485 0.37997698085398796
v 0.0446728495065888 0.10843378363942846 0.3798945469458601
v 0.04366840752267008 0.12289169248078526 0.3797078375826734
v 0.04245243136310781 0.13732879434830159 0.37936897483108584
v 0.041076850725334985 0.15175019716296803 0.3789153109506036
v 0.0394811587540877 0.16613137368082254 0.3780994644934871
v 0.037757306489431694 0.18047020988118434 0.376990844654547
v 0.03561378946613685 0.1946246735907276 0.3747255888154831
v 0.034468895487426085 0.20885139236772976 0.37224067630797675
v 0.032867280743081796 0.22304560287110237 0.369796151085265
v 0.03162032669994537 0.2372051082918119 0.36706932542133897
v 0.030533385620480292 0.22931693631532518 0.3642085814518725
v 0.031874569385622845 0.21493615810304167 0.36307107552185575
v 0.03365904667526439 0.20055247075824667 0.36306263038863723
v 0.035416743302737294 0.1861663158432324 0.3632056512246945
v 0.03693232220840654 0.1717666440033314 0.36373997466224606
v 0.03826761058523784 0.1573570401310209 0.36454833482401855
v 0.039345585330186506 0.1429344343105619 0.3654977051138742
v 0.04038485031770717 0.12850415894547285 0.3663465321081221
v 0.04128652653857703 0.11404662318774629 0.3668379911167036
v 0.04209334205934973 0.09958412969677288 0.36732447579053756
v 0.04265319395973463 0.08510872907196687 0.3677980101096196
v 0.04316985636244783 0.07063315728088242 0.3682990850111864
v 0.04344459436571561 0.056156626708118426 0.3689544274832782
v 0.043719332368983385 0.041680096135354026 0.36960976995537004
v 0.04378438008380493 0.02720189038047597 0.3702718505642601
v 0.04378336301608974 0.012723156844636657 0.37093605408282604
v 0.04373219059940489 -0.0017550779689458906 0.37159826958368425
v 0.04339317773281822 -0.016230450626412065 0.37224907589443296
v 0.04305416486623156 -0.03070582328387824 0.3728998822051817
v 0.04268765433028521 -0.04516556773030729 0.37378905985749167
v 0.042289891759669344 -0.05960755018437372 0.37494915463129247
v 0.04189212918905348 -0.07404953263843994 0.37610924940509316
v 0.04114408515475822 -0.08846505119564319 0.3773810958698256
v 0.04016261556791364 -0.10286293436419905 0.37872741301859025
v 0.039181145981068956 -0.11726081753275491 0.38007373016735485
v 0.038205719550634246 -0.13162573942679678 0.38173536637840777
v 0.03723097945053293 -0.1459869178594768 0.3834328138480882
v 0.036207766729636416 -0.16034637282585198 0.38511360531538646
v 0.035020133553965375 -0.17469998174741008 0.3867378991672992
v 0.033832500378294335 -0.18905359066896818 0.38836219301921204
v 0.032469652975327445 -0.20330197059905372 0.3906230622273374
v 0.031071653511066347 -0.21752923913872727 0.39301164330159016
v 0.029852912905391434 -0.231359050351507 0.3971714108169768
v 0.029113476444493254 -0.24505941116031812 0.40179112032031455
v 0.02877562501798424 -0.2587328066529181 0.4065543192427039
v 0.028150995902431437 -0.2712561363849699 0.4118324664605938
v 0.035152705635539405 0.09313726985268943 0.3068529664744495
v 0.03573552667706683 0.08002977719749221 0.30580836437404874
v 0.03567390486675436 0.0668424185436296 0.30673605323749065
v 0.035333179807055054 0.053690942608100305 0.30799231906864494
v 0.03437342065010495 0.040552653998824684 0.3091758957269601
v 0.03318256215382684 0.02741907824926501 0.31018468191604465
v 0.031714095183993596 0.014304346048163519 0.3110301821464217
v 0.0297851914663033 0.0012352393557310717 0.3116893411668519
v 0.02782407610287259 -0.011839168467491222 0.31208992553478493
v 0.02577262792757675 -0.0249008448544954 0.312440664208335
v 0.02352083049741166 -0.0379308468225936 0.3127649587494163
v 0.021320192954938057 -0.050961931186807814 0.3132786668611185
v 0.019173841790533674 -0.0639941640946843 0.3139933640126746
v 0.016920066077749357 -0.07698841380377258 0.3149770480225484
v 0.014591962370943559 -0.08995638260207256 0.3161468464159447
v 0.012127141976578883 -0.10289017668736662 0.31740192859714716
v 0.009545876476421666 -0.11579486329395818 0.31872964916559254
v 0.007036558912391676 -0.12870411139996782 0.3201432698268257
v 0.004601758535836178 -0.14161808389594022 0.3216458580618753
v 0.0022893347153913053 -0.15451982928832278 0.32339075759149827
v 0.00015871402114985594 -0.16740341004421216 0.32549563579896473
v -0.0018644459031214602 -0.18021270322184185 0.32805125587248646
v -0.003763499818499088 -0.19293620197560243 0.33112743590526494
v -0.005318242586400615 -0.20548805328247832 0.3349602283898146
v -0.006776164175878128 -0.2179759950906613 0.33906666623964427
v -0.00846518000201099 -0.2305016569197416 0.34296688818039545
v -0.010791715588426416 -0.2429677887377161 0.3467198740664256
v -0.013632349258994512 -0.25542889352599835 0.3501118617616709
v -0.016259321264781666 -0.26817402473209656 0.35234919047038515
v -0.013400190871472912 -0.2647784411643173 0.3537106624599333
v -0.011265276932304641 -0.2522523557619992 0.3500972715465853
v -0.009191363724630846 -0.23991356257108828 0.345809589183599
v -0.007003852543624346 -0.22764470496901065 0.3413777676947998
v -0.004998565305994814 -0.21530824537359614 0.3370547517734769
v -0.003105107513500436 -0.20288574158750022 0.3329301996527412
v -0.0010386307414112744 -0.1903994251344369 0.3290890624339982
v 0.001125884837437119 -0.1777238902323893 0.3259902889410792
v 0.0031996998654660615 -0.1649122609785127 0.3234672970981259
v 0.005232925399266808 -0.15203392032775068 0.32123951732571165
v 0.007260069703714039 -0.13912824683815642 0.3191680473999228
v 0.009343665865664411 -0.12626580692861974 0.3168965871409
v 0.01139215774897107 -0.11340055743514817 0.3146083909539421
v 0.013333231511402893 -0.10050282122085834 0.3124089948777639
v 0.015228577391522927 -0.08756095432231371 0.31044375285183884
v 0.017152971101122422 -0.07458501382963008 0.30878146124982087
v 0.019137654742234736 -0.061566145781696065 0.307545817490601
v 0.021230611311570828 -0.0485394649688963 0.30660765770209386
v 0.023001498004747514 -0.03548357457516438 0.3054663303930713
v 0.02447780943220422 -0.02238499844435022 0.30439851908954557
v 0.02553038593797381 -0.00922733866268962 0.3036207309724165
v 0.0259972094424866 0.003968752458692235 0.30289127632584084
v 0.025664279555768783 0.01710601329642161 0.30156584673448733
v 0.022558430815095162 0.029513050351120403 0.29867406292897203
v 0.013391641654378578 0.03329231617380518 0.29915178417672633
v 0.007550905787537488 0.02185894970590281 0.3018341001274972
v 0.0038606008582001018 0.00935104735507484 0.30399083682686256
v 0.0014519743302445908 -0.003371401696943299 0.30658987825095885
v -0.0005150273151204538 -0.016149260392010784 0.30937384279507774
v -0.0026551714574067644 -0.02881700854173971 0.31250026374786555
v -0.004623468773180973 -0.04137749508452528 0.316149400008175
v -0.006422013017499904 -0.053993070640395074 0.31969470703294595
v -0.008118865145003052 -0.06667592054227522 0.32303988248013216
v -0.009869340393561863 -0.07938740675590053 0.3262443280686466
v -0.01197354423170617 -0.09206408605444014 0.3293797447991685
v -0.013479395295055548 -0.10491155624630812 0.3321311962713746
v -0.014879798905980266 -0.11783950852512672 0.3345317839987093
v -0.016300509134115074 -0.13083039095234184 0.33656215177955506
v -0.018172121650204452 -0.1438295117619464 0.338135884498743
v -0.01969226538041684 -0.15692961462053023 0.33908460725692774
v -0.021330447024733416 -0.17002258774111922 0.33997250640751975
v -0.02321356389655516 -0.18307160927681276 0.3410331388591076
v -0.024871517893785496 -0.19613224347748714 0.3422624352167045
v -0.02614856988473971 -0.20923923165343072 0.34349750040943133
v -0.028972031896623576 -0.22211456658161616 0.34368141223753373
v -0.03426062787922769 -0.23028445923073618 0.33566596496831375
v -0.02792688186849923 -0.23061279777315738 0.3356124928061724
v -0.01842853573741139 -0.23062954801730812 0.34478563255225364
v -0.009410825955426185 -0.23138291958209964 0.3544231601864208
v -0.0010497312525192858 -0.23228960297562223 0.36463199491686776
v 0.0071834239031079525 -0.23224198802485727 0.374982418218843
v 0.015273052260641493 -0.2321687477370183 0.3854470506538038
v 0.02320614915562053 -0.23206828501388632 0.39603062766321284
v 0.031094486711425163 -0.2316042143858431 0.40663759431347235
v 0.03867531551625953 -0.2317297675352112 0.41747497099248077
v 0.046146779755909494 -0.23320173638707883 0.4281837245438626
v 0.05182711077808762 -0.240151771158825 0.43482707753469013
v 0.04771820258780048 -0.24680019195417416 0.4249008581565421
v 0.041408674194545636 -0.24962251976218305 0.41366166080855177
v 0.034268852700982635 -0.25071962449370455 0.40258324766633385
v 0.026719635412428843 -0.25191726760147537 0.3917882636820418
v 0.0192378597554098 -0.2530089642770533 0.3809354367531661
v 0.011465714839216158 -0.2539186905741441 0.37028085261536614
v 0.0032316192077274037 -0.2544763693180171 0.35995204759983074
v -0.005396900718977601 -0.2543116674816056 0.34992864904293586
v -0.014627856659776783 -0.2538259166983249 0.3404801136524145
v -0.018831759027772847 -0.2551479986049554 0.33776143192074226
v -0.01090977243000505 -0.26102440341897454 0.34649809083273847
v -0.002611307406248188 -0.26589783581835263 0.3555645050713066
v 0.006230518249334761 -0.27033529614365626 0.3643398635588054
v 0.015741242015238105 -0.2738509308097858 0.3725899071566611
v 0.026014567572795366 -0.24857684817180134 0.32871408687646014
v 0.02761876080709164 -0.24797992509265507 0.3263271216958634
v 0.029018654480868673 -0.24863484668960636 0.32384654974833754
v 0.030283871636933885 -0.24835961075459342 0.32125959923676717
v 0.03181368853807008 -0.24718172178188524 0.31910649768540333
v 0.03348692984251245 -0.24628068054570804 0.31691261351392347
v 0.035168454799622766 -0.24577716386950108 0.3145581649958078
v 0.036919647709339976 -0.2453306100921033 0.3122488285290305
v 0.03888919107366206 -0.24493372274727043 0.3101062284169408
v 0.04097133128841434 -0.24483834892985837 0.308039024149447
v 0.042958055421704784 -0.24460731296133775 0.30589919679001626
v 0.044828942625497935 -0.24419789012905305 0.303672201081927
v 0.04706927433007371 -0.24418457467322155 0.3017870161745425
v 0.049429461184323245 -0.24399256721685683 0.30010641339567135
v 0.0519554511973463 -0.24326165096411503 0.2987977913133471
v 0.05458280438459637 -0.24230551431648886 0.2980456803235228
v 0.05727701315635926 -0.2412008302179856 0.29766062447636454
v 0.059922295692576066 -0.23996596302774303 0.29734535361359515
v 0.06254115282902567 -0.2386808242606603 0.2970176089292598
v 0.06505631990888447 -0.23725629411983482 0.29649606860767874
v 0.06722290117500261 -0.2356305320849021 0.29550659321409234
v 0.06908186541355624 -0.23401968575137308 0.29395121037203015
v 0.07070418751960415 -0.23302403796759955 0.29178424399998476
v 0.07185231290062698 -0.23262111093371926 0.2891126420418758
v 0.07007021942705081 -0.23253537330098598 0.2897818795975075
v 0.06784654900607899 -0.23355281990759036 0.29119260229850347
v 0.06683774703877798 -0.23518171838482227 0.2933444798864051
v 0.06665326257105181 -0.23662482088461267 0.2958921862139241
v 0.06665338156487302 -0.2381068200362508 0.2984281346300291
v 0.06730797238781795 -0.23928311021141094 0.301032131262905
v 0.06800563519915516 -0.2404379876636206 0.30364104085384547
v 0.06876200438358554 -0.2413056567521684 0.3063433383723255
v 0.06951837356801602 -0.24217332584071638 0.3090456358908056
v 0.07066185763218447 -0.24268467669913027 0.3117002060890873
v 0.07182139980358805 -0.243181246941637 0.31435279648636955
v 0.0729601876637067 -0.24362863367516396 0.31702085006729896
v 0.07401933257827431 -0.24388728277852234 0.3197482423309894
v 0.07507847749284192 -0.2441459318818807 0.3224756345946798
v 0.07621412676724248 -0.24427581990044583 0.32517511428885876
v 0.07746050460021929 -0.24421934560775174 0.3278341947352706
v 0.078706882433196 -0.24416287131505784 0.3304932751816824
v 0.07994067858742245 -0.24410620415937276 0.333158053814976
v 0.08111865081909869 -0.24404868128571175 0.3358481148568794
v 0.08229662305077483 -0.24399115841205052 0.3385381758987827
v 0.08347786673930063 -0.2439346985361841 0.34122676992011314
v 0.08472781395689293 -0.24390056256775214 0.34388455519316535
v 0.08597776117448533 -0.24386642659932015 0.3465423404662175
v 0.08722770839207764 -0.24383229063088838 0.34920012573926973
v 0.08855199305026865 -0.24373778264430754 0.3518201562231685
v 0.08987722140288298 -0.24364250825069989 0.3544397074198643
v 0.09120244975549742 -0.24354723385709207 0.35705925861656007
v 0.09245010299452991 -0.2433535613994557 0.35971113656009773
v 0.09369427421900241 -0.24315547227420786 0.3623644655128312
v 0.09493808376958295 -0.24296957057006885 0.3650183060451956
v 0.09617493635545957 -0.24301809955159112 0.3676819870485298
v 0.09741178894133608 -0.2430666285331134 0.37034566805186403
v 0.09863792548765075 -0.24302584652874556 0.3730118470220444
v 0.0998458371279192 -0.242833172184177 0.3756822743165068
v 0.10102619267604153 -0.24256926231831716 0.37835352290726787
v 0.10207005884401087 -0.24195251243093352 0.38102883949947564
v 0.10308845022275719 -0.24131638193066354 0.3837090970049336
v 0.10406330899911219 -0.24064713286334674 0.3863977977917115
v 0.10467726964343588 -0.2393914332107472 0.38893145821360503
v 0.10495831182739282 -0.23774161457519033 0.39132751908196806
v 0.10446586996267519 -0.2358179921015647 0.39304814616731254
v 0.10212349399121179 -0.23437515755694555 0.3925629470626395
v 0.09952634420971905 -0.23364692460437148 0.3914401864047163
v 0.09712311531075277 -0.23233176321731386 0.3904005435014537
v 0.09473039583116448 -0.2316235422387759 0.38892549589770026
v 0.09236356673729738 -0.23152837907055993 0.3872345007849041
v 0.08998196801351767 -0.2318313571464789 0.38554785248410295
v 0.08748273516799611 -0.23180152725240274 0.384139156816185
v 0.08494404893749996 -0.23075095644002597 0.3832323956271661
v 0.08232410264547442 -0.22977726968273235 0.3837014000079488
v 0.080464014767706 -0.22801692613442628 0.3849330132002811
v 0.07801872888489135 -0.22805836739190477 0.38613803258608054
v 0.0760232163416565 -0.22995530479719967 0.38709075351256644
v 0.07429153652843172 -0.2311402348072734 0.3889958520001348
v 0.07311917032714484 -0.23149722813263832 0.3916302584319189
v 0.07197575675219954 -0.23172986799253745 0.39431365935820223
v 0.07045427812626799 -0.2319856445692051 0.39681306668843525
v 0.06844407267968693 -0.23296098865634504 0.39867255352163705
v 0.066405908575719 -0.2343765214636105 0.40019021994136467
v 0.06441277843174219 -0.23611296103815818 0.40147067521269447
v 0.062453637717666634 -0.2378122101274818 0.4028492848877482
v 0.06056203266080664 -0.2395468793652341 0.4042669898733259
v 0.05896698143593901 -0.24146020106558316 0.4058233855588066
v 0.057456438063647655 -0.24331251835595363 0.4075146944821602
v 0.05610293111091015 -0.245051474416238 0.4094567054548512
v 0.05484540534713581 -0.24681000229856673 0.41144353025229313
v 0.053638267876093756 -0.24857880501400736 0.41345388145261036
v 0.05262069385741131 -0.25049746692077973 0.4154305242472376
v 0.05150235886459015 -0.25247020711159623 0.417285897008552
v 0.05015318411702018 -0.2545105643061092 0.4188975349855347
v 0.0484147895972669 -0.25657006736048926 0.42001657225793426
v 0.04626575507393214 -0.25850940952871143 0.4201504025317149
v 0.04362906952174829 -0.2583163817774609 0.41990288771453194
v 0.0422879584037534 -0.2565305843556275 0.4180073371429737
v 0.04120682175105963 -0.2548984374607467 0.4158279521470385
v 0.0401943550321677 -0.2533133630331396 0.4135718922917061
v 0.07395998887019443 -0.2588848994987778 0.30326742831056636
v 0.07176966783612852 -0.26663186913534326 0.30483755713282484
v 0.06610286831017835 -0.27213867202338904 0.303308209873185
v 0.06408355054973461 -0.2656987097818791 0.3036621423081804
v 0.06434729606511179 -0.257478190033315 0.30279216068953907
v 0.06525425025590921 -0.24941050945585067 0.30115673330939713
v 0.06628043645918719 -0.24130252914506026 0.2998014972021848
v 0.06772856528537183 -0.23319720817535228 0.29891578480936587
v 0.06913661014134924 -0.2250548849767161 0.29836007346092613
v 0.07043166298641185 -0.21687858979324198 0.29800679345763137
v 0.07149703212194948 -0.20866355577302106 0.29789160016712485
v 0.07251826741755445 -0.2004414746312704 0.2978095334941871
v 0.0734367731553866 -0.1922096045800086 0.2975940474662294
v 0.07432261098962913 -0.1839775843987179 0.2973475013885962
v 0.07453125094215471 -0.17574245205758357 0.2964570878589666
v 0.07473989089468029 -0.16750731971644928 0.2955666743293369
v 0.07472251206502381 -0.1593295229159478 0.29424343919116597
v 0.07468067317591723 -0.1511579310454924 0.2928733635109214
v 0.07463782705026262 -0.14297666081881683 0.29156315260487653
v 0.07459440573260605 -0.13478986367485277 0.290287128047005
v 0.07447078459426384 -0.12661201154294832 0.28896481453866585
v 0.07422937654820777 -0.11844729666373231 0.28757451793148303
v 0.07397971348058223 -0.11028234743630494 0.2861875938014527
v 0.07357594591318377 -0.1021130234033569 0.2848636269756786
v 0.07317217834578521 -0.09394369937040906 0.2835396601499044
v 0.0726966211476172 -0.08580170559459313 0.28208163063619945
v 0.07219188259077848 -0.07767082113954395 0.28056910674302854
v 0.07169753311857542 -0.06952244561610664 0.27915461144598264
v 0.07121621166565592 -0.061352136112512154 0.2778630450195182
v 0.0707185864640091 -0.05317895660160072 0.2766024857402325
v 0.0700062901144152 -0.044967987759184806 0.27575019697533854
v 0.06929399376482119 -0.03675701891676889 0.27489790821044463
v 0.06854121472870849 -0.028553629627293717 0.27400938081476306
v 0.0677612836985284 -0.020355323991947623 0.27309654794005417
v 0.06687825406314542 -0.012174028329121074 0.27215219648525163
v 0.06557431785318103 -0.004062176954632348 0.27107916843432256
v 0.06427038164321665 0.004049674419856587 0.27000614038339343
v 0.06315494553433172 0.012153608537219003 0.2686943150145372
v 0.06206991531381093 0.020256265566479113 0.26734397059689025
v 0.06098007155937052 0.028385881997223167 0.26617862937052006
v 0.05988784297712664 0.03652885525297294 0.26510494653103367
v 0.058734953815662815 0.04467765104628032 0.264150601445758
v 0.057545000542028844 0.052830004457861415 0.26326917270854694
v 0.056386940627195674 0.06101411484880163 0.2627394805295145
v 0.05524718093661647 0.06921229440897331 0.2623604208014359
v 0.054214236839382 0.07742814305803361 0.262066092706861
v 0.05315497821798028 0.08564284408032903 0.2620820923178986
v 0.0521753668547537 0.09381117923797662 0.2628990310556632
v 0.05107268639143903 0.10161424759429545 0.26520636581902696
v 0.04891783868378105 0.10892369367635739 0.26825741871722747
v 0.04426436240981573 0.10575665820774656 0.26799566365160643
v 0.042890234448762644 0.09764170287971549 0.2672958911322143
v 0.04289489558326871 0.08936809402192189 0.2668473977637064
v 0.04327597191887954 0.08110660549686904 0.26682464557144836
v 0.04395511563778454 0.07285471455409827 0.2671390199298526
v 0.043989389945747526 0.0646411617754037 0.26817787098149287
v 0.043999991082310425 0.05643418988948834 0.2693114405489335
v 0.04427508597197224 0.04823767957321701 0.27049267422457707
v 0.04457439592980357 0.04003107783644063 0.2715893501916827
v 0.0449144078051482 0.03180751392709851 0.27254389726392336
v 0.04525441968049294 0.023583950017756396 0.27349844433616405
v 0.045280672579631295 0.015330862952457114 0.2741323197158193
v 0.04509298185910573 0.007057644858794684 0.27454753788456393
v 0.04490529113858016 -0.0012155732348681607 0.2749627560533085
v 0.044840147240819576 -0.009482154322285517 0.2755179343837901
v 0.044792481349834386 -0.0177477888193508 0.2760930742652928
v 0.0447468304243203 -0.026013115284343566 0.2766714920341541
v 0.044903881382534955 -0.034247454279713936 0.27757965934549095
v 0.045060932340749704 -0.042481793275084306 0.27848782665682786
v 0.04521798329896435 -0.05071613227045468 0.2793959939681647
v 0.045195025512529505 -0.058915769243847164 0.28057896570793633
v 0.04513944611034907 -0.06710911743372128 0.2818117381642621
v 0.04508386670816864 -0.07530246562359519 0.2830445106205878
v 0.045123562970720905 -0.0834630458063241 0.28447360403049465
v 0.04519225466943466 -0.09161365363502118 0.2859624441941263
v 0.04526094636814841 -0.09976426146371827 0.2874512843577579
v 0.045316322384441554 -0.10788376124995581 0.28909676989576455
v 0.04536298523854918 -0.11598290538256184 0.2908447568685002
v 0.04540964809265691 -0.12408204951516788 0.2925927438412359
v 0.04538303831716921 -0.13217717375253696 0.2943577957755556
v 0.04527098979298098 -0.14026761063501164 0.296142746121771
v 0.045158941268792635 -0.14835804751748632 0.2979276964679864
v 0.04493424790473216 -0.15645526683863323 0.2996647698058362
v 0.044552885939989205 -0.1645619193053834 0.30133525488350454
v 0.04417152397524624 -0.17266857177213374 0.3030057399611729
v 0.04361770699976153 -0.1807757876295479 0.30461320983741513
v 0.042878963361310335 -0.18888360762107761 0.3061531073603476
v 0.04214021972285914 -0.19699142761260716 0.30769300488328005
v 0.04157253117866715 -0.20507584190838601 0.3094121484721124
v 0.0410553611343799 -0.2131533436907218 0.3111842296387602
v 0.04048418368770505 -0.22121761881754384 0.3129941553108697
v 0.03968422885637696 -0.2292258653349096 0.31496439172929014
v 0.03888427402504876 -0.23723411185227516 0.3169346281477105
v 0.03762448215265604 -0.24523799572621904 0.3186596396297844
v 0.036299842435690795 -0.25324170205963925 0.32033908410485246
v 0.03449125620905219 -0.26125408693878677 0.32142742043556677
v 0.03242935055318817 -0.26919039094209024 0.32258230705640956
v 0.030040471693353152 -0.27702896250452663 0.3238019361392672
v 0.027312154108945157 -0.284769365683349 0.32494044979637443
v 0.024328422953924695 -0.2924735350927335 0.32555189572712057
v 0.12177808392109074 -0.22678666837367573 0.38091665330030033
v 0.12146298046248455 -0.2347400882005556 0.38035730322835803
v 0.12008235639348762 -0.2424295842449117 0.38194550656963155
v 0.11685830553897023 -0.24943429956696989 0.38278940487450247
v 0.11554314207971386 -0.24550182538575308 0.3852853210798915
v 0.11576737639204848 -0.23749921301921673 0.385680388713958
v 0.11616527468158284 -0.22952407908001665 0.3850372263466514
v 0.11608629658990634 -0.22158703449436307 0.38391007156240337
v 0.11599195250242557 -0.2137112633464398 0.38241346710690505
v 0.11600704564579015 -0.20581626021821275 0.381022000402444
v 0.11614148197343073 -0.1979139475385425 0.37967837449191216
v 0.11635999035805196 -0.1900117434200128 0.3783427394248133
v 0.11662945132527598 -0.1820594930428623 0.37737577732096206
v 0.11691047681828044 -0.17409623217353337 0.3764905239011176
v 0.117241331593236 -0.16611783364260704 0.37577485017858653
v 0.11757218636819149 -0.15813943511168052 0.3750591764560554
v 0.11772636727489864 -0.15017011411902412 0.3742001850411213
v 0.11786425029705655 -0.14220163051489704 0.37332797279603375
v 0.11794304220977085 -0.134246295182403 0.37234111815075666
v 0.11799002930636723 -0.1262980366904944 0.3712925591223382
v 0.11798942366369009 -0.11835246338038907 0.3702258666163899
v 0.11786936726985077 -0.11041362948029243 0.36911366175823823
v 0.11774931087601136 -0.10247479558019577 0.3680014569000866
v 0.11765100528089363 -0.09452375952324908 0.3669789897184327
v 0.11755876587838135 -0.08656932034375034 0.365981549940902
v 0.1174232805955166 -0.07861793525761052 0.3649668832255303
v 0.11720697318096494 -0.0706722579599039 0.36392002112351374
v 0.11699066576641327 -0.06272658066219708 0.36287315902149714
v 0.11675142093424225 -0.05476796782101805 0.3619373390338229
v 0.11650516412358466 -0.04680540057860489 0.3610354646685279
v 0.11630253013043913 -0.038840460169595574 0.3601460019049997
v 0.11618484403839727 -0.030870898428613337 0.35928070859176287
v 0.11606715794635551 -0.022901336687630888 0.35841541527852605
v 0.1157107623451262 -0.014931771356502328 0.3576210673864396
v 0.1153369725826655 -0.006962205763768725 0.3568318891086611
v 0.11492306796940546 0.0010083635799752588 0.35607520193046527
v 0.11446960798299018 0.008979922675518642 0.35535055270187194
v 0.11400352323246925 0.016950849363755238 0.3546278563832193
v 0.11343714593509767 0.024916752137174952 0.35392067420091694
v 0.11287076863772609 0.032882654910594875 0.3532134920186146
v 0.11212285494926391 0.04083247362792035 0.35249827076088436
v 0.111342413496006 0.04877941039749716 0.3517816090583312
v 0.11031028931926766 0.056698953042238 0.3511090771002852
v 0.10912663575102569 0.06460200263966186 0.35046311412258035
v 0.10808216810408154 0.07251636404745308 0.349736492368835
v 0.10714735440473677 0.08043963716592399 0.34894632573124695
v 0.10613584668056986 0.08836271240328117 0.3482622472291504
v 0.10507840146756453 0.09628566911561012 0.34764171243272496
v 0.10412632785282905 0.10419779237951551 0.3467693476105045
v 0.1031706758130546 0.11208581542406491 0.3457086570748266
v 0.10244764083317928 0.12000940173839512 0.34482675429748505
v 0.1025026248756623 0.12795710557308468 0.34542923284963295
v 0.10244005978158409 0.1261586557033997 0.34698202645691956
v 0.10260260754520396 0.11816739804001947 0.346949064538212
v 0.10239244371543603 0.11016437054732679 0.3471512356693993
v 0.1026431473729649 0.10215903453991554 0.3474924740947449
v 0.10316693635777063 0.09417569019300846 0.3480105040317411
v 0.10359479585007339 0.08619201300055912 0.34857637729268476
v 0.10373783546834017 0.07820734757161543 0.34928429998123023
v 0.10384003121312269 0.07023162289218454 0.3500846440150279
v 0.10388936272571267 0.062267470226324326 0.3510046090112411
v 0.10397122125368398 0.05430184042748744 0.3519069177586717
v 0.10415685112613812 0.04633149811281894 0.3527528975545151
v 0.10434248099859236 0.03836115579815003 0.35359887735035855
v 0.10442303820935112 0.030378479874265493 0.3543301869728725
v 0.10445145652494205 0.022389683797454766 0.35500459524683736
v 0.10447726007313102 0.014400829566960925 0.355678233907381
v 0.10441508261903804 0.006410018596716083 0.3563259768189889
v 0.10435290516494507 -0.0015807923735287597 0.3569737197305968
v 0.10430837351394301 -0.009568558077525486 0.3576529430697892
v 0.10438180459974443 -0.017535966082918904 0.35854261403635546
v 0.10445523568554585 -0.02550337408831233 0.35943228500292174
v 0.10452654251338382 -0.03346431340664755 0.36037157678346543
v 0.10458718958415798 -0.04139279215110135 0.3615598711952472
v 0.10464783665493205 -0.04932127089555515 0.36274816560702894
v 0.10471371390864356 -0.057246300163136934 0.36395709232393586
v 0.10483093580035939 -0.06513746596104045 0.36536856611243484
v 0.10494815769207523 -0.07302863175894417 0.3667800399009339
v 0.10505316411691512 -0.080917825483371 0.3682019702201727
v 0.10496235340799213 -0.08877540635339741 0.36979152146617317
v 0.10487154269906926 -0.09663298722342384 0.37138107271217363
v 0.1047696161719351 -0.10449025857571047 0.3729709512449687
v 0.10451671092692108 -0.11234332595572932 0.3745652750952108
v 0.10426380568190717 -0.12019639333574816 0.3761595989454528
v 0.10395394108474743 -0.1280523993839188 0.3777220296230798
v 0.10334448335080286 -0.13592386215300384 0.37911670952290094
v 0.1027350256168582 -0.1437953249220889 0.38051138942272206
v 0.10204267831039439 -0.15168392780512266 0.38174153076120715
v 0.10121996146450103 -0.1595994888288895 0.3827128842231497
v 0.10039724461860768 -0.16751504985265633 0.3836842376850923
v 0.09963888705809226 -0.17543545080668102 0.3846680701646279
v 0.09889114964848104 -0.183356650414535 0.3856539618505266
v 0.09786884503394729 -0.19125540082876302 0.38650689579001785
v 0.09651308929443891 -0.19912688757589933 0.3871983577499037
v 0.09507692456482633 -0.20698835791358355 0.3878071996612391
v 0.09339744708398424 -0.21481951920077413 0.3881660382919279
v 0.09147192243108496 -0.22258448509909792 0.38852274993550173
v 0.08898964404664118 -0.2301996645582829 0.3888746486482732
v 0.08693141425664047 -0.2378975376086567 0.3896358846936237
v 0.08511675503077779 -0.24564290928282123 0.3906322412565883
v -0.44611516883527413 0.18705897182931233 -0.15324141551848744
v -0.44489994135656735 0.17512123337889876 -0.15402113600817965
v -0.4449448884126237 0.163073064711691 -0.1547338023555936
v -0.44462571029197134 0.15102518031774315 -0.1546895089835765
v -0.4443733918595285 0.13899445553243603 -0.1537334944520925
v -0.4441331423305657 0.12697088122399786 -0.15268151937336338
v -0.4440066351837888 0.11494190656355116 -0.15169264817155476
v -0.4444804907533524 0.10291932149078731 -0.15070891151021976
v -0.44522743748373794 0.09090860654095985 -0.14977714260418254
v -0.4461558061090432 0.07890577723704487 -0.14887989729316944
v -0.44745807993604075 0.06692920644691747 -0.14810963284042006
v -0.44877849873695147 0.05495454115339591 -0.14733675458385118
v -0.4501096740708489 0.04299228591795946 -0.14640549164342936
v -0.45148707665173377 0.031040423106130886 -0.1454220777718997
v -0.4530829518685772 0.019137675487777995 -0.14419219559154056
v -0.45463980344981797 0.00723419900387565 -0.14292787885855576
v -0.4559115495595501 -0.0046746025491273486 -0.14141198435197552
v -0.4570902367935917 -0.016585765675929932 -0.13985540608346197
v -0.4578471018131321 -0.028507633469884094 -0.1381144142979614
v -0.4586209585368768 -0.04042958450365849 -0.13638222718537776
v -0.4595147847014858 -0.052352123249799175 -0.13471220521374447
v -0.46039542701471153 -0.06427516273018397 -0.1330395784699954
v -0.4610758001452435 -0.07620580860985582 -0.13132738395749877
v -0.461754881315806 -0.08813635675381477 -0.12961416826049005
v -0.4621536530566538 -0.10004569971911974 -0.12767939179150228
v -0.46255242479750147 -0.11195504268442469 -0.12574461532251455
v -0.4626236308412831 -0.12386163680834521 -0.12375428157411604
v -0.46271957524705937 -0.13575922897482365 -0.1217167409878385
v -0.4630153001020313 -0.14759446462898806 -0.11935568771185057
v -0.4631862962830308 -0.1594565161437986 -0.11712919140093207
v -0.4632120482391063 -0.17134979423042432 -0.1150593841774319
v -0.46408674783616644 -0.183056022423689 -0.1122441030295112
v -0.4647148832586991 -0.1947260245278946 -0.1092253176821116
v -0.465297727214349 -0.20631887800813198 -0.10591315367184799
v -0.46597572809303517 -0.21796194345237865 -0.10280104627381172
v -0.4672843724169872 -0.22944585082117216 -0.09933346259050775
v -0.4719809054064102 -0.23967247179785214 -0.0958045630470739
v -0.47398584877594596 -0.24361636583660884 -0.09509280948839967
v -0.4700579375963663 -0.2329603621081212 -0.09913509953543882
v -0.46514059154628035 -0.22235034414919608 -0.10209983896283248
v -0.46037548692195845 -0.21170297578825586 -0.1051599076864456
v -0.4566546406896426 -0.20058558333431875 -0.10803308251197108
v -0.4533456106767008 -0.1893018740878194 -0.11076484199322566
v -0.45018389817581356 -0.17800109413381643 -0.11359870424189696
v -0.44752864262002034 -0.1665534312481293 -0.11635437576415927
v -0.4449701556887419 -0.1550641657101047 -0.11903436493250813
v -0.4425452275527872 -0.14353423181958827 -0.12165759217538508
v -0.44038892231734755 -0.13194284874318638 -0.12425085553633189
v -0.438414074375727 -0.12027731641299624 -0.12664663726390454
v -0.4366376530363513 -0.10859128235767626 -0.12909015234004728
v -0.4350792747330125 -0.09689203188651663 -0.13162665075878496
v -0.433872128892313 -0.08516421155861777 -0.13422163360790695
v -0.43300173452958113 -0.07341114995346124 -0.13681636919459328
v -0.4324617491191614 -0.06163335615756121 -0.1394099801541051
v -0.43206526667957795 -0.049848480146321254 -0.14199715386855752
v -0.43178765340795494 -0.03805100806092403 -0.1445379945469493
v -0.4316719534148434 -0.026235894292478017 -0.1470127731030584
v -0.43174557955137866 -0.014363487361147119 -0.14919133509001314
v -0.4318506391008931 -0.0024726135533335264 -0.15127143573749993
v -0.43190991965989844 0.009438050402746184 -0.1532380060241093
v -0.43216985208758324 0.021377859398027978 -0.1549848659716075
v -0.43257624237310016 0.03333531969073587 -0.15659192824517668
v -0.4333038398721019 0.04527872469706989 -0.15819208682657734
v -0.43417158506438486 0.05721971710095924 -0.15973201960009584
v -0.4351703723783308 0.06915689656833086 -0.16122641722030132
v -0.43593560067950543 0.08105471937293061 -0.16312142827803508
v -0.4367589989211367 0.0929456165771593 -0.16503511811458485
v -0.4373839306940818 0.10484721793521475 -0.16694727162946593
v -0.4372717350096058 0.11674473992245159 -0.16890412662802232
v -0.43593648409292524 0.12854766446299243 -0.17100387336710657
v -0.43398219796782433 0.14003890683104367 -0.17400111197323337
v -0.4294990499083905 0.13314349648188525 -0.17732373772584958
v -0.4283336681531006 0.12114411521355034 -0.17763551788446807
v -0.4284878820089222 0.1090924174186223 -0.17829633815155835
v -0.4292230393226564 0.09704910498469121 -0.1785891867449112
v -0.429507507886008 0.08502640514816255 -0.17779292309564726
v -0.429143730402316 0.07308926304380152 -0.1761177029316388
v -0.4285040411412738 0.061180382370635424 -0.1742564238258974
v -0.42788535068679023 0.04922717527289188 -0.172683880996118
v -0.42718884511000843 0.03732179439756721 -0.17081027729449536
v -0.4264273011333636 0.02544726714344701 -0.16877951720685963
v -0.4255966477172911 0.013611820261580608 -0.16655701320423053
v -0.42466582432550976 0.001890389771824923 -0.16382270088873932
v -0.4239710814821467 -0.009847551832579756 -0.1610957339753841
v -0.42345094567998653 -0.021591893455232932 -0.15835166548843269
v -0.4230383934748467 -0.03331360248798505 -0.1554940149182897
v -0.42265087879468133 -0.044932339651827136 -0.1522475423430582
v -0.4221592638561779 -0.05645405820989064 -0.148688741732076
v -0.42151511349164134 -0.06788514591231451 -0.14486139303032444
v -0.4209370997902131 -0.07934422007524687 -0.1411076817680027
v -0.42112889486260136 -0.09087977622841702 -0.1375617971030246
v -0.4218245175251682 -0.10251190956896235 -0.13442418083296068
v -0.42329325704205056 -0.11414759056411551 -0.13161437816988836
v -0.42596866548405443 -0.12563968945622714 -0.12919647085178254
v -0.42957522182844043 -0.13691940127742408 -0.12686374108457638
v -0.43344636157747546 -0.14813326181124595 -0.12463554046467856
v -0.4368562924088053 -0.1593685437666566 -0.12186452009115414
v -0.44048299637997085 -0.17025808806283912 -0.11820223120187041
v -0.4450498811148722 -0.18095782117276146 -0.1150705238828094
v -0.450353599566722 -0.1915809796257802 -0.11292350198492179
v -0.4661847994841123 -0.2174242014528293 -0.1110465491795407
v -0.46520209609180363 -0.21414199543450335 -0.10936141636947858
v -0.46402302833944126 -0.2107839465903775 -0.10807691774198853
v -0.4625191708728817 -0.20783967912554518 -0.10624673517265851
v -0.46036699242577606 -0.20576816168900508 -0.10415155362728472
v -0.4569729556214739 -0.2056644939585478 -0.10241788814011593
v -0.45379667124348694 -0.20499467813977462 -0.10040642888476364
v -0.45068902094256375 -0.2044298429595441 -0.09824921184529209
v -0.4476261941487724 -0.203990563132207 -0.09599959559924462
v -0.44469419005602373 -0.20374362547390493 -0.09355116680479117
v -0.4419814926653793 -0.20361020834220012 -0.09085935798137938
v -0.4392832126390638 -0.2034244066553572 -0.08815238365681559
v -0.436526567272166 -0.2031848060262405 -0.08550934329672467
v -0.4336101028805358 -0.2031048728969394 -0.08303138528342317
v -0.430690687030416 -0.20314709706425352 -0.0805608842654207
v -0.4277664889882281 -0.2033872503764173 -0.07810246567510437
v -0.4248293405967324 -0.20364658623535892 -0.0756620081672832
v -0.4218544529940532 -0.20396182284004016 -0.07327389187970706
v -0.41887956539137405 -0.20427705944472122 -0.07088577559213093
v -0.41588707356830457 -0.20461471964457584 -0.06852298347592639
v -0.412887057631742 -0.20496196377778703 -0.06617101501082893
v -0.4098884800788871 -0.20531376514098343 -0.06381815115645921
v -0.40696474003132177 -0.20590267411414287 -0.06141870119363727
v -0.40404099998375637 -0.2064915830873025 -0.05901925123081539
v -0.4011503472982336 -0.2072685525889477 -0.05664059044188362
v -0.3982909473669095 -0.20822315515374426 -0.05428156612142415
v -0.39542110893060545 -0.20916102816263285 -0.051929405516346304
v -0.39245090053115245 -0.20993804050103307 -0.049643241992386476
v -0.38948069213169956 -0.21071505283943348 -0.04735707846842665
v -0.3865901862996738 -0.21135512437517612 -0.044933688640878815
v -0.38372670246203977 -0.21194876812670982 -0.042463774234190704
v -0.38085962732629136 -0.21263003645288425 -0.040024896784860306
v -0.37798422771777923 -0.21351441473033317 -0.03765796165219692
v -0.3751088281092671 -0.2143987930077823 -0.035291026519533523
v -0.3721632781054677 -0.21537264752033297 -0.033049597027361516
v -0.36920851577704705 -0.216358252274921 -0.030824649248475208
v -0.3660825643438314 -0.21722339692881035 -0.028793137333941683
v -0.3629330890270889 -0.2183770895738571 -0.02700474133561278
v -0.36146162172350976 -0.22064373160416953 -0.02734846003229312
v -0.36389508593357156 -0.2219827216844785 -0.029964394617516363
v -0.36653483822660726 -0.22295656694564545 -0.03255087720177281
v -0.3693929356613181 -0.2236576142412922 -0.03499878273742109
v -0.37227800281187734 -0.22424933398604915 -0.037435749794930626
v -0.3752470934297246 -0.22450044651241743 -0.03983863830058443
v -0.378216184047572 -0.22475155903878571 -0.04224152680623828
v -0.3812464596399426 -0.2247309958615668 -0.04457656227514903
v -0.3842894302862145 -0.22465406365375487 -0.04689751915751893
v -0.38733373333347404 -0.2245472742113329 -0.04921404868408447
v -0.3903881599645858 -0.22421362947461093 -0.0514969391574328
v -0.39344258659569764 -0.223879984737889 -0.05377982963078108
v -0.3964970132268094 -0.22354634000116705 -0.05606272010412941
v -0.3995394958415088 -0.22311802047201865 -0.05834438504619719
v -0.4025737467618657 -0.22262445204113734 -0.060625205364600664
v -0.40560799768222255 -0.22213088361025624 -0.06290602568300419
v -0.40864224860257947 -0.22163731517937493 -0.06518684600140767
v -0.4116631169357649 -0.22101740093053526 -0.06745432050354953
v -0.41468312429132953 -0.2203893581397073 -0.06972093639375145
v -0.41770313164689415 -0.21976131534887955 -0.07198755228395347
v -0.420724427302984 -0.21915017352008778 -0.07425620289824815
v -0.4237631057809174 -0.21876707352340422 -0.0765523077017745
v -0.42680178425885085 -0.21838397352672043 -0.07884841250530085
v -0.4298404627367843 -0.21800087353003686 -0.0811445173088272
v -0.4327911027237396 -0.21738767266901077 -0.08349242144948738
v -0.4356618941549266 -0.21656577648058145 -0.08588730620299015
v -0.43853268558611364 -0.2157438802921521 -0.08828219095649294
v -0.4414319157234367 -0.21505944437880228 -0.09068054686952627
v -0.44436912557163155 -0.21455858578710998 -0.09308353849399914
v -0.44730633541982634 -0.2140577271954175 -0.09548653011847201
v -0.4501774400950615 -0.21349007566850722 -0.09795361114903761
v -0.45304614018518113 -0.21291999453903085 -0.10042302344091071
v -0.45585124396380095 -0.21223961324536184 -0.10293375589567244
v -0.45859556097888404 -0.21145380461100774 -0.10548398307758995
v -0.4614676286671291 -0.21086918496077553 -0.10793682369544078
v -0.46455645777156934 -0.2107179954340518 -0.11015871764180425
v -0.4679711941764723 -0.21008180464528475 -0.11128736338794304
v -0.4683989520845561 -0.2091328684225549 -0.10839476065180179
v -0.46657272453613385 -0.20913543550208344 -0.10505089903434754
v -0.4643870026145666 -0.20933058693263296 -0.10191769756868455
v -0.4619887194658642 -0.20967357825534022 -0.0989540807480262
v -0.45949746378716044 -0.21006304207710827 -0.09607550918808783
v -0.45696384318395833 -0.21047368208838027 -0.09323569032262045
v -0.45430982119286567 -0.21122785985763048 -0.09058720939027584
v -0.4516377440131387 -0.2120335539684444 -0.08796742117099676
v -0.4490113024885062 -0.2130823789792339 -0.0853933788435361
v -0.44640541670062983 -0.2142407178069455 -0.08283994190692474
v -0.4437935824372326 -0.2153292412706269 -0.08026269204864046
v -0.4411777821944674 -0.21637121729667488 -0.07766956559210537
v -0.4385796549281281 -0.21749112326840261 -0.0750918766286355
v -0.43599085197823984 -0.2186521453179777 -0.07252233253375372
v -0.43353838110109555 -0.21989463107402935 -0.06986173956105654
v -0.43114811331976255 -0.22117428559482682 -0.06715960447756882
v -0.4288555801376195 -0.22254630597547945 -0.06441907832236929
v -0.4265777145134814 -0.2239327163395545 -0.06167316402156091
v -0.4241077601709417 -0.2251611197805202 -0.05901934030840954
v -0.42157398709084426 -0.22614286259239902 -0.05636426320463652
v -0.41882474779574036 -0.2262918244033628 -0.05370495437608308
v -0.4161625183495508 -0.2265269392812131 -0.05097263384400929
v -0.4136891305000661 -0.22694903624114815 -0.048081852553263325
v -0.4111708384056263 -0.22737593060520808 -0.04523156865208533
v -0.40860034237392423 -0.22780840224563034 -0.042428365448654276
v -0.3957374553082058 -0.2283639222105449 -0.04148535446288409
v -0.39554431383880384 -0.2296504336583157 -0.04731589822040077
v -0.39365630951813885 -0.23209166135156425 -0.053038135015000085
v -0.38878683464520103 -0.23135542753287044 -0.05735452065982912
v -0.3837956732401721 -0.2292926963493432 -0.06115576056780048
v -0.3788409166907213 -0.22664686098399422 -0.06464357086051208
v -0.3736474659845843 -0.2245067858100606 -0.06813818508651646
v -0.3686661512420306 -0.22222447293529374 -0.07184659923015245
v -0.36372015709637273 -0.22014076398947352 -0.07571621595985069
v -0.35867876187554076 -0.21850771846102893 -0.07967647346341153
v -0.3533796335011676 -0.2169561322188974 -0.08331619663720016
v -0.34792323250470775 -0.21525760522131168 -0.08664269656760523
v -0.34238124440887757 -0.21325626350999002 -0.0896393452195601
v -0.33674183121363777 -0.21141450269782563 -0.09252967985587446
v -0.3310967739383236 -0.2101786419283903 -0.09574251974443955
v -0.3260517265370868 -0.20876485870115993 -0.09967657526665748
v -0.32332200281565465 -0.20438077277685654 -0.101995069361721
v -0.3297638100634934 -0.20365315816349816 -0.10119928921294243
v -0.3352961952788787 -0.20573251522452862 -0.09826981191626019
v -0.3398011494911268 -0.20934737900431094 -0.09509806955278308
v -0.3435111133463787 -0.21397130804090078 -0.0921833376327057
v -0.3463984380728098 -0.21900761641444405 -0.08905631007976574
v -0.3484611078023145 -0.22395683002167804 -0.08520715547838624
v -0.34574766729581097 -0.22793993798180778 -0.08249198180977584
v -0.3393513583727521 -0.22690165680671398 -0.0816917065183348
v -0.33404573061503917 -0.22376751586532817 -0.08326233723174034
v -0.3326900865187394 -0.2223734543188296 -0.08945653558616898
v -0.33591744851336425 -0.22124744561367346 -0.0949954242664209
v -0.3406972247612673 -0.22041803132152762 -0.09948758305974181
v -0.34579371758680155 -0.21982662945115952 -0.10365916736396656
v -0.35097216912264106 -0.21916098576615473 -0.1077223750493708
v -0.35616605399580126 -0.2185070719827395 -0.11176419272774832
v -0.361519141222448 -0.21791803018381917 -0.11560753031424223
v -0.36667886906563296 -0.21721955436046123 -0.11969017342906123
v -0.3717509464367258 -0.2160086068461457 -0.12375117268632148
v -0.37679791824810455 -0.21440736263361238 -0.12771276961246497
v -0.38184753418530426 -0.2127311691687421 -0.13164201595138397
v -0.38684602944032964 -0.21116814087971172 -0.13567928237270996
v -0.39168561511681144 -0.20919163005531105 -0.13973429162609763
v -0.3965533401197416 -0.20708584424555032 -0.14368293814160113
v -0.4012736915344343 -0.20558906913719202 -0.14806774375023984
v -0.4058222084314076 -0.20346559429630232 -0.15235670597549542
v -0.4035580984148223 -0.20116055041771636 -0.1544353657901055
v -0.397510203246814 -0.20074563203655457 -0.15189724813775715
v -0.39176132113963036 -0.2006419114877653 -0.14867642839313114
v -0.38624718744763015 -0.20072021384733194 -0.14504614025172533
v -0.3810219108587596 -0.20271853242825952 -0.14158549094319067
v -0.3758337237623652 -0.20531736505991802 -0.13841232910335993
v -0.3708909394217238 -0.20855903240722598 -0.13547020418559294
v -0.3660081519720408 -0.2119949866167893 -0.1326204613956443
v -0.3610419596502568 -0.21533537172904238 -0.1297995757511304
v -0.35606898163868117 -0.21855867745468124 -0.12685707088215298
v -0.35102005063423114 -0.2216923975527086 -0.1239487580644764
v -0.3460069033135121 -0.22487081900937406 -0.12102921172589749
v -0.3411163809941141 -0.22840173675337422 -0.1183486192613438
v -0.3361952455320338 -0.23231110343133846 -0.11628682908153182
v -0.3351597471550119 -0.23756348077082118 -0.11767774928348892
v -0.33998562049074643 -0.23846949026558753 -0.12183719721751443
v -0.34530097514613933 -0.23707676449503828 -0.1254720224841182
v -0.3506541553129471 -0.23522889511057948 -0.12885458692806787
v -0.3561816221850776 -0.23434503788989772 -0.13238158621436422
v -0.36180840762342487 -0.23354487045561215 -0.1357694546301154
v -0.36721291158452396 -0.2320480360259952 -0.1392648211295012
v -0.37260145107358966 -0.2302369906216215 -0.14264366213567758
v -0.3779959597028136 -0.22816942396786188 -0.1458626765189995
v -0.38330991762896194 -0.22573391807359808 -0.14896217142369217
v -0.38853379427183926 -0.22287691410759014 -0.15184787339249417
v -0.39396401127267905 -0.22009782193192542 -0.15438141060933358
v -0.3986558062210625 -0.21599459879629204 -0.1565982007484749
v -0.4038228889063787 -0.21270894996448458 -0.15898974976137314
v -0.406014114857188 -0.20913534612324985 -0.16065481942600793
v -0.4057307082244256 -0.2109312043652346 -0.15618668291351182
v -0.4098718180472108 -0.2146807469042191 -0.15271703149285804
v -0.4146987997292374 -0.21705234443969773 -0.14888861720076704
v -0.41991124408515546 -0.21917130739974663 -0.14542829475166327
v -0.42535966561986804 -0.2213882797616388 -0.14240227910841033
v -0.4309859062337856 -0.22372821665909084 -0.13983715892631826
v -0.4366341245998579 -0.22602741764747675 -0.13727377915794373
v -0.4421004228631792 -0.22843375328966556 -0.13444766771354605
v -0.44714622397484205 -0.23049478282692448 -0.13082497689985154
v -0.45160187855473805 -0.23076712485893258 -0.12600149765390725
v -0.4567216366286462 -0.23246619746029584 -0.1222272154559362
v -0.4566018586054663 -0.22845902771782456 -0.12079152442416041
v -0.45181493703161474 -0.2245405473433173 -0.12311281580459944
v -0.4464276800395191 -0.22169364000104433 -0.12557210488356066
v -0.44047233133152575 -0.22012436805081548 -0.12798251777934586
v -0.4346336713557878 -0.2181807330496396 -0.13040431545964576
v -0.42874907990598426 -0.2162002616084634 -0.1326875401832512
v -0.42622010507572816 -0.21374097415667992 -0.13406037024526063
v -0.4325012655583896 -0.21460086875408058 -0.13226321117710632
v -0.43832287929266284 -0.21586143067637267 -0.12942106617094737
v -0.4437589261810767 -0.21792940000556754 -0.12631985265301351
v -0.4489398123753114 -0.2204373298887662 -0.12306424564700105
v -0.4541069881185644 -0.22265225316120546 -0.1195790968484153
v -0.45895071740366283 -0.2247326603087475 -0.1155888096160171
v -0.46320643296356373 -0.22713069344558282 -0.1111313990321951
v -0.46677561289459846 -0.22918237359771682 -0.10600030685810326
v -0.46637133860742536 -0.22984609933433733 -0.09991427877426134
v -0.4620219441482949 -0.2283609108927793 -0.09524731652187561
v -0.4567994491126608 -0.226684039737529 -0.09155507037037097
v -0.37622568397576067 -0.24735305956990594 -0.049958007583693856
v -0.3748250131371073 -0.2452801901149582 -0.053418162182919886
v -0.3726060798919762 -0.23815522406857365 -0.05593567044547638
v -0.37113773670875616 -0.2305535153868498 -0.05749615138609377
v -0.3698930789911745 -0.2229111506554973 -0.059076106233113164
v -0.36875943592299637 -0.21517522426309765 -0.060236807919166344
v -0.36761384309640127 -0.20739364458332726 -0.06101305956962807
v -0.3664511613050222 -0.19961540129210092 -0.06180170394731838
v -0.36526673621820765 -0.19184522622794903 -0.06263743646721605
v -0.36421901649688493 -0.1840780111824338 -0.06365526085233214
v -0.36323841776162663 -0.17630857495156046 -0.064722463907603
v -0.3626471868841683 -0.16850173530239634 -0.06580903323371023
v -0.3620563091934972 -0.16069487382822753 -0.06689562292922634
v -0.36155671384738564 -0.15288237160625215 -0.06798747716878081
v -0.3610571185012741 -0.14506986938427677 -0.06907933140833523
v -0.3604870015688715 -0.13725906018195708 -0.07014817770668921
v -0.35990758464985667 -0.12944847424546246 -0.07121398984832047
v -0.35945472147456903 -0.12160982981733615 -0.07209602680061969
v -0.3591257471667594 -0.11374371773278995 -0.07279815836721991
v -0.3587967728589497 -0.10587760564824375 -0.07350028993382013
v -0.3585277389446877 -0.09800434330130135 -0.07414521347811727
v -0.35826188154995564 -0.09013070202878316 -0.07478710530391278
v -0.35799572218742 -0.08225492021172023 -0.07539850405203058
v -0.3577281592355483 -0.07436918883891035 -0.07586816663445059
v -0.3574605962836766 -0.06648345746610045 -0.0763378292168706
v -0.35720283090444405 -0.05859440643023901 -0.07674325936910274
v -0.3569658728113643 -0.05069830536458108 -0.07701227792180498
v -0.3567289147182846 -0.04280220429892294 -0.07728129647450722
v -0.3565458861557476 -0.03490392077815244 -0.0775173929222373
v -0.35642773723273646 -0.027003011666178682 -0.07771388260384987
v -0.3563095883097254 -0.019102102554204917 -0.07791037228546242
v -0.356336586317342 -0.011200249378223146 -0.07795259190865342
v -0.3564772527726633 -0.0032976568804392653 -0.07787399851849125
v -0.3566179192279846 0.0046049356173446165 -0.07779540512832915
v -0.35680987678761295 0.01250560557314784 -0.07766706569686527
v -0.3570322296173509 0.02040513622451268 -0.07750924660449958
v -0.357254582447089 0.028304666875877318 -0.07735142751213382
v -0.3575414571338021 0.03619822343405197 -0.07706441617423838
v -0.3578407622201564 0.04409062905873947 -0.07675251542184411
v -0.35818916012202456 0.05197794442909667 -0.07640258160734374
v -0.35883285412224164 0.05983464162798418 -0.07582387674496878
v -0.35947654812245877 0.0676913388268717 -0.07524517188259387
v -0.36020111012210676 0.07553835356068725 -0.07463465576883384
v -0.36096345372494254 0.08338084463797875 -0.07400927740937469
v -0.3618518444078952 0.09120301097769119 -0.07332084876552454
v -0.3629110259202096 0.09899763777595257 -0.07254698846905186
v -0.36402373759988105 0.10678471891803056 -0.0717765740571717
v -0.3652574694557759 0.11455474095706238 -0.07101395004799761
v -0.3666311232629496 0.12229027149338942 -0.07017727694711166
v -0.36827956081565955 0.1299580663798361 -0.06919518358451428
v -0.3701831991119256 0.137554890039445 -0.06813341023690478
v -0.3732938649977033 0.14468073076227125 -0.06710230447256808
v -0.37769504051941655 0.14615692180047068 -0.06550933482331792
v -0.3777536038980694 0.13830478822313755 -0.06462949620828684
v -0.37734910683893785 0.1304234755313919 -0.06434287039401301
v -0.37679817157644097 0.12253952113005127 -0.06424020299123792
v -0.3761319252223797 0.114663507089333 -0.06420211382258183
v -0.37547878579920346 0.1067870003724624 -0.0641165132919907
v -0.3748453687902331 0.09890975231017442 -0.06395942090966282
v -0.3742093460109744 0.09103223212837007 -0.06384314926089865
v -0.37356777299768723 0.08315413233791587 -0.06381382488661333
v -0.3729261999844001 0.07527603254746165 -0.06378450051232801
v -0.37235425755502843 0.06739431155288414 -0.06364182452063753
v -0.3718135002194649 0.05951096874811964 -0.06344838231928307
v -0.3712727428839014 0.051627625943355564 -0.06325494011792854
v -0.37078896767516345 0.04374112158835291 -0.06304079775394965
v -0.37030651924464003 0.03585454361946096 -0.06282617340506891
v -0.3698240708141166 0.027967965650569002 -0.06261154905618813
v -0.3693074943190028 0.020081730815930513 -0.06248104180295085
v -0.36878947296930203 0.012195510508312758 -0.062354095752873796
v -0.36827145161960134 0.004309290200694797 -0.06222714970279669
v -0.367722298642278 -0.0035712792531473626 -0.06198631834722173
v -0.3671419749655109 -0.011446190761096759 -0.06163145875413288
v -0.36656165128874363 -0.01932110226904636 -0.061276599161043985
v -0.36597825078398477 -0.027195576072606108 -0.060918225085278076
v -0.36528212920276204 -0.03505401436488476 -0.060431096242707795
v -0.36458600762153937 -0.042912452657163626 -0.05994396740013756
v -0.3638898860403167 -0.05077089094944207 -0.05945683855756733
v -0.3632839981480141 -0.058628673712571196 -0.058866335272583635
v -0.3627566464495498 -0.06648588592644093 -0.05818585854924804
v -0.3622292947510855 -0.07434309814031068 -0.05750538182591246
v -0.36174277411539535 -0.08220281959390052 -0.05683500810472239
v -0.36161517130661625 -0.09008459805032946 -0.05625344293586874
v -0.36148756849783714 -0.0979663765067584 -0.05567187776701514
v -0.36135996568905804 -0.10584815496318735 -0.055090312598161544
v -0.36141663925992007 -0.11373855942316577 -0.054633155857495515
v -0.36149655853385804 -0.12163005201781264 -0.05419169272545923
v -0.3615764778077961 -0.12952154461245932 -0.05375022959342293
v -0.36177365324343685 -0.13740508376067553 -0.053219206840656536
v -0.3620024039516244 -0.14528648116866172 -0.05266406706587031
v -0.36223115465981204 -0.15316787857664813 -0.05210892729108403
v -0.36277489575117383 -0.16102038181952266 -0.05139712861989639
v -0.3633510300035808 -0.1688699136277319 -0.050669219371588456
v -0.3638368767895735 -0.1767219224599918 -0.04990882547356691
v -0.3642380194110373 -0.18457625513919323 -0.04911795574957216
v -0.36429763710553975 -0.19242632453601835 -0.048265746348476385
v -0.3640069166938954 -0.2002720206348617 -0.047350614376842494
v -0.3635673691460436 -0.2080779234806278 -0.04620404284311724
v -0.36306677915718627 -0.21586610946221818 -0.044950944689488875
v -0.362733093435598 -0.22371317309136612 -0.04421635283524738
v -0.31841496400834257 -0.21813952022759506 -0.10474443685806467
v -0.31859383852980594 -0.22618353299649155 -0.10466827422012547
v -0.314336487209243 -0.2229681803295657 -0.10822447438573339
v -0.31202641998799124 -0.21500825659949227 -0.11164712150239009
v -0.3095926613763377 -0.206507405213612 -0.11327293085440564
v -0.30706318811228284 -0.19792496158300735 -0.11414628003552872
v -0.3046012587166549 -0.18932466277157556 -0.11503702557339399
v -0.3022666359765033 -0.18069461538967754 -0.11598714670308499
v -0.30049155555128 -0.17194693780845813 -0.11698236462759466
v -0.2990016891995272 -0.16313930088651213 -0.11800056962601733
v -0.2977629014941374 -0.15430841187524916 -0.11912795016298823
v -0.2966595582160991 -0.1454649795196283 -0.1203142254666533
v -0.29560022415525017 -0.13660550954362527 -0.12141140490497433
v -0.294604791006273 -0.12772275311464504 -0.12237921810133376
v -0.2936093578572958 -0.11883999668566458 -0.12334703129769314
v -0.2928497486149292 -0.10991122706636887 -0.12407450823959448
v -0.2920937239453383 -0.10098175803694245 -0.12479833202008767
v -0.2913931429443749 -0.09204519254921319 -0.12548199129087434
v -0.29081550063914074 -0.08309289164300179 -0.12607659129555981
v -0.29023785833390664 -0.07414059073679038 -0.12667119130024534
v -0.289796824611213 -0.06517709509988509 -0.12719176349037603
v -0.2894748573193628 -0.05620384226761742 -0.12764781390963223
v -0.2891528900275126 -0.047230589435349954 -0.12810386432888846
v -0.2889418880629189 -0.03824989845060569 -0.12845116591229827
v -0.2887903270246839 -0.02926522306204295 -0.12874021387988985
v -0.2886387659864489 -0.020280547673480424 -0.12902926184748142
v -0.28879797652869893 -0.011295658605469435 -0.12916990836364986
v -0.2891079855316041 -0.002310665851877589 -0.1292385447223944
v -0.2894179945345092 0.006674326901714258 -0.12930718108113895
v -0.2898297259085135 0.015654848762561763 -0.12938155269121357
v -0.2903009684983793 0.024632754991662915 -0.12945927962791134
v -0.29077221108824514 0.033610661220763866 -0.12953700656460915
v -0.2913828373267779 0.04257954715527787 -0.12951624580416066
v -0.2920731597591443 0.05154327550385751 -0.1294391721642815
v -0.2927634821915106 0.06050700385243716 -0.12936209852440234
v -0.29357611881346274 0.06945776331486371 -0.1291679010219086
v -0.29445967297916054 0.07840100344078321 -0.12890579531776833
v -0.2953432271448584 0.08734424356670292 -0.128643689613628
v -0.2964506478062437 0.09625774455326051 -0.12828549868598896
v -0.29765369932565067 0.10515854163160121 -0.1278862622578243
v -0.2988567508450577 0.11405933870994212 -0.12748702582965968
v -0.30037617924352666 0.12291175179054005 -0.12709173778860267
v -0.3018980122410167 0.13176379713214906 -0.12669647975696932
v -0.303439982206606 0.14061013174429562 -0.1262574581336375
v -0.305006457508075 0.1494495167827576 -0.12576517916249752
v -0.3066116195230158 0.15827472715621027 -0.12517767729775459
v -0.3083061569505244 0.1670671907176574 -0.12437018813923822
v -0.3100857795552711 0.17585026416630045 -0.12365907131989337
v -0.31194625273489224 0.18462441483846306 -0.12303953048683589
v -0.3144183318377271 0.19322798654951798 -0.12220954894596628
v -0.31752220885571447 0.20161131556063114 -0.12136449296050839
v -0.32256565823294386 0.20037762421784708 -0.12205750662816633
v -0.3230107059607298 0.19155549052341828 -0.1234898070362829
v -0.3228182104437578 0.1826517414241335 -0.12468904256689334
v -0.32236238652309535 0.1737313516723498 -0.12565707134636073
v -0.3212753345574146 0.16485008619853256 -0.12653590746374366
v -0.32023315314973383 0.15595966727461794 -0.1273611490974235
v -0.3194094485774427 0.14702467977613423 -0.12792543669541248
v -0.3185839522558234 0.1380896065990141 -0.1284847222124393
v -0.3176864924484182 0.12915109224113205 -0.12884310508277605
v -0.31678903264101294 0.12021257788325 -0.1292014879531128
v -0.3158850505849528 0.11127455476177449 -0.12955552168753212
v -0.31496726722671636 0.10233757111340791 -0.12990035250096862
v -0.3140494838684799 0.09340058746504133 -0.13024518331440513
v -0.31320293433280877 0.0844547018240092 -0.13048070666293105
v -0.3124810281741817 0.07549323967187226 -0.13052496621187518
v -0.31175912201555467 0.06653177751973512 -0.1305692257608193
v -0.3110506771751842 0.0575694700722412 -0.13061209241522598
v -0.310651554756186 0.048587738909954006 -0.13062295228524196
v -0.31025243233718786 0.039606007747667024 -0.13063381215525785
v -0.30985330991818966 0.030624276585379834 -0.13064467202527377
v -0.3098881563655287 0.021638286852723065 -0.13066687584342818
v -0.31010995010806985 0.012650462591661329 -0.13069396646472883
v -0.3103317438506111 0.003662638330599592 -0.1307210570860295
v -0.31055353759315224 -0.0053251859304621445 -0.13074814770733015
v -0.3111376127087333 -0.014295954058376427 -0.13071234500015158
v -0.3117585991297986 -0.023264984409557612 -0.1306701343597112
v -0.31237958555086376 -0.0322340147607388 -0.13062792371927082
v -0.3130792528706285 -0.04119511514101516 -0.13054636863126615
v -0.31411582619302086 -0.050122259950846425 -0.13029634342187751
v -0.31515239951541324 -0.05904940476067769 -0.1300463182124889
v -0.3161889728378056 -0.06797654957050894 -0.12979629300310022
v -0.317226666547185 -0.07689919312894208 -0.12943723594465956
v -0.31826545275740215 -0.08581744747098743 -0.12897186081234632
v -0.31930423896761934 -0.09473570181303258 -0.12850648568003314
v -0.3203430251778366 -0.10365395615507793 -0.1280411105477199
v -0.3216371949183912 -0.11252063948933795 -0.12730785718439538
v -0.3229319172587014 -0.12138721123407524 -0.1265740241852393
v -0.32422663959901166 -0.13025378297881252 -0.12584019118608322
v -0.3256672279145723 -0.13908894638378314 -0.12501245946199463
v -0.32715645843469876 -0.147913635989875 -0.12415341515127444
v -0.3286456889548251 -0.15673832559596684 -0.12329437084055427
v -0.3303249351468731 -0.16550170726301977 -0.12220572043446538
v -0.3320637525643478 -0.1742458684677813 -0.12104508693178127
v -0.33392541412917365 -0.18295329769227495 -0.11982157303443093
v -0.33608113240313026 -0.19157280017813033 -0.11844753994407778
v -0.3383944325267426 -0.20017189042082217 -0.11726396478424925
v -0.3410518520383562 -0.20872640542442084 -0.11649630215898804
v -0.3435365949418105 -0.21734589051497516 -0.11594858693628379
v -0.34589259002904765 -0.22601381735397535 -0.11556486467165131
v -0.4017083513218641 -0.2081481799891943 -0.1805024386388821
v -0.40423165353337176 -0.20106282439289627 -0.1838361119984219
v -0.4054164156073029 -0.19343545657607678 -0.18662537215737732
v -0.4047271187931793 -0.1855662495311316 -0.188929322466849
v -0.4043651250752136 -0.17758347655268347 -0.19095364214686175
v -0.4042383246353812 -0.16962561201433646 -0.19311483867019377
v -0.403942787265507 -0.16164099189912848 -0.19513517142413972
v -0.40321538327215306 -0.15353094338957302 -0.1964468360821396
v -0.4021781064101373 -0.14541310829747997 -0.19738422053540797
v -0.4009196269059244 -0.13728971475608331 -0.1980544251914703
v -0.39957908140334597 -0.12916328247230655 -0.19846106462726248
v -0.3982157630512438 -0.12103600695473822 -0.1987945662079086
v -0.3971441836384354 -0.11286653413422497 -0.1990852195826188
v -0.396235096182611 -0.10467355837525733 -0.1993520074807058
v -0.3953800086711603 -0.09647475549937343 -0.19957564680780565
v -0.3947595815151135 -0.08825063049876553 -0.19961178114540118
v -0.3941391543590666 -0.08002650549815762 -0.19964791548299674
v -0.39358359316725355 -0.07179824603761255 -0.19967734620708028
v -0.3931601972061687 -0.06356156256213089 -0.19969311823300054
v -0.39273680124508376 -0.055324879086649216 -0.1997088902589208
v -0.3923979656003302 -0.04708480099923622 -0.19969948409300764
v -0.3921533081223311 -0.0388409421983349 -0.199662035979619
v -0.39190865064433206 -0.030597083397433583 -0.19962458786623039
v -0.39176210128208633 -0.02235110678125502 -0.19959779272579747
v -0.39165726472096957 -0.01410422972980893 -0.19957552692872127
v -0.3915524281598528 -0.005857352678362629 -0.19955326113164518
v -0.3917103864484032 0.002386384456645369 -0.19937102853168404
v -0.3918825201661289 0.010629952221275222 -0.19918016715498862
v -0.39211974553833895 0.018870628350555863 -0.19897939793266894
v -0.3926138389281535 0.027099893360459065 -0.19873952986297175
v -0.39310793231796803 0.035329158370362476 -0.19849966179327447
v -0.39373708712923944 0.04354997346481689 -0.19833208830370672
v -0.3944623482006386 0.05176477581511813 -0.19821595779207304
v -0.3952229605315596 0.059974301730569474 -0.19803561775586923
v -0.3960824058688684 0.06816907609469568 -0.1976757644452354
v -0.39694185120617725 0.0763638504588221 -0.19731591113460162
v -0.39798919112479225 0.08452170101720731 -0.1967310703162245
v -0.39910752854538445 0.0926655996140571 -0.19606121613069866
v -0.4002765767532575 0.1008043619637295 -0.1954225967717255
v -0.40156633750337867 0.10893089793144943 -0.19485832915371323
v -0.40280507862280024 0.11705638556775073 -0.19420806051862924
v -0.4038316381032016 0.12517751337871438 -0.19320012883288423
v -0.40477381974807264 0.133296699389906 -0.19212079027435652
v -0.40538043142736174 0.14140816287919913 -0.19075746716359007
v -0.4057339862607352 0.14947868379082968 -0.1891570148935939
v -0.40566687787574013 0.15748114475163982 -0.18716237642827993
v -0.4061198755916281 0.16542536934219085 -0.18500351990576352
v -0.40682999990494095 0.17330994382647968 -0.18270084620753593
v -0.40839844119618546 0.18090275000290634 -0.17999845171915682
v -0.4099929385607742 0.1793145771743311 -0.17813970009327926
v -0.4088680316886382 0.1711650787156783 -0.178228010263849
v -0.4070909826064373 0.16311713064607705 -0.1781020468903143
v -0.4051080595899945 0.15512306690279243 -0.17772457539820685
v -0.40308137425841806 0.14715768053979805 -0.17704073753223937
v -0.4013962027882517 0.1391127639888121 -0.1764441973888627
v -0.3999885842579045 0.13100321217707825 -0.17591860528678796
v -0.39871265242567244 0.12286322625326877 -0.1755923091002733
v -0.39750172878264556 0.1147082162872102 -0.17536439693258501
v -0.3964081249243276 0.10653839107787214 -0.17510518237413666
v -0.3954185023327318 0.09835543502477369 -0.174818224308907
v -0.394426297883036 0.09017257873713999 -0.1745385697385038
v -0.39340595057643596 0.08199080991639437 -0.17433852496920135
v -0.39238560326983596 0.07380904109564877 -0.17413848019989883
v -0.3913231290748073 0.06563482816001738 -0.17390220578428794
v -0.38999225422700234 0.057508755606280174 -0.17343510347984437
v -0.3886613793791974 0.04938268305254317 -0.1729680011754008
v -0.38733050453139245 0.041256610498805954 -0.1725008988709573
v -0.3862340757777869 0.03312432398098046 -0.17167339499176565
v -0.38513950450994583 0.024991988230729657 -0.17084303569799833
v -0.3840449332421048 0.016859652480478854 -0.170012676404231
v -0.38318035489445557 0.008687750320352426 -0.16931983344320672
v -0.3823626558585201 0.0005077833638816205 -0.16865502034946286
v -0.38154495682258455 -0.007672183592589184 -0.16799020725571903
v -0.3810407236058487 -0.015872886830247523 -0.16734785814918215
v -0.38086536168916446 -0.024095345447072352 -0.1667290770370632
v -0.3806899997724802 -0.032317804063897386 -0.1661102959249441
v -0.380573314843322 -0.040537932105400555 -0.1654663965302346
v -0.38079811475432973 -0.048744496803338117 -0.16467631524928086
v -0.3810229146653374 -0.05695106150127548 -0.16388623396832716
v -0.3812477145763451 -0.06515762619921303 -0.16309615268737343
v -0.3815979624079341 -0.0733485598171795 -0.16219849362110614
v -0.3819600869019032 -0.08153801357753973 -0.16129064973049226
v -0.3823222113958723 -0.08972746733789996 -0.16038280583987827
v -0.3828384025305233 -0.09789923189376853 -0.15939887408870282
v -0.3834070354161157 -0.10606497533531828 -0.1583890432810179
v -0.3839756683017081 -0.1142307187768678 -0.15737921247333303
v -0.3848612246525 -0.12236042483259472 -0.15633048493835136
v -0.3858889179405487 -0.1304739684888468 -0.1552643126184472
v -0.38691661122859744 -0.13858751214509865 -0.154198140298543
v -0.3885744990269106 -0.14657941006896436 -0.1530501643374739
v -0.39036123691989877 -0.15454643620502576 -0.1518854627357697
v -0.3922599102354688 -0.1624834337557401 -0.15071510554744344
v -0.39458959868689925 -0.1703048041484519 -0.14952297112917431
v -0.3969192871383297 -0.1781261745411635 -0.14833083671090522
v -0.3992504434367608 -0.1859296137270466 -0.14703018268608478
v -0.40158194107882683 -0.19372888306190794 -0.14570429273617647
v -0.40389083811209103 -0.20148734798399306 -0.1441373748991497
v -0.40618381593030695 -0.20921707145811058 -0.142400683990905
v -0.4081907376065386 -0.21693315988773354 -0.14031333908073687
v -0.41005851456606446 -0.22464261589761406 -0.13805542747194474
v -0.05977091188896666 0.2522266396233977 -0.4510276430882278
v -0.05415647857433867 0.2390622905499465 -0.45780925676634376
v -0.050892554500123754 0.2239296579114887 -0.46153451977964366
v -0.04863249729091674 0.20835394103184918 -0.4640109083881504
v -0.04699061460908229 0.19255516516573662 -0.46517079197392847
v -0.046155644093327085 0.1766525479754409 -0.4654796832085662
v -0.04640085518563732 0.1607652775771809 -0.46487516676167073
v -0.04768612847930618 0.1449545864230674 -0.46330208722389266
v -0.048522628176983065 0.1291622713142821 -0.4612977269207935
v -0.04929204404112045 0.11350615809380998 -0.4584506962442294
v -0.05016165715921304 0.09799001310153085 -0.45494045466792576
v -0.051329291879154484 0.08266884530838474 -0.45069629926560256
v -0.05293108426326822 0.06747637517368402 -0.4461517865809391
v -0.054629329819212445 0.05232326236802534 -0.4415031552387204
v -0.05623256377733587 0.037177977803371606 -0.43679524648905194
v -0.05803757500723031 0.0221958519859106 -0.43166855245440133
v -0.05985810412119666 0.0072797710777458766 -0.42635209095018173
v -0.06107581660576987 -0.007695542605018421 -0.42102559445888904
v -0.06195338961931234 -0.022610570239576064 -0.4154831403377231
v -0.06248783081466846 -0.03746478146470691 -0.4097228287183812
v -0.06333718176965779 -0.052101988452065026 -0.40347104350869156
v -0.06437721951985532 -0.06671287661819779 -0.39718569534714043
v -0.06573371811262124 -0.08134042780719913 -0.3909962635279031
v -0.06778686634391629 -0.09602668408323589 -0.3851581306721491
v -0.07037134281478367 -0.11075013620754685 -0.37965806818353953
v -0.07366819557525496 -0.12551957671546202 -0.374647200252437
v -0.07673713425391249 -0.1401063061660053 -0.36899792878257726
v -0.07905012952394012 -0.15460517385873931 -0.36281672239198903
v -0.08050550166375688 -0.16911941709018732 -0.35641178921603994
v -0.08154313099365143 -0.18376761965493169 -0.3502215202690417
v -0.08388377017079435 -0.19857466586262526 -0.344925404646236
v -0.08787993580319782 -0.21363849652456593 -0.34176806379634883
v -0.09036675428825672 -0.2289725874593005 -0.3404657377780773
v -0.08528277060629834 -0.224362778275585 -0.3496528265905383
v -0.08316906877826943 -0.212592561408488 -0.3600919625268816
v -0.07929558034082299 -0.19977696032836573 -0.3687050930482836
v -0.07659185078254957 -0.1861496110075706 -0.3764987534400203
v -0.07429197366972952 -0.17207331682997212 -0.3835748861724895
v -0.0708460393762636 -0.15803708367714148 -0.3902541163764723
v -0.06775297270170129 -0.14337645929792456 -0.39560504897404897
v -0.06507820280191873 -0.12822088645151378 -0.3997588467133408
v -0.06146202474309219 -0.11326983078016474 -0.4039425769894344
v -0.05814675660102145 -0.09823247605446793 -0.408059220635296
v -0.05517026187468305 -0.08307707800402546 -0.4119763237891914
v -0.052822732651444354 -0.06766767864474599 -0.41531607324031766
v -0.05080684244530823 -0.0521894826735592 -0.4185383168028572
v -0.04903141732132121 -0.03666140360032248 -0.42167535910229204
v -0.04761555524269743 -0.02106715738434265 -0.4246611553252177
v -0.04627954716777159 -0.005448204264264148 -0.4275510371038262
v -0.04507694096605356 0.01022363997327272 -0.43020837505410575
v -0.04357665119505052 0.025917432969894863 -0.43254501229559067
v -0.04174046757008732 0.04160354715185896 -0.4346732210495417
v -0.03899023070542843 0.05718009081965375 -0.43665359803829273
v -0.035934779442556915 0.07277923280315596 -0.437682027224138
v -0.03281303593994354 0.08839828453240359 -0.4381698129652181
v -0.02997612100025432 0.10407831705313147 -0.43771936625592817
v -0.02789554172634129 0.11986389189321758 -0.43803426572271625
v -0.02671160053270382 0.1357217445777812 -0.43881657253812495
v -0.026616982471953727 0.1516276532841037 -0.4398520218141041
v -0.027198617057773218 0.16752295822636132 -0.4409081422926669
v -0.028630015561054534 0.18335102823610203 -0.4420614036248945
v -0.030755452801080132 0.19910399026230902 -0.4431886071215792
v -0.03356717543345624 0.2147474120827971 -0.44435217304873686
v -0.03729520507375028 0.23016258583153756 -0.4458209532266526
v -0.041305052668176676 0.24550675470784827 -0.4473949015702988
v -0.04720844947841638 0.2601899412536491 -0.4489676115291664
v -0.05724188778948352 0.25509252980850855 -0.4518014341796161
v -0.05778208891307661 0.23923642348844384 -0.4505241219793483
v -0.05711737862947805 0.22335548597563576 -0.44938056763579504
v -0.05599253343282777 0.20749412245270768 -0.44826766156640535
v -0.05505325910222743 0.1916314065207578 -0.44702084009975956
v -0.054291185387299004 0.17575281782892974 -0.4458688202893263
v -0.05353759225073628 0.1598428259320099 -0.4452217780275659
v -0.05284137683552789 0.14394215380639402 -0.44433675301843645
v -0.05218057822328589 0.1280461327666306 -0.443344801988804
v -0.05160061118291112 0.11215900665788649 -0.4421712302181106
v -0.05124022389411805 0.09628972417600946 -0.44075712576039866
v -0.05119089328352291 0.08044571897612288 -0.4390022826959476
v -0.05107698044048919 0.06461078048905672 -0.43717217327433383
v -0.050918431242936844 0.04878210850893042 -0.43529004310839475
v -0.05069183553508322 0.03298184310447808 -0.43319262496906236
v -0.05044485570815325 0.017190087218273545 -0.4310307148276286
v -0.050292597084462015 0.0014806447492572412 -0.42833252960001766
v -0.05003987993906386 -0.014203542984841994 -0.4255093290482963
v -0.049288730362393604 -0.029801855710692854 -0.42230888800305677
v -0.048466436403566515 -0.04535898366044121 -0.418937483752426
v -0.04754994963181216 -0.060861584326471034 -0.41533972986272844
v -0.04707995386191173 -0.07640870548448254 -0.41185978035497695
v -0.0469522068812934 -0.0919783498573631 -0.4084755359609657
v -0.04790978422181563 -0.10759196768287953 -0.4054075736894156
v -0.04941906808647497 -0.123186465971212 -0.4024908273642916
v -0.051409912919702344 -0.138755067234963 -0.3997271783301653
v -0.053772484605183045 -0.1542628826750487 -0.3969346847156115
v -0.05564826519427859 -0.16964570616340813 -0.39319776122541655
v -0.05679772387664423 -0.18501252584219172 -0.38912169997187857
v -0.05818052107372509 -0.20016647456499945 -0.3843793623449667
v -0.05942445760427514 -0.21538803058321487 -0.37981424550189335
v -0.061305523271939416 -0.23061746113679968 -0.3755514678695715
v -0.06495193736845878 -0.2459084570878295 -0.37314460450986675
v -0.07211872000328443 -0.25470987567746706 -0.3787732350421364
v -0.030627927302483066 -0.1599117767353544 -0.4004125256017826
v -0.032040583584610254 -0.16183552898924028 -0.402191499380451
v -0.03351343007055918 -0.16423969426784343 -0.4030865950277858
v -0.03416595920444959 -0.1671052580832454 -0.40379967912053916
v -0.03347399808087112 -0.1697165547968649 -0.40330723222084147
v -0.03168048212374786 -0.17158925293420382 -0.40170198481551617
v -0.030017257602917114 -0.17349417217571106 -0.39999405662465193
v -0.028292517007675606 -0.17516702720778451 -0.39816250098423206
v -0.026168811981788123 -0.17582909683031106 -0.39616119754779605
v -0.02394003893980482 -0.1755230699265489 -0.39410041878872276
v -0.02153476138726045 -0.1754323992561907 -0.3922234318240223
v -0.019118333042399193 -0.17539361335630538 -0.3903597162647385
v -0.016692233734456493 -0.17539982656370076 -0.3885075108536282
v -0.014273004157287482 -0.17557050544604635 -0.38666694924351414
v -0.011865679491827166 -0.17602619540143993 -0.3848465657782761
v -0.009458354826366954 -0.17648188535683348 -0.3830261823130379
v -0.007015311357210653 -0.1769537969550422 -0.3812585323474671
v -0.004564718699191194 -0.17742913700640736 -0.37950202763613783
v -0.002114526645077898 -0.1778963704953914 -0.3777428961327322
v 0.0003336317017434365 -0.17832245017939824 -0.37597042944682296
v 0.002781790048564771 -0.17874852986340506 -0.3741979627609137
v 0.005219743264140573 -0.17922097628453684 -0.37242502531194216
v 0.007628122682115701 -0.1798277904532402 -0.37065072362264956
v 0.010036502100090931 -0.1804346046219438 -0.36887642193335696
v 0.012445803787371673 -0.18104747721120334 -0.3671056974336499
v 0.014870650038721935 -0.18176246260626228 -0.3653952653586884
v 0.017295496290072196 -0.1824774480013214 -0.3636848332837268
v 0.019720342541422454 -0.18319243339638033 -0.3619744012087652
v 0.022161616558428736 -0.18388892355098652 -0.3602798145779631
v 0.024605177266226373 -0.1845828392291296 -0.3585874335807207
v 0.02704873797402411 -0.1852767549072725 -0.3568950525834783
v 0.029480791059408408 -0.1859524317654657 -0.35517904234371744
v 0.031906673614323956 -0.18661832874123208 -0.353450361809809
v 0.0343325561692396 -0.18728422571699843 -0.3517216812759006
v 0.03675470008386209 -0.18793735843913928 -0.3499830527566889
v 0.03917049176612856 -0.18856880372988075 -0.3482275218587594
v 0.041586283448395024 -0.18920024902062202 -0.3464719909608298
v 0.04400644309611385 -0.18980990544736848 -0.34471517368311433
v 0.04643895070477195 -0.1903579661393389 -0.3429547198914373
v 0.04887145831343005 -0.19090602683130928 -0.34119426609976033
v 0.05129435989818397 -0.19148594948969194 -0.3394309906882835
v 0.05371072682020666 -0.19208754679791265 -0.3376657958214803
v 0.05613581083894482 -0.19265143709598676 -0.33590116326846625
v 0.058582589968231735 -0.19312148218615358 -0.334137930202026
v 0.061066545362273246 -0.1932830289859891 -0.3323838705735801
v 0.06291980212584733 -0.19248008493931584 -0.33099524559457033
v 0.060979687884381094 -0.19036160562158966 -0.33198240158226927
v 0.058878376804122834 -0.18855678146287425 -0.3332644947305989
v 0.05660259872477176 -0.18718439424180286 -0.3347519260029428
v 0.054298865380456356 -0.18588129742656778 -0.3362722590945073
v 0.05197856720879237 -0.18468001141037774 -0.3378443744281563
v 0.04963558401339704 -0.18361815216537217 -0.33948740395643123
v 0.04729260081800171 -0.1825562929203666 -0.34113043348470634
v 0.044949617622606484 -0.18149443367536103 -0.3427734630129813
v 0.042609763094293644 -0.18047750303424576 -0.3444481504224281
v 0.04027302245952349 -0.17950528884452857 -0.34615434622479646
v 0.037936281824753434 -0.1785330746548116 -0.3478605420271648
v 0.03559954118998328 -0.17756086046509462 -0.3495667378295332
v 0.03325122806599885 -0.17659659155358098 -0.3512612370463447
v 0.03087016968009111 -0.1756548044271874 -0.35292263986094163
v 0.028489111294183474 -0.17471301730079378 -0.3545840426755384
v 0.026108052908275732 -0.1737712301744002 -0.3562454454901352
v 0.023726994522368094 -0.1728294430480064 -0.35790684830473196
v 0.021252417215763753 -0.17215199558591435 -0.359551163075025
v 0.01874178681304959 -0.17157645545179115 -0.3611888901206199
v 0.016231156410335425 -0.17100091531766776 -0.3628266171662147
v 0.01372052600762126 -0.17042537518354456 -0.36446434421180957
v 0.011217994275338965 -0.16981540983302018 -0.3661011769525822
v 0.008733045717196904 -0.16913070325430457 -0.367736068051507
v 0.006248097159054842 -0.16844599667558877 -0.36937095915043183
v 0.0037631486009127814 -0.16776129009687316 -0.3710058502493566
v 0.0012878762726948102 -0.16693364409772796 -0.37258215675094336
v -0.0011793391531170732 -0.16598697974438612 -0.3741096828507663
v -0.0036465545789288534 -0.16504031539104405 -0.37563720895058916
v -0.006113770004740737 -0.1640936510377022 -0.37716473505041215
v -0.008554687850861085 -0.16323702761302292 -0.3787844951910491
v -0.010993850902380543 -0.16238641247265473 -0.38041040995879405
v -0.013433013953899895 -0.16153579733228657 -0.382036324726539
v -0.015955287624369652 -0.16083237062607192 -0.38360034712162927
v -0.018513013187860663 -0.16019172902105727 -0.3851379685368942
v -0.021070738751351674 -0.1595510874160426 -0.386675589952159
v -0.0236103800680832 -0.1590292609994453 -0.3882846188356722
v -0.02614483334165507 -0.15854152051043707 -0.3899141332297037
v -0.028664414208203568 -0.1580135298533615 -0.3915497361726055
v -0.031069958171603167 -0.1571769136650968 -0.3932320241784408
v -0.03348036992676362 -0.1563186664595166 -0.39489184583752396
v -0.03596397107257816 -0.15513518739226972 -0.3962138760893676
v -0.03831472772467675 -0.15545035753612194 -0.3980037254397592
v -0.038092752302636444 -0.1577926061934742 -0.39909448225695443
v -0.036008341696581854 -0.1598645556869258 -0.3983021193893702
v -0.0337269943373268 -0.1616117579650734 -0.3972969344218129
v -0.03142966314378923 -0.1631014920548031 -0.3959480003722802
v -0.029091292820453616 -0.164592497149583 -0.3946746419915731
v -0.026729666258281545 -0.166082326140674 -0.3934418808111824
v -0.024364758914819307 -0.1675469067614106 -0.39218534660826815
v -0.022027005710216523 -0.16901363879379638 -0.39088226595558845
v -0.019722098521225574 -0.17050298124501878 -0.3895489615972561
v -0.017576254717026608 -0.17227356272409702 -0.38829315232239864
v -0.015451601644094825 -0.17413297869332867 -0.387142979506842
v -0.013351057948309807 -0.17609346452181832 -0.3861129926917412
v -0.059171384316999316 -0.16410491360113844 -0.40439576918292364
v -0.05899149008886171 -0.16757323998917628 -0.40001939008196946
v -0.060598830521533587 -0.17038970149537355 -0.39548628103681444
v -0.06413566389618154 -0.17166238055942717 -0.39128551054072275
v -0.06835545007977518 -0.1730465749033241 -0.38779910546134294
v -0.07288692425807371 -0.17401780565538855 -0.38456452359720567
v -0.07722006513553897 -0.17517573963150965 -0.38112740933378664
v -0.08141342994543578 -0.17667380705968672 -0.37764955683424856
v -0.0855641112889689 -0.17840458915059473 -0.3742231390772124
v -0.08968903738498864 -0.18010817567474113 -0.37077875650128395
v -0.09356680600679351 -0.18084584541852805 -0.3667359008757081
v -0.09719948490062406 -0.1809369564272641 -0.362403492988507
v -0.10123940993088285 -0.1814525132249961 -0.35848493126042075
v -0.10568027756978593 -0.18185462076413414 -0.355020748296405
v -0.11028949277064087 -0.18278994189623352 -0.35192978621439586
v -0.11492245862083751 -0.18443903935708011 -0.349174964693474
v -0.1193926915211077 -0.18659238083231386 -0.3464890320492952
v -0.12216321415144138 -0.18898424583998016 -0.34243068786093755
v -0.11833129348156886 -0.18591289346699003 -0.34078129286242625
v -0.11479869448706849 -0.18170389437681872 -0.3417368225699426
v -0.11100863006144818 -0.17847921175894196 -0.34437440676949777
v -0.10901751145922879 -0.17417157157917787 -0.3472337367159499
v -0.11050486427151907 -0.16992842384523008 -0.35012326407488714
v -0.1152867113162785 -0.1670764505158403 -0.35035724256470424
v -0.12049731180497512 -0.16579281615311994 -0.34900535758776585
v -0.1250297275440444 -0.16565243815766523 -0.34573684907519525
v -0.12385675955858869 -0.16746869010073007 -0.34116995881731965
v -0.11937202692225428 -0.16865807874327768 -0.3379623920803735
v -0.11449911798154401 -0.1699873643332404 -0.3354210138167995
v -0.10954704723524884 -0.17115346581455354 -0.33296288542138464
v -0.10449842592816759 -0.1721130330369099 -0.3306038455942212
v -0.09940584854625639 -0.17285942948131341 -0.3282670586356123
v -0.0942927114863918 -0.17350611905787894 -0.3259406800633933
v -0.08912954908700985 -0.1740590588317339 -0.32370336128604615
v -0.08395381322922843 -0.17458843536232654 -0.3214884269569944
v -0.0788272122325268 -0.17519582443251122 -0.31918369135818786
v -0.07373516789137621 -0.17585807989287408 -0.31681579832942697
v -0.06864318511671383 -0.17651885575124662 -0.3144473628435195
v -0.06355158103984247 -0.17717053052196124 -0.3120755906832393
v -0.05845997696297123 -0.1778222052926757 -0.30970381852295903
v -0.05341526268428666 -0.17833277884765433 -0.30720337950659976
v -0.048385577641881776 -0.1787981262853825 -0.30466169986528235
v -0.0433870039673556 -0.17939231694352528 -0.30208987905060053
v -0.03842438198408124 -0.18013539631971862 -0.29948322768256574
v -0.033482463531611675 -0.18095266662194187 -0.29686204149088413
v -0.028585392822829354 -0.18193064843110052 -0.2942093701360383
v -0.023689342688067615 -0.18288876414400737 -0.29154776280043726
v -0.018795372120542896 -0.18380639981131044 -0.28886794711107083
v -0.013975550985514664 -0.1848185910083016 -0.2860924393820544
v -0.009221268948821061 -0.18594174807472263 -0.28324883985859584
v -0.004615115554541082 -0.18750742757480304 -0.28036675487128726
v -0.00016847535901304286 -0.189109679507166 -0.27726646266375476
v 0.004108018754639324 -0.19013216888891177 -0.2737369178311172
v 0.005471716700814513 -0.18977420312701934 -0.26944653732186197
v 0.0001228147067216267 -0.18839778762168166 -0.26994740062273476
v -0.005260276295670532 -0.18747580978329648 -0.27140696620616533
v -0.01057117714555396 -0.18766033474680335 -0.27328794363557407
v -0.015754497774085285 -0.1884617989612379 -0.27524046401483343
v -0.017508634775515723 -0.19258539777399364 -0.27805525317505225
v -0.017657747538296215 -0.19734335108472542 -0.28106808247625703
v -0.017321860850293976 -0.20061410032606386 -0.2854792521895207
v -0.01560291085783721 -0.2032645455528257 -0.2901494596220108
v -0.014460239794621476 -0.20330346845765207 -0.29556887817022987
v -0.013348711687412867 -0.20188110219695238 -0.30092190877373126
v -0.01211928434116352 -0.20020498132864079 -0.30617898340075933
v -0.010517592307984491 -0.1985090968476196 -0.31132086356655525
v -0.00844999085788824 -0.19684646419662427 -0.3163080479980574
v -0.005990735301770301 -0.1953258416693059 -0.32116698153157053
v -0.0031116918062336738 -0.19426168152332468 -0.325915990585804
v -0.00012566183418945016 -0.19292799691603557 -0.3305232526692067
v 0.0029618824654746526 -0.19155202914898303 -0.3350529079915045
v 0.006180710096043206 -0.19043355204092474 -0.3395653987567157
v 0.009661349899525006 -0.18935311973082727 -0.3438871398316472
v 0.01308878509787363 -0.18776664705793414 -0.3480579619535241
v 0.016428510821650026 -0.18562034825048737 -0.35208448442377965
v 0.019835578829026094 -0.1835007483790257 -0.35606865299961726
v 0.023591868122310015 -0.18151080501707176 -0.35979252990026644
v 0.02780863674440833 -0.17994125769776226 -0.36318262655028855
v 0.03249740426682287 -0.17934493520521744 -0.3662355114084609
v 0.03757093505349677 -0.17932776651106236 -0.3686920119481851
v 0.0427044537053136 -0.18041100311387462 -0.37055181035141677
v 0.03938902555697621 -0.1830438995969679 -0.3668971050709361
v 0.03635003236126306 -0.18482444496530878 -0.36247515126844543
v 0.03311891473520863 -0.18696658984738462 -0.3583811605177735
v 0.029563472684637427 -0.18926044313639404 -0.3546351350696056
v 0.025711637605914446 -0.19132518843398136 -0.35105743355462693
v 0.02152267028867542 -0.19316093634886586 -0.3477322271443753
v 0.017030892042493303 -0.19486066772633462 -0.34475004770518175
v 0.012284083564026806 -0.196256235582127 -0.3420441467436741
v 0.007340741012246419 -0.19740150779073543 -0.339549006095426
v 0.0024122359465469606 -0.19843036701894481 -0.3369749622402088
v -0.002476714236835025 -0.19938862695792997 -0.33430261278326123
v -0.007030086594884482 -0.20002469811410178 -0.33114614834578376
v -0.010419335549710652 -0.1997607332313922 -0.32667362876582384
v -0.01205921547415505 -0.1987627306059926 -0.32148979787322973
v -0.012415166757850607 -0.1967565244460889 -0.31627432796302585
v -0.012346206303981666 -0.19264950897685423 -0.3124850516495128
v -0.012802757522226978 -0.18747784925704902 -0.31067855922996807
v -0.010454156058081305 -0.18261982156215428 -0.3114775743693549
v -0.005835701500668218 -0.17982749972180045 -0.31307852520058577
v 0.05023329727736844 -0.1699088525905444 -0.3589594579200131
v 0.05578178712406874 -0.17522478001160732 -0.36407106345657664
v 0.056210229572544554 -0.182959767408565 -0.36881984479777175
v 0.05342061975825862 -0.1907402205217588 -0.3733102261660499
v 0.05671736988013123 -0.1860105616676287 -0.3733410649451465
v 0.059786582054831526 -0.17717890958153143 -0.3722270958843018
v 0.06285253189497508 -0.1683303169844102 -0.37125574088268826
v 0.06546043656032807 -0.15929881577975558 -0.3708440742135221
v 0.06676926357469132 -0.14999378593069615 -0.3711044067722599
v 0.06746266646153118 -0.1406487062424324 -0.37191606966461616
v 0.06784141680260686 -0.13130770294560018 -0.37302659577255415
v 0.06796717866114191 -0.12197671584456515 -0.37428465038065867
v 0.06769446384313298 -0.11265027171350037 -0.37554111770525184
v 0.06730093641888954 -0.10332699631031476 -0.3767981008989793
v 0.0667413520160939 -0.09401221718222078 -0.37805809804686913
v 0.06624288420153474 -0.08468215259220443 -0.3792108312533153
v 0.06589634832696334 -0.0753140893188436 -0.3800969131432451
v 0.06567196438884133 -0.06593743816667556 -0.38088396957627757
v 0.06581424433810312 -0.056535008749181 -0.3813737809550658
v 0.06596900526537376 -0.04713257106743011 -0.38183040615881547
v 0.0663972526559099 -0.03772995229712361 -0.3815598471920505
v 0.06682550004644605 -0.028327333526817308 -0.38128928822528546
v 0.06721068079311841 -0.018923228016452395 -0.381008330336635
v 0.06756658779644344 -0.009518111922420627 -0.38072030397589013
v 0.06791059199456535 -0.00011348999504268136 -0.3804079972137101
v 0.06820496899185191 0.009289071568634311 -0.37999445647031255
v 0.06849934598913847 0.018691633132311303 -0.37958091572691494
v 0.06869865767092764 0.028093647200917247 -0.3791077716273256
v 0.06886490720147395 0.03749547085975363 -0.37861389846197047
v 0.06900848862600638 0.046892970088147586 -0.3780509192047283
v 0.06908679828518287 0.05627801731861313 -0.3772889521444652
v 0.06916510794435936 0.06566306454907889 -0.3765269850842021
v 0.06923783435622921 0.07503936881766791 -0.37566596264602115
v 0.06930824901754372 0.0844120530519181 -0.37476392620427995
v 0.06935503639352272 0.09377798039320401 -0.37379854995206785
v 0.06934499345564929 0.10312765549296603 -0.37268082351415727
v 0.06932931423193509 0.1124766245957386 -0.37155808995082146
v 0.06913296458215888 0.12180296305476523 -0.3702748536185624
v 0.06893661493238268 0.13112930151379187 -0.36899161728630325
v 0.06871034690060153 0.14044230542789884 -0.36762012932448956
v 0.06847861138956743 0.14975287250074604 -0.36623251368727056
v 0.06818090536189893 0.1590446590887361 -0.36473754001346803
v 0.06786302045195051 0.1683307011530742 -0.36320972795530027
v 0.06723016978578365 0.17758538046745598 -0.3615968004504189
v 0.06638912323527624 0.18681662621165346 -0.35997150953216855
v 0.06494424508331588 0.1959778591021849 -0.35834363460664465
v 0.06355940612670187 0.20513506086632713 -0.3566430144208405
v 0.06202152120827798 0.21422264063707902 -0.3547272904759483
v 0.060385687592698516 0.2230125348070785 -0.35184931168035755
v 0.058856541280869444 0.2261115814996414 -0.34578543650260385
v 0.058390531191596505 0.21696159056527378 -0.3445253277196949
v 0.058182268108373604 0.207567223907859 -0.34423437573197413
v 0.057993069844091305 0.19817306920293418 -0.3448428917384602
v 0.05759963327594806 0.1888475712284169 -0.3460863276699963
v 0.05722521193335171 0.1795246786576725 -0.34735378856021476
v 0.05690837298719163 0.1702096758378312 -0.3486940024499601
v 0.05667141756205152 0.1608846458917356 -0.34996119278310517
v 0.05675722535458651 0.1515191021138423 -0.3509333370567695
v 0.05686073581909081 0.14215256318409386 -0.35188655516035877
v 0.05734450290131299 0.13276464821127754 -0.35243323568410656
v 0.057828269983535165 0.12337673323846098 -0.3529799162078544
v 0.05835241881839822 0.11398961402242493 -0.35350034121213764
v 0.058915830319668926 0.10460326851062318 -0.35399523830753393
v 0.059479241820939624 0.09521692299882144 -0.3544901354029303
v 0.06005019778066134 0.08583265239902127 -0.3550144882952527
v 0.06062412945544293 0.07644920019419665 -0.35555045925918155
v 0.061198061130224524 0.06706574798937225 -0.3560864302231105
v 0.061720572351465684 0.057670191134635417 -0.35641494528364653
v 0.0622336485330254 0.04827241322107087 -0.3567053946612512
v 0.06274672471458512 0.03887463530750612 -0.3569958440388557
v 0.06337962163570941 0.02948390662167399 -0.3572734190184131
v 0.0640326313132341 0.020094361198444967 -0.3575488329394369
v 0.06468564099075878 0.010704815775215943 -0.3578242468604608
v 0.06520054732385433 0.0013049615931119668 -0.3579909833054576
v 0.06564571255568633 -0.008100098431034411 -0.35810283848098173
v 0.06609087778751824 -0.017505158455180584 -0.3582146936565059
v 0.06653433461366765 -0.026910367869263273 -0.3582397494638489
v 0.0669753906167327 -0.036315787221074196 -0.358142826089692
v 0.06741644661979788 -0.04572120657288512 -0.3580459027155352
v 0.06785063260016681 -0.055124844912817224 -0.3578841758097879
v 0.06824804157368698 -0.06451894903591107 -0.3573755388528592
v 0.06864545054720707 -0.07391305315900493 -0.35686690189593057
v 0.06904043937314197 -0.08330627481420995 -0.3563436963924034
v 0.06939712123144164 -0.09268552844983585 -0.35558989468620067
v 0.0697538030897413 -0.10206478208546196 -0.354836092979998
v 0.07010479346109032 -0.11143600431848305 -0.35400789268432287
v 0.07041847255279472 -0.12075457565181211 -0.3526919628021477
v 0.07073215164449911 -0.13007314698514139 -0.3513760329199726
v 0.07097186017824295 -0.1393564717797216 -0.3498337641061068
v 0.07114816596216994 -0.1486095855343988 -0.348097492285431
v 0.07124321950320689 -0.15785001461729814 -0.34629563260555
v 0.07115781079823406 -0.1670622708857924 -0.34434810147141603
v 0.071070694740149 -0.17620391904999552 -0.3421301446060021
v 0.07097988099151563 -0.1851926481033259 -0.33932651471056474
v 0.07063911259814876 -0.19411469333748846 -0.33633946971313794
v 0.06980997373272581 -0.2029012991356013 -0.33310563801948195
v 0.06808244258514372 -0.21147469021235893 -0.32963769934061266
v 0.0654702867595688 -0.21948762290223833 -0.3255269077886638
v 0.06343258504021486 -0.22617844727062436 -0.3195431395900417
v 0.062485456200853016 -0.22515114557495997 -0.310958416701511
v 0.013084004119403678 -0.2032619477448029 -0.3089693292532426
v 0.015498005401858696 -0.19534396662999953 -0.30923856372489833
v 0.015824226810566572 -0.18663896960184953 -0.31014350414321973
v 0.016060369009613034 -0.17805364331551374 -0.3119454916788836
v 0.015981359869041648 -0.16938784143062638 -0.3133448856038979
v 0.01564257380715932 -0.1607908044152745 -0.31509689001368507
v 0.015170783591243778 -0.1522539961616673 -0.3170945929552321
v 0.015123336986484385 -0.14366382327136323 -0.3188429220890255
v 0.015487520099395897 -0.1350204319228418 -0.3203437543739747
v 0.016351886946804967 -0.1263545174201986 -0.32141516288467015
v 0.017331466695808147 -0.11768341490810917 -0.32238765742509234
v 0.018547387730919972 -0.10900878404387697 -0.32298028751711205
v 0.019780365331764645 -0.10033389854123079 -0.32354550308905167
v 0.020813224855780455 -0.09163771011936878 -0.32416919801966715
v 0.02178296253868843 -0.08293480226714244 -0.324811338684146
v 0.02274751895601119 -0.07422696024032345 -0.3253858219439105
v 0.023704880003097624 -0.0655122659855263 -0.3258663474498902
v 0.02466224105018406 -0.05679757173072915 -0.32634687295586984
v 0.025548261253285073 -0.048065091731413004 -0.3264993963466686
v 0.026416073123789855 -0.03932807227428316 -0.3265682037162957
v 0.02728388499429464 -0.030591052817153314 -0.3266370110859227
v 0.028133304635039106 -0.021852132501579573 -0.32669244779740864
v 0.02898181805706311 -0.013113118527241882 -0.3267472257121704
v 0.0298176407006444 -0.004372933386157897 -0.3267844983590738
v 0.030585366362016194 0.004373536075580211 -0.32672784013173556
v 0.03135309202338799 0.01312000553731832 -0.3266711819043974
v 0.03205569428695685 0.021869511043556954 -0.32653508638167505
v 0.03258980881174793 0.030626871426691137 -0.32619347009797545
v 0.033123923336539005 0.03938423180982553 -0.3258518538142759
v 0.033617787142761694 0.04814169456520823 -0.32546784096242065
v 0.03400777768949985 0.05689942150815146 -0.32497441715140885
v 0.034397768236238004 0.06565714845109447 -0.3244809933403972
v 0.034719093857811155 0.07441607441065591 -0.32396828660758004
v 0.034926540109216586 0.08317698891468828 -0.3234235995444133
v 0.03513398636062202 0.09193790341872086 -0.32287891248124645
v 0.035128549180309374 0.10069454490330033 -0.32226459302332516
v 0.03496551466818501 0.10944802307705231 -0.32159872479276147
v 0.03480248015606065 0.1182015012508043 -0.3209328565621978
v 0.03439580439381976 0.12693865741309326 -0.32016628762007654
v 0.03398064279819939 0.13567524509254245 -0.31939621135126456
v 0.03338073731922923 0.14439022904764293 -0.3185449917804142
v 0.03252093227478739 0.15307482066461023 -0.31757961899074877
v 0.031659939884295066 0.16175788310049843 -0.31660240095434916
v 0.030786546060801567 0.17042497375066484 -0.31550146327134926
v 0.029903001149972342 0.1790897257059074 -0.314393113198985
v 0.028626786509275873 0.18766401102700794 -0.3129980331603496
v 0.027377173728586404 0.19623582475693985 -0.31156570711218257
v 0.02618150148757914 0.2048026268462755 -0.3100578574030905
v 0.024902604824864137 0.2132705443778871 -0.3081310118896901
v 0.023011093675173316 0.22156128304157688 -0.3059701953533119
v 0.019335397014904637 0.2216361666897805 -0.30356012608963473
v 0.019141052114267584 0.21287925788324055 -0.3031015561678244
v 0.019442768536494213 0.20410467192445236 -0.3031961571369838
v 0.019860272064773983 0.19533656568871138 -0.3033839039719384
v 0.020379220517367506 0.1865746236510463 -0.30355733197977963
v 0.021138851939591304 0.17782761607959052 -0.30363581470551343
v 0.021880601333164697 0.1690793706057347 -0.3036415809891409
v 0.02258627217342941 0.16032862755575908 -0.3035006355050919
v 0.02329194301369412 0.15157788450578347 -0.30335969002104296
v 0.023763787288638157 0.14281099365496017 -0.30341260184515984
v 0.02421154782169685 0.13404243960788223 -0.3034854806450823
v 0.024579289959384184 0.12527086215927502 -0.3035508098818596
v 0.024782918313630834 0.11649308386320657 -0.3036006553368722
v 0.024986546667877484 0.10771530556713792 -0.3036505007918848
v 0.02505083837425683 0.09893682580656414 -0.30361633188168197
v 0.024976533236515844 0.09015764830588982 -0.3034985946780125
v 0.024902228098774754 0.08137847080521529 -0.3033808574743429
v 0.024716449200510002 0.072602387072999 -0.3032498147899037
v 0.024336152694864926 0.06383170185282222 -0.30309555453146114
v 0.023955856189219853 0.055061016632645246 -0.30294129427301864
v 0.02358537945193768 0.04628994986862006 -0.3027898951943681
v 0.02336057024386347 0.037513223240979165 -0.30268093917297806
v 0.02313576103578916 0.028736496613338474 -0.302571983151588
v 0.022910951827714954 0.019959769985697783 -0.3024630271301979
v 0.022662411678558852 0.011186047254782542 -0.30224282091785604
v 0.022404951248880586 0.0024134536658325465 -0.3019807966036525
v 0.022147490819202316 -0.0063591399231174486 -0.30171877228944904
v 0.021936357161497357 -0.015131461926975452 -0.3014219682398779
v 0.021822373774819534 -0.023903214399130786 -0.3010522288103245
v 0.02170839038814171 -0.03267496687128633 -0.3006824893807712
v 0.021594407001463888 -0.04144671934344166 -0.3003127499512178
v 0.02139983727526993 -0.05021322665475847 -0.2998616772665997
v 0.021203019247810578 -0.058979587629837085 -0.2994083354423061
v 0.021006201220351222 -0.06774594860491591 -0.29895499361801264
v 0.020685021715601208 -0.07650169250869696 -0.298392165501474
v 0.020317113432055604 -0.0852534470518903 -0.297788197951383
v 0.019949205148509997 -0.09400520159508363 -0.29718423040129194
v 0.019397413126530105 -0.10274516965838223 -0.2965616310251652
v 0.01876952102604654 -0.11148025990022166 -0.2959313208887718
v 0.0181406312037256 -0.1202152743641186 -0.29530110822230005
v 0.017321422514549267 -0.12893583392520275 -0.29468948827811015
v 0.016502213825372935 -0.13765639348628692 -0.2940778683339202
v 0.01559122347840403 -0.14636434394995154 -0.29342441928176266
v 0.014608810799099373 -0.15506248230989061 -0.2927384197993509
v 0.013598661862306632 -0.16375165780038978 -0.291987607656876
v 0.012547595215464646 -0.1724276108836081 -0.29114118111389603
v 0.011659085515569882 -0.18109084671675224 -0.29003857457442533
v 0.01099305217728615 -0.18968790211671505 -0.2884901809784172
v 0.010752160598108794 -0.19812293699617212 -0.2860678481538575
v 0.009768775376284511 -0.20645075893652104 -0.28356549106827234
v -0.07588938006208197 -0.20990374363395914 -0.3828288652195055
v -0.07466066171988334 -0.20710489719103795 -0.38770187887527097
v -0.07661205293540385 -0.20007756694412512 -0.39193534926773366
v -0.0760664560494442 -0.1920519327670797 -0.3944638115466017
v -0.0747096575198882 -0.18382065338747794 -0.3960361334626272
v -0.07369885339762779 -0.1755462559971393 -0.3976706910998827
v -0.07308530861018442 -0.16723701046609357 -0.3993214658569148
v -0.07244502365849165 -0.1589490864245303 -0.4010679360067479
v -0.07173871957988186 -0.1506786890722471 -0.4028721707020268
v -0.071038794483441 -0.14234049890301226 -0.40433779190026736
v -0.0701871649364606 -0.13398766872976559 -0.4055976884378121
v -0.06914814308092708 -0.1256167545508139 -0.4066034644208379
v -0.0680000851460711 -0.11723735751042672 -0.40734216672389667
v -0.06674030233652606 -0.10884926842391376 -0.4078072093941757
v -0.06549014721443373 -0.10045837147865297 -0.4082454382650034
v -0.06425493503663361 -0.09206311651106798 -0.4086420499652046
v -0.0630253651316661 -0.08366631553265565 -0.40901567009069717
v -0.061852485977448565 -0.07525398100649185 -0.4091582823103655
v -0.060679606823230925 -0.06684164648032825 -0.4093008945300338
v -0.059839887438828405 -0.058393467569625566 -0.40941586005541153
v -0.059216145226979974 -0.049922051853264024 -0.4095129030841243
v -0.058592403015131536 -0.04145063613690228 -0.4096099461128372
v -0.058248455717392414 -0.03296615672079084 -0.4098491176825679
v -0.05790865527062879 -0.024481483687092857 -0.410090395744766
v -0.057565264908403684 -0.015996205673983185 -0.4102818965218032
v -0.05720915870031532 -0.007508784762237052 -0.4102970810896154
v -0.05685305249222707 0.0009786361495090809 -0.4103122656574277
v -0.05658007507907461 0.009467771359813798 -0.4102403867471339
v -0.05641180786486233 0.017959065924687056 -0.41005884145565524
v -0.05624354065065005 0.02645036048956032 -0.4098772961641765
v -0.056191010802867085 0.03494184443976411 -0.4096615512265578
v -0.05620801970339427 0.04343344217879248 -0.4094252580368181
v -0.056225028603921354 0.05192503991782064 -0.40918896484707834
v -0.05645070485287457 0.06041381549104126 -0.40896660174897
v -0.05669388809484354 0.06890235428722204 -0.4087454073723638
v -0.05696465416431509 0.07738847878250264 -0.4084786295483512
v -0.05727966066013119 0.08587073095174523 -0.4081387398888195
v -0.057594667155947285 0.0943529831209878 -0.40779885022928775
v -0.05804546703754559 0.1028145078733539 -0.40721463536713065
v -0.05853330258884011 0.11127037952442452 -0.4065637843617562
v -0.059048722147843076 0.11971973085597849 -0.405858728191577
v -0.05963090852805024 0.12815329981783619 -0.4050224689494892
v -0.060214086639234984 0.1365873896461036 -0.4041928272001869
v -0.0608210983890619 0.14503399712490384 -0.4035222194382783
v -0.06142811013888881 0.15348060460370425 -0.40285161167636974
v -0.06189678345940277 0.1619184291571105 -0.40198746098676225
v -0.06236928294586017 0.17035032838171543 -0.4010810749180845
v -0.06288914570282339 0.17871176854096593 -0.3996741573253016
v -0.06345019439721472 0.18707087216299947 -0.39826986411455695
v -0.06428168739957403 0.1953893280563207 -0.39679402296320715
v -0.06570701605381381 0.20356359950229638 -0.3950003391139566
v -0.06980342565313655 0.2052425335484207 -0.39352633302089063
v -0.0725097451727836 0.19729819160978732 -0.3947076071196503
v -0.07391069033544691 0.1890076800463084 -0.3956816410174817
v -0.07429557744825371 0.18055485920030231 -0.39633447005521505
v -0.07390097122276396 0.17207136120222216 -0.3961397816399134
v -0.07346180621338994 0.1635893149693855 -0.39602148645841295
v -0.07295778103948486 0.1551093819390281 -0.3960143899515951
v -0.0725140935703094 0.14662683007280433 -0.39605128347139634
v -0.07219416000996733 0.1381389069188168 -0.39617840146639427
v -0.0718558595145638 0.1296517079888041 -0.3962761284128642
v -0.07141343648020576 0.12116861469964878 -0.3962072368906
v -0.0709710134458477 0.11268552141049326 -0.39613834536833586
v -0.07065564894812178 0.1041984717049512 -0.39599568747130387
v -0.07041991109855746 0.09570894254242868 -0.3958068007310512
v -0.07018417324899325 0.08721941337990595 -0.39561791399079843
v -0.07031771510132308 0.07873088848895665 -0.3953831197924408
v -0.07054549791740146 0.07024261989024436 -0.39513660991333255
v -0.07077328073347984 0.06175435129153206 -0.39489010003422426
v -0.0713749471828796 0.05328301442490813 -0.39474303575247865
v -0.07201694564455716 0.04481350403787723 -0.39460669898244083
v -0.07265894410623472 0.03634399365084654 -0.39447036221240306
v -0.07360600408800216 0.027905252037306635 -0.39428668400610095
v -0.07461751691580294 0.019473011194561806 -0.39409300358679716
v -0.07562902974360372 0.011040770351816769 -0.3938993231674933
v -0.07663643474991017 0.0026139120339559964 -0.393550100617608
v -0.07764136657791328 -0.0058097056504503395 -0.3931072314905416
v -0.07864629840591629 -0.014233323334856468 -0.39266436236347535
v -0.07975458283769657 -0.022637037498216935 -0.392126554311945
v -0.0809833035976507 -0.031017558177283192 -0.39147811435521485
v -0.08221202435760494 -0.03939807885634945 -0.39082967439848476
v -0.083418547717712 -0.0477789313780947 -0.39014747101496233
v -0.08457658072392416 -0.05616050881217475 -0.3893915112218996
v -0.08573461373013631 -0.0645420862462546 -0.38863555142883677
v -0.08692831328706324 -0.07290592722351585 -0.38776698446725344
v -0.08819749263166483 -0.08123223320039337 -0.3866601111654091
v -0.08946667197626632 -0.08955853917727069 -0.3855532378635647
v -0.09085861576669188 -0.09784873551704674 -0.38434095080896885
v -0.09237942532126438 -0.10610102759271035 -0.3830180110021961
v -0.09390023487583678 -0.11435331966837398 -0.38169507119542323
v -0.09560088912279663 -0.1225107759279775 -0.38004423705094476
v -0.09730370010014135 -0.13066709489916092 -0.3783894707377056
v -0.0990531708917451 -0.13879413066890267 -0.3766424446668474
v -0.10081030909903196 -0.14691635445039386 -0.3748802579288553
v -0.10241720765243838 -0.15505363247586507 -0.37304695081239625
v -0.10397324365421891 -0.1631931297993523 -0.3711795879460502
v -0.10544505482059408 -0.17133109575785183 -0.36923777490548176
v -0.10715317791547806 -0.17937878376278785 -0.36712802682440493
v -0.10913545902720463 -0.18737221742181132 -0.36504931122224477
v -0.11239388874157424 -0.19445871857107294 -0.36209844316398343
v 0.4162715628085536 0.2215708016307211 0.07303450580148343
v 0.419343442897015 0.21130864748203868 0.07183888893902365
v 0.4219141843138903 0.2009759864478454 0.07032192117802404
v 0.42378216102490335 0.19054445108311766 0.06835431154383544
v 0.42576212911659417 0.1800764267576422 0.06686239948075635
v 0.4279529404826308 0.16953970561000953 0.06626607092494678
v 0.42982036731287737 0.15896593841310414 0.06629322486883048
v 0.43110912946612845 0.1483258809711073 0.06743603914698551
v 0.43244620680674195 0.1377005948714064 0.06865147779297887
v 0.4338819480102206 0.12710547315210366 0.07001522178684032
v 0.4351078383645135 0.11649136957276862 0.07135815999298015
v 0.43534009899298914 0.10578738815661415 0.07260258418676603
v 0.43557235962146484 0.09508340674045966 0.07384700838055185
v 0.43549038393005346 0.08433716058392823 0.07463803086588276
v 0.4353432091992009 0.07358214516585572 0.07533497970663054
v 0.4347856308530726 0.0628417190624162 0.07590088820640895
v 0.43380872532807013 0.05211619949468721 0.07633290710470199
v 0.4328318198030676 0.041390679926958204 0.07676492600299509
v 0.43138750355933886 0.030713305611286754 0.07701411762338292
v 0.4299003718655537 0.020040341465413072 0.07724656201938654
v 0.428131122848927 0.00942089520477269 0.07740756880713051
v 0.4255597366434795 -0.001046384979781833 0.07736545881463461
v 0.42298835043803207 -0.011513665164336356 0.07732334882213869
v 0.4203727162094347 -0.021968781285772447 0.07741062622853416
v 0.41771214159574677 -0.0324115430093873 0.07762931559682354
v 0.4150515669820588 -0.04285430473300235 0.07784800496511292
v 0.41231253719876126 -0.05327186784980332 0.07822047227623427
v 0.4095448517521971 -0.063680227203548 0.07864910680959847
v 0.40677716630563304 -0.07408858655729268 0.0790777413429627
v 0.4036483087987907 -0.0843867668462458 0.07960393644589954
v 0.4003802876749975 -0.09464249391454617 0.08016772272275784
v 0.39711226655120424 -0.10489822098284653 0.08073150899961613
v 0.3938879081060675 -0.11515976875433706 0.08141983165233278
v 0.3906838591486512 -0.1254240239982869 0.08216608180913475
v 0.3874798101912352 -0.13568827924223673 0.08291233196593675
v 0.38424315996993624 -0.14589826398328323 0.0840957756087904
v 0.3809968999508429 -0.15609225153597003 0.08540808974614587
v 0.37773802620781666 -0.1662815277263189 0.08672530831078343
v 0.37441265358925724 -0.17644596586730418 0.08806838275280657
v 0.37108728097069804 -0.18661040400828968 0.0894114571948297
v 0.36767561015694994 -0.19678566979713089 0.09039684198728684
v 0.36424404399302784 -0.20696343181251728 0.0912997643271267
v 0.36076860491872925 -0.21712314615435502 0.09223687376358042
v 0.35727894444824376 -0.2272770103459842 0.09318506494139253
v 0.35476820359353806 -0.23767679084684945 0.09444505037211708
v 0.35245802702758366 -0.24810784911040928 0.09582250277909873
v 0.350989802069228 -0.2585627233702152 0.09799452359260649
v 0.3494465722789943 -0.2689053994987102 0.10057823401063333
v 0.3490610059528846 -0.27870505203833135 0.10462819572329547
v 0.3527948940259427 -0.2793525111195376 0.10909472324638254
v 0.3575236509212773 -0.2697610585255827 0.110418883961545
v 0.36204494314021296 -0.2600341896819767 0.11146994509648696
v 0.3663506727826466 -0.2502022783826059 0.11239154521243562
v 0.3701883839194753 -0.24015038993398932 0.1130312846733344
v 0.3738465080025514 -0.23002323203713737 0.11343345618138548
v 0.37736223859009527 -0.2198363934471778 0.11364726148749905
v 0.38069613044373524 -0.20958873659193067 0.11363496258825004
v 0.38393009470668715 -0.19930765768963357 0.11349841046747136
v 0.38694068336119225 -0.18896319922561625 0.1133254838133226
v 0.38964236888768133 -0.178531094017159 0.11310225530564438
v 0.3923022830124513 -0.1680904099799182 0.11285023329861825
v 0.394469725612884 -0.15754858428320834 0.11225874510345271
v 0.39663716821331657 -0.1470067585864987 0.11166725690828713
v 0.3986893363630886 -0.13644540400099003 0.11102785861761275
v 0.4006308886554478 -0.12586530974882967 0.11034248642497577
v 0.402572440947807 -0.11528521549666931 0.1096571142323388
v 0.40409202552673507 -0.10465148560744951 0.10877466393513954
v 0.4055853298168971 -0.09401441527301262 0.10787993954840096
v 0.40704234409874285 -0.08337202122916558 0.10699383914827926
v 0.40826574089928147 -0.07269535572490023 0.10616325579336483
v 0.4094891376998203 -0.06201869022063488 0.10533267243845039
v 0.41061558795494135 -0.05133292521497552 0.10450320951120054
v 0.41138133115020203 -0.04061330387766643 0.10367791533660653
v 0.4121470743454625 -0.029893682540357337 0.10285262116201256
v 0.41287436658624127 -0.019169539783840586 0.10205840465256455
v 0.41343343961079776 -0.008425616254503887 0.10140014992984811
v 0.4139925126353541 0.002318307274832811 0.1007418952071317
v 0.41478820111692855 0.0130431532644131 0.10006580596675728
v 0.41585619436338933 0.023746044200661794 0.09936919218331652
v 0.4169162061323255 0.03445124541911914 0.0986995508632784
v 0.4179323588315785 0.04516914188454825 0.09817812610442964
v 0.41894851153083124 0.05588703834997757 0.09765670134558088
v 0.4196739053001359 0.06663350527838126 0.09740823160397769
v 0.42021146980782637 0.0773984286269038 0.09733608985805214
v 0.42073203095857453 0.08816371667862676 0.09724340510260512
v 0.42109114326481994 0.0989324676294991 0.0969556620912398
v 0.4214502555710655 0.10970121858037124 0.09666791907987447
v 0.42195444388305725 0.12045777158009426 0.09621014842294934
v 0.4224892150357376 0.1312117531828811 0.09571653497885846
v 0.42273913312538275 0.14197866136811998 0.09533711566329435
v 0.42285311446926543 0.1527517383392364 0.09501219173581452
v 0.42292110760460355 0.1635252225017679 0.09468965814108285
v 0.4229643209868076 0.17429892607060116 0.0943684125255372
v 0.4225207879525361 0.1850412637908933 0.09371594012478301
v 0.4219575236246185 0.1957717861194443 0.09290421876625378
v 0.4219595761306461 0.20651574295034375 0.0920410026090917
v 0.42297278494652546 0.21717177516421207 0.0908287956245042
v 0.42281749529402035 0.22790928165893198 0.09000276933067418
v 0.42171413526977103 0.23833484772976563 0.0878697111800812
v 0.41655297262081215 0.2368780857452626 0.08138138718355782
v 0.41473506221019557 -0.18152699910189427 0.09278704020840922
v 0.41621960880381276 -0.17935616898510662 0.09593391894921612
v 0.41640757333791645 -0.17731193843743004 0.0991629202861662
v 0.41338771720016537 -0.17931464533948324 0.09998122026746907
v 0.41015707015785313 -0.18063041071236102 0.09797750998327628
v 0.40720530348089995 -0.18132398660748159 0.09524297955891095
v 0.4044041918877742 -0.18164267223797054 0.09224806941141989
v 0.4017103915163511 -0.1818905655493119 0.08915923159582974
v 0.3992635707025856 -0.181975528503592 0.0858542168180273
v 0.39681674988881993 -0.1820604914578721 0.0825492020402249
v 0.39436992907505447 -0.18214545441215216 0.07924418726242242
v 0.39189121016395007 -0.1822583230116193 0.07596396915859802
v 0.38940381372710237 -0.18237878303423338 0.07269049671657585
v 0.3869164172902549 -0.18249924305684748 0.0694170242745537
v 0.3844290208534074 -0.18261970307946157 0.06614355183253152
v 0.3818406531450123 -0.18263756930492178 0.06294881385890978
v 0.37921119086193056 -0.18261368059954985 0.05978612024248484
v 0.376581728578849 -0.18258979189417793 0.056623426626059965
v 0.3739522662957672 -0.1825659031888058 0.05346073300963503
v 0.37128703588658885 -0.18253680033452735 0.05032855536710123
v 0.36858285953796405 -0.18250202008113023 0.04722960488519919
v 0.3658786831893394 -0.18246723982773314 0.04413065440329716
v 0.36317450684071484 -0.18243245957433604 0.04103170392139512
v 0.36047033049209004 -0.18239767932093892 0.03793275343949309
v 0.35762441212515383 -0.1822125602435757 0.034972754232069685
v 0.3547278375815342 -0.1819737126380037 0.03206241383714422
v 0.3518312630379144 -0.1817348650324317 0.029152073442218703
v 0.34893468849429454 -0.18149601742685945 0.02624173304729324
v 0.34603107937557087 -0.18125250533502654 0.023339088479168095
v 0.3430366759836314 -0.1809487893739166 0.020535772867062083
v 0.3400422725916919 -0.18064507341280664 0.017732457254956067
v 0.3370478691997526 -0.1803413574516967 0.014929141642850054
v 0.33405346580781314 -0.18003764149058674 0.012125826030744094
v 0.33095113120809916 -0.17958931155448893 0.0094649934469146
v 0.3278247787425778 -0.17910880075877902 0.006835867524425589
v 0.3246984262770565 -0.17862828996306931 0.004206741601936682
v 0.3215610553223778 -0.1781067824234722 0.0016029258244582261
v 0.3183228690165633 -0.17721016890778457 -0.0007693109116392922
v 0.31508468271074885 -0.17631355539209717 -0.003141547647736862
v 0.31182003225893223 -0.17533034193144373 -0.005410111019654069
v 0.30835112980016427 -0.1736787444405774 -0.006878516596967348
v 0.30492549078674236 -0.17176347406879233 -0.00785163780490785
v 0.30129634146850415 -0.16990392016706699 -0.008037064888986974
v 0.3033218384099578 -0.17100309349145987 -0.005168677564790209
v 0.30587138907702915 -0.17183703035978704 -0.0020631364044706555
v 0.30847419008124943 -0.1724857200041764 0.0010538923662711385
v 0.3111163055966105 -0.17289720685694368 0.004179140780918625
v 0.3137596055212413 -0.17327079024322983 0.007307209063937212
v 0.31640770791254336 -0.1734906850869404 0.010446711168198107
v 0.3190558103038454 -0.17371057993065117 0.013586213272458951
v 0.321788371814225 -0.17401171932302933 0.01664456814251759
v 0.3245465452306286 -0.17433749581520397 0.01967831542302059
v 0.3273048754193084 -0.17464325779977424 0.022713847738573736
v 0.3300635710372371 -0.17490236685146832 0.02575354089195605
v 0.332822266655166 -0.17516147590316236 0.02879323404533836
v 0.335563844738145 -0.17541831837882646 0.03184807813050988
v 0.33820867117240105 -0.1756623497243549 0.03498855823947864
v 0.34085349760665734 -0.17590638106988313 0.038129038348447344
v 0.34349832404091346 -0.17615041241541154 0.04126951845741605
v 0.34608850714781386 -0.17626451777259242 0.04446087779523948
v 0.34865330846315945 -0.17631827258903268 0.047675870503206215
v 0.35121810977850504 -0.17637202740547275 0.05089086321117301
v 0.3537829110938506 -0.176425782221913 0.05410585591913975
v 0.35631468876016525 -0.17634787054326698 0.05734575463389945
v 0.35883890458631956 -0.17623980953165663 0.06059135639020457
v 0.36136312041247365 -0.17613174852004632 0.06383695814650969
v 0.3638798589163154 -0.17603481215178143 0.06708849733359636
v 0.3663479930473744 -0.17601018861017245 0.07037863123240191
v 0.36881612717843326 -0.17598556506856347 0.07366876513120744
v 0.37128426130949227 -0.1759609415269545 0.0769588990300129
v 0.3737878373946149 -0.17612350917328082 0.08021686835920089
v 0.376299566736242 -0.17632913928077698 0.08346743837891567
v 0.3788140007420072 -0.17654280725921495 0.08671526297657604
v 0.38135826873615203 -0.17684513753953712 0.08993280400278504
v 0.3839025367302971 -0.1771474678198593 0.09315034502899401
v 0.3864116770097919 -0.17751230442484384 0.09638868352511465
v 0.3889317145090089 -0.17792978783258373 0.09960962310311354
v 0.3892963848096796 -0.1795804840873758 0.0979685131375145
v 0.3874937275654994 -0.18033609906161877 0.09435514593981204
v 0.3855252765616619 -0.18074659409197405 0.0907786572500626
v 0.3834628467102098 -0.18095119014994213 0.087225940396629
v 0.38134491586561586 -0.18117283002556814 0.08370865568082587
v 0.37909230319766574 -0.1814358293852183 0.0802773525778075
v 0.37683969052971583 -0.18169882874486826 0.07684604947478918
v 0.3745870778617659 -0.1819618281045182 0.07341474637177081
v 0.3722203406320242 -0.18226959239624696 0.07006576285974775
v 0.369825241136072 -0.18258848168070832 0.06673723743420058
v 0.36743014164011983 -0.18290737096516943 0.06340871200865342
v 0.3650329447175995 -0.18322385562994098 0.06008169854546055
v 0.3623767929616586 -0.1832434584393047 0.05694135667568806
v 0.3597206412057177 -0.1832630612486682 0.05380101480591561
v 0.357064489449777 -0.18328266405803192 0.050660672936143125
v 0.35407169092021534 -0.18290862387133283 0.04788358043517686
v 0.3509878144721732 -0.18242808575411645 0.04520476303735351
v 0.34790393802413105 -0.18194754763690008 0.042525945639530154
v 0.3449743965436424 -0.18183821595725835 0.039641718988608736
v 0.34204814415946877 -0.18173679521151057 0.03675311477615269
v 0.33884636971558996 -0.18120064695622753 0.036145002451531995
v 0.33527160010690654 -0.18024669374662863 0.03583314297332919
v 0.3362231006934464 -0.1785584342054343 0.03562283262959902
v 0.33545896981206214 -0.18926511617913072 0.01638594684531491
v 0.33248591728104654 -0.18873886894904718 0.0169751650019475
v 0.329484232505843 -0.18976739568557502 0.017722123377706525
v 0.32696288070579327 -0.19157191435485543 0.018688560730339504
v 0.32520711203739416 -0.1937855842598062 0.020366127938363763
v 0.3237700854336415 -0.19581708390459127 0.022503338137025045
v 0.32243512906080257 -0.19788660652291612 0.024675402550510404
v 0.32121975765724514 -0.20005862044483552 0.026820750465618458
v 0.31990537564775534 -0.20220413482131064 0.02891960762847371
v 0.31811217704197586 -0.20422149704647521 0.030793634900197753
v 0.3163189784361966 -0.20623885927163957 0.03266766217192174
v 0.3139677590404932 -0.2077979885598636 0.034332523322700564
v 0.3115509629757022 -0.2093032679016102 0.03597280399593231
v 0.30930524479880034 -0.2111526927033352 0.03747106385987578
v 0.3071501081411684 -0.21318433403227638 0.038894127210511824
v 0.3049949714835364 -0.21521597536121775 0.04031719056114786
v 0.3036321243201954 -0.2177286685185587 0.041878084285523864
v 0.30244063278772193 -0.22034540311546139 0.04346878783423183
v 0.3012491412552485 -0.22296213771236403 0.04505949138293984
v 0.29974882762484867 -0.22520757792320384 0.04685729693809233
v 0.29794403093654775 -0.22708694054176928 0.04885929465644556
v 0.2961392342482466 -0.22896630316033473 0.050861292374798785
v 0.29395843752814005 -0.2302948234903061 0.052887793551877144
v 0.2916343481739564 -0.23141341925693457 0.05492363293333776
v 0.28945047789968514 -0.2327338405174485 0.05697387793534077
v 0.28745398356322494 -0.23432396288579002 0.05904337328943973
v 0.28550615175372873 -0.2359550474968623 0.06111652450009479
v 0.2840959532888665 -0.23803869117005216 0.06323006634622208
v 0.28268575482400427 -0.24012233484324202 0.06534360819234937
v 0.28090078122219453 -0.24173104986936486 0.06754438978781535
v 0.2789354986078733 -0.243111270774817 0.06978714351938173
v 0.27607467958982657 -0.2422139971843634 0.07103738198545748
v 0.2730377550122423 -0.24184532615741464 0.07210754409813631
v 0.2701132087434355 -0.24242226339485665 0.07334328776329167
v 0.2683389690302288 -0.23985447836061208 0.07335121246339969
v 0.2676918510936901 -0.23672102925290575 0.0729387726347891
v 0.26833016043151653 -0.23352768617947545 0.07250012584399661
v 0.26899558132008305 -0.23034059036094112 0.07205650044131634
v 0.2697143757691552 -0.227170300488107 0.07159443867923276
v 0.2707031205349642 -0.22408692109486356 0.07103547078403456
v 0.27169186530077316 -0.2210035417016201 0.0704765028888364
v 0.27312009617880356 -0.21807039435313513 0.07015043993535827
v 0.2747762998659546 -0.21527861103846924 0.06987821037492951
v 0.277211342482419 -0.21308200313556022 0.069671398916508
v 0.2794463163460644 -0.2107243225067458 0.06941318032324119
v 0.28116563442296433 -0.2079514941748053 0.06902246534465918
v 0.2828849524998643 -0.2051786658428648 0.06863175036607713
v 0.2844471416794982 -0.20234414120914282 0.06807589542071325
v 0.285971715614223 -0.19949484703562306 0.06748050745244309
v 0.28750452522710823 -0.19668192893816186 0.06676828478324108
v 0.2890526740893836 -0.1939367626021942 0.06583845324443388
v 0.2905994329087129 -0.19119606941179745 0.06489645050621112
v 0.2920966750615239 -0.18861472040439148 0.06352088042792886
v 0.29359391721433475 -0.18603337139698548 0.06214531034964659
v 0.29492174412732225 -0.18342641346062347 0.060653888317614216
v 0.2961957270722836 -0.1808113164315016 0.059125645932820554
v 0.2972907079078994 -0.17828652446329998 0.05735420727357686
v 0.2982311992532861 -0.17583967114552954 0.05537287573316699
v 0.299194196670978 -0.17410441374246421 0.05289608911916123
v 0.30024806140088717 -0.17316520564835985 0.04995583580337193
v 0.30194041347930817 -0.17324972085263202 0.04714050430861576
v 0.30319055506389114 -0.1741342837447896 0.0442598706964312
v 0.3027816540249477 -0.174510722560246 0.041081658325328375
v 0.3017929340125443 -0.1759878996825168 0.03836020998897316
v 0.3001764679640402 -0.17811875581894757 0.036540297329572355
v 0.29790075459299376 -0.18023725187144038 0.03553685737104188
v 0.29558387260737273 -0.18249853930945434 0.03523509073453313
v 0.29345679957456366 -0.18499365415867397 0.03537718684753646
v 0.2914528182005346 -0.18757781564349502 0.035698835530678256
v 0.28922826258846424 -0.18997217254284823 0.03598832939198772
v 0.28684256497469 -0.1921793690579694 0.0362651137948977
v 0.283829337566489 -0.19346170378928992 0.03653597912263602
v 0.28086086991629183 -0.19453478526496693 0.03737154365419904
v 0.27806400461966846 -0.1957819070333994 0.0384783282554316
v 0.2755976283076863 -0.1975665179682739 0.03971503416278167
v 0.2730863552604477 -0.19918318962302653 0.041078124088009184
v 0.27051542113552973 -0.20047008234301172 0.042601007417729646
v 0.26783504639831573 -0.20107076146090636 0.044404056901516574
v 0.2650475523347348 -0.20145993025733464 0.046099850018569234
v 0.262363673090375 -0.20200900268150876 0.04790927900027713
v 0.2597942100347537 -0.20121104213096766 0.049474557462981954
v 0.25732522577390377 -0.19941318005244688 0.05062911499188052
v 0.2549182860776917 -0.19735951508336502 0.05151563727504645
v 0.25239016041538037 -0.19550974212540245 0.0525077110837968
v 0.24986566957658382 -0.1938248385604581 0.05374700272663396
v 0.24745179388259503 -0.19247899243750946 0.05541651906313723
v 0.24530920123134153 -0.19168901021025003 0.05776802716375103
v 0.24403089812474102 -0.18943414792306948 0.05978763777868712
v 0.24284303101790397 -0.18700161852983907 0.061641174411149316
v 0.2417001157040685 -0.18448077856343784 0.0634121629067781
v 0.2411454944171798 -0.18192462745818708 0.06539933634657134
v 0.2406201249436438 -0.17938481284832944 0.0674160047190296
v 0.24014788788177205 -0.17689260676960522 0.0695048299441308
v 0.23956078139370107 -0.17415177599300022 0.07118996168056187
v 0.23889366583020644 -0.17129893997352924 0.07267422061104252
v 0.23805463166630256 -0.16840925455526032 0.07399445909620367
v 0.2372396331623593 -0.1657302723543496 0.07569191081862092
v 0.236315608984638 -0.16299040460807382 0.07723736144710429
v 0.23518639566519592 -0.16024968009426754 0.07865130215904083
v 0.23417205449589523 -0.1577930829661769 0.07896341343211878
v 0.30235354548238813 -0.19098467437834704 0.10315523742502757
v 0.30575937879727216 -0.19081234359553337 0.1074967749623921
v 0.3091652121121564 -0.1906400128127197 0.11183831249975662
v 0.3123544865075916 -0.19024481845626762 0.11632340202918308
v 0.3154796861160584 -0.1897836839111584 0.12085096528046631
v 0.3185586963239057 -0.189436124675138 0.12541799265188477
v 0.32158339822755116 -0.18922210435395803 0.13003142091642197
v 0.32460937632854614 -0.18900509706062754 0.13464386512200577
v 0.327643051366828 -0.18877007489105024 0.1392503743207091
v 0.33067672640510964 -0.18853505272147275 0.14385688351941242
v 0.3335418919847532 -0.18808717801937466 0.148553463079378
v 0.3363849748527779 -0.18761140956501504 0.1532618461180873
v 0.33946531971187754 -0.18725109109451588 0.1578265476543561
v 0.34260741431268016 -0.18692081960562854 0.16235385468161423
v 0.34546683971891956 -0.1863089060580821 0.16702804790634102
v 0.348201952197721 -0.18557313129935712 0.17176683909065707
v 0.35091829408175484 -0.18458791106870065 0.17646908178792423
v 0.3535568166217607 -0.1833284257660323 0.18113033355316743
v 0.3557378683035058 -0.18095405184718846 0.18537932963477222
v 0.35465899861157474 -0.17670700768911388 0.1836872989442476
v 0.3517872820693445 -0.17412292849669464 0.17975120908172965
v 0.34879094487305995 -0.1724561811991271 0.17543113024092338
v 0.34566015658723576 -0.17108840339931666 0.1711052402854756
v 0.3423708635967853 -0.17001594556066668 0.16680306264349976
v 0.3390680881256576 -0.16906916480245338 0.1624882200903772
v 0.33571872419088944 -0.1685566588807801 0.15812961417006854
v 0.33236936025612146 -0.16804415295910663 0.15377100824975992
v 0.32889382513945115 -0.16752662079393701 0.14951394142217939
v 0.32537722652150364 -0.16700745279439402 0.14528992136963176
v 0.3218498024993687 -0.1665252154486494 0.14107117969695823
v 0.3182844104162168 -0.1661725053974544 0.1368709509449723
v 0.31471901833306515 -0.16581979534625937 0.13267072219298637
v 0.31115742375027805 -0.16541573951745292 0.1284727758422583
v 0.30760637517181605 -0.16486909178851583 0.12428116792766561
v 0.3040553265933541 -0.16432244405957874 0.12008956001307292
v 0.3004425203338798 -0.16368203850645135 0.11596887353997
v 0.29670433375872135 -0.16285128601344395 0.11199217163003346
v 0.29296614718356306 -0.16202053352043633 0.10801546972009693
v 0.28918283919694227 -0.1612023860673369 0.10407990331125466
v 0.28531967554460136 -0.1604065469556804 0.10021713832236206
v 0.28145651189226045 -0.1596107078440237 0.09635437333346947
v 0.27755464662102525 -0.15906482629982416 0.09249173181205232
v 0.2736311199534806 -0.1586588466533733 0.0886291593957009
v 0.2697253024683506 -0.1583825973023026 0.08474578240735102
v 0.2658859895407336 -0.1585935333948223 0.08078427652391106
v 0.2620347954813062 -0.1589581906641609 0.07685124317504667
v 0.2581600300339374 -0.15972310646228965 0.07300432534455678
v 0.255144836014177 -0.16070952047985695 0.06863496398491106
v 0.258751018689248 -0.16363478104731474 0.07093224569889389
v 0.2625387143886855 -0.16599693404523835 0.07411571460353257
v 0.2664689169700551 -0.16770336007577355 0.07759652094130587
v 0.2704418904508273 -0.16887810123605818 0.08124533055311603
v 0.2743458479008204 -0.16997766949772852 0.08498897474043464
v 0.2782015459413783 -0.17113827483752198 0.08875567554504
v 0.2820566845085893 -0.17289105003659042 0.09229743109631082
v 0.2857624967615539 -0.1747693398396259 0.09593107130185108
v 0.2894070256239217 -0.17657958239599386 0.09965205458278195
v 0.2929720266365345 -0.1778753836186374 0.10366329050544847
v 0.2964167938449258 -0.17887975380609317 0.10784758603346609
v 0.2997731223318809 -0.1796786865228905 0.11215727588317244
v 0.3031228183322103 -0.18067507487126744 0.11643104396537107
v 0.3065031413038819 -0.18139379986223145 0.12073156368956446
v 0.30969721671091 -0.1816742188960613 0.1252140027389045
v 0.3125897508527587 -0.18214306860916293 0.12988603197618404
v 0.3145645543037995 -0.18463846402545825 0.13422814365825247
v 0.31663763047535637 -0.18784008680742245 0.1381715537302124
v 0.3193323797291084 -0.19013081712000232 0.14216948164330737
v 0.32329867845792704 -0.19263215696819588 0.141813420729477
v 0.3271180162248813 -0.1920343640143986 0.1379555223270655
v 0.3303186497188634 -0.19132174466994228 0.1335437720040529
v 0.33330443613866784 -0.19007306371841842 0.12909522692509545
v 0.33711520518884946 -0.18897378656708214 0.12528795132962084
v 0.34152587372693005 -0.18782632486660397 0.12219719864665401
v 0.34627164469192767 -0.18658399633177603 0.11967426432628937
v 0.3510822538453462 -0.184978724794123 0.1174926388957283
v 0.35559799329060404 -0.18298521171847662 0.115032155139423
v 0.36000010027230417 -0.18097102773832152 0.11238485171534773
v 0.36431571326810736 -0.1790383801377744 0.10953640375623944
v 0.3685532567615109 -0.1773729108906504 0.1064142596237205
v 0.37294791685088063 -0.17581352186910615 0.10346733765816056
v 0.37754077115460327 -0.17426362272968296 0.10085555528011977
v 0.38238117850909054 -0.1725154677294028 0.09885810590659558
v 0.38734604588772 -0.17111445847152632 0.09689199003315631
v 0.3923392084848555 -0.16993516610244414 0.09486996708602533
v 0.3965600012307249 -0.16903701553658582 0.09148944884441057
v 0.3966780399518195 -0.16694513718803153 0.09351778262324086
v 0.3927119661662747 -0.1656184623890616 0.0969754352408465
v 0.38861035983748365 -0.16631870315058692 0.10054953731559846
v 0.38523612328055423 -0.16797706441483112 0.10456485445067717
v 0.38268405453508053 -0.17009962679733773 0.10895315593604539
v 0.38062073163206955 -0.17242923650262892 0.11351262701109376
v 0.37848942125332513 -0.17465254762009688 0.11809305494544012
v 0.3760066576614033 -0.17702782274498877 0.12239356335797887
v 0.37195042883583623 -0.17901078275694993 0.12472570352972275
v 0.3667545528449819 -0.17984582823117307 0.12319042428125228
v 0.36209577148743133 -0.17984427385354101 0.1202642607670722
v 0.35754595252711807 -0.17885228661050379 0.11732725897664674
v 0.35308339076003586 -0.17842637982648785 0.11422017857912031
v 0.34904631054121793 -0.18071196905345938 0.1114949096769298
v 0.34508923713395184 -0.18182318201782258 0.10785111749778957
v 0.2954524202382807 -0.2149517944680075 0.05150487445476513
v 0.29750699558109966 -0.20635194198061638 0.05640485412251542
v 0.2971200433737687 -0.19614454054518746 0.05884671330644902
v 0.2964734320344646 -0.1858892732961081 0.06103970995494803
v 0.2951743825853426 -0.17555995471604052 0.062337980271716754
v 0.2929796800060029 -0.16531294470350583 0.06288106783195038
v 0.2902869855539296 -0.1551567710190184 0.0630250177411186
v 0.28747742748624744 -0.14503585040506967 0.06275684656145745
v 0.2846054291820663 -0.13495182538255623 0.06202235989508778
v 0.28220615424737777 -0.12474089832118453 0.06136688963932576
v 0.2800081784015598 -0.11447809437564403 0.060854044565109004
v 0.2780107564334309 -0.1041643250740304 0.06051956907826087
v 0.2762301421397455 -0.09380841348203128 0.060342203657263144
v 0.2745335030121998 -0.08343617910143285 0.06022569098936056
v 0.27294656791875066 -0.07304609419781406 0.0602231279991902
v 0.27138234586697413 -0.06265254204985642 0.0602299383815793
v 0.27004180329544697 -0.052228285315852885 0.060114948232107335
v 0.2686946173761429 -0.04180498335972555 0.05999575439641737
v 0.26723463715278906 -0.031397892131937694 0.059805188132649754
v 0.2657764373768034 -0.020990561356328884 0.05961444771973691
v 0.2643965080186972 -0.010572699795944265 0.05941605151951067
v 0.26301657866059075 -0.0001548382355594396 0.059217655319284426
v 0.26160710328748976 0.010257621470327362 0.05895441451573351
v 0.2601966333861361 0.02066989934807549 0.05868899102223068
v 0.2587946815991185 0.03107716495004885 0.058245195598458775
v 0.25739321159851813 0.041484147056603804 0.057791311419142385
v 0.25585858904781833 0.05186968548870718 0.0572819878905269
v 0.2543144465837037 0.0622536907776307 0.056768700654083785
v 0.25271825653798535 0.07263210032959955 0.056304926550649496
v 0.25111092209985914 0.08300931172621634 0.05585175416523141
v 0.24955305485317353 0.0933933725232292 0.0553839918856186
v 0.24801227558056674 0.10377979938091769 0.054911189664853824
v 0.24648255737295882 0.11416910895932254 0.05446713286240381
v 0.24495778419046774 0.12455970730389489 0.054035927156622504
v 0.24360865986846708 0.1349763547047102 0.05367321324935116
v 0.24234277063306817 0.14540534602535624 0.053342955691438085
v 0.24106892223614043 0.15583608276442312 0.05312202499283493
v 0.23979266561582274 0.16626734761910295 0.052934173595207246
v 0.2387284252619096 0.17672336589546184 0.05295142799321854
v 0.2377359272254582 0.18718632882246997 0.05300853430708629
v 0.23709093344123583 0.19767657412094536 0.053127455176186174
v 0.2364030938098761 0.20816224277432235 0.053332760302613066
v 0.2356652084866832 0.21864256572011023 0.05363896575451501
v 0.2349641407788789 0.22912973165277553 0.053685543786800606
v 0.23418180420631746 0.23961073709446531 0.05363824852589583
v 0.23313954723464778 0.25006551552829914 0.053489515046834385
v 0.23188252689683056 0.26049725144745145 0.05324395365295275
v 0.23050125461475118 0.27089494228638883 0.05269414250345601
v 0.2283924644231204 0.2811331098075438 0.051660661241181044
v 0.22476956507506018 0.28510891314342535 0.049236640955541915
v 0.2258666130600152 0.2747156903652102 0.04995129901880329
v 0.22621233230627913 0.2642535466834612 0.0507233966141843
v 0.22643155592165595 0.25375627972417725 0.050445208384048736
v 0.22645639077711854 0.24325681825608056 0.0500062605166208
v 0.2263345846366462 0.2327529872806973 0.04965843285919218
v 0.22632222635229823 0.22224520649155316 0.04940984537544884
v 0.22635554576001815 0.2117359951850499 0.0493823198247307
v 0.22641577098966184 0.20122594125179402 0.04948500779257753
v 0.2267874028398201 0.19073914062746758 0.05003052595359789
v 0.22722979580544234 0.18025762386664831 0.05067666868829727
v 0.2276593715940679 0.16979880294705993 0.05161102806096912
v 0.2280842171306791 0.1593483580566645 0.052651755421907656
v 0.22838577700501278 0.14888461228528171 0.05358317958823572
v 0.2285657783647389 0.13840775196914137 0.05440683182282985
v 0.22871149550965555 0.12792592722377488 0.0551499057567413
v 0.2287085262381961 0.11742257236039046 0.05554352152651521
v 0.22870555696673664 0.10691921749700582 0.05593713729628913
v 0.22854828595682272 0.09641255744257492 0.056089491998112424
v 0.2283203717392489 0.0859043841887476 0.05613139132921745
v 0.22809245752167506 0.07539621093492027 0.05617329066032248
v 0.22778007255707666 0.0648901322399646 0.056173171130448465
v 0.2274664388117689 0.05438408451010389 0.05617243041105181
v 0.22717804606790598 0.043877780681620765 0.0562207811325304
v 0.22695159129490255 0.03337084842208773 0.056389595546426564
v 0.22672513652189913 0.022863916162554693 0.05655840996032278
v 0.2265430848117106 0.012355835038735916 0.05670064882613208
v 0.22639852084580434 0.0018467839743810126 0.05682045101105312
v 0.22625395687989797 -0.00866226708997389 0.05694025319597416
v 0.22600241049468311 -0.0191689601038435 0.056879428704308795
v 0.22570758189780893 -0.029674699113860538 0.05674552751370663
v 0.22541275330093466 -0.040180438123877366 0.056611626323104514
v 0.22506868740344 -0.050681931478905456 0.056342158919791704
v 0.2247174114113096 -0.06118280311881362 0.056052839794091106
v 0.2243736126499334 -0.07168391099322241 0.05576486502157737
v 0.22416078421542585 -0.08218915672438705 0.05550043778719623
v 0.2239479557809183 -0.09269440245555169 0.0552360105528151
v 0.22372673925093353 -0.1032004790425626 0.055033783923245407
v 0.2234886442740197 -0.11370822746990324 0.054956716766421096
v 0.2232505492971059 -0.12421597589724385 0.054879649609596785
v 0.22329378055389296 -0.13472313290913654 0.05506958116348877
v 0.22340641932964292 -0.1452301440097209 0.05532538541554089
v 0.22385694360131042 -0.15570251012279215 0.05591603838513304
v 0.22468340601613007 -0.16613632953163296 0.05687925071767446
v 0.22563590362726593 -0.17653754900419533 0.05803843205050157
v 0.2266773999777643 -0.18691574829416704 0.05933599531543439
v 0.22825367568136845 -0.19720909882700166 0.06074996637688955
v 0.22980273136614868 -0.20752165829333657 0.06205554368086136
v 0.23141659861565594 -0.21784341280046954 0.06318037490218638
v 0.2333625839054536 -0.2281394615505776 0.06398241032305312
v 0.23524387898694024 -0.23846949285675137 0.06407571080521682
v 0.3284750671682878 -0.17981780419516433 0.007451549339921041
v 0.32513696523625585 -0.1882223778028217 0.005270042920751157
v 0.3227019604860718 -0.19707895800143344 0.005111385006530149
v 0.3234337715308987 -0.20456210255959892 0.010570712676876029
v 0.3223329210079644 -0.21343381849273255 0.012361469925953099
v 0.32611721582905057 -0.21668550538199605 0.01735424999492594
v 0.3302676519818645 -0.21335058257479578 0.02093141021968052
v 0.3311373971293068 -0.204185972753459 0.0196323052480376
v 0.33196207705118147 -0.19492931312075695 0.019190573005741552
v 0.332662046148214 -0.18565093802080207 0.019083179431066025
v 0.3329360379678561 -0.17635687808549522 0.018793464966208238
v 0.33303363583917306 -0.1670641841978363 0.018393688427675095
v 0.3326390927315561 -0.1578049744827147 0.01755636782015498
v 0.3321525366557347 -0.1485725551636082 0.016533222874533415
v 0.3315215759908565 -0.13938218052801474 0.015218446350191006
v 0.3307936426378555 -0.13019502985757897 0.013938959379475186
v 0.32989264778722405 -0.1210136328096255 0.012722451615787143
v 0.3289782339488714 -0.11183289354633143 0.011511828877959351
v 0.3279390016415335 -0.10265827275306005 0.01035594647770979
v 0.3268997693341957 -0.0934836519597887 0.009200064077460228
v 0.32597319807704167 -0.08427442313439724 0.00824825932336539
v 0.32507781053582113 -0.07505561507074301 0.007352941698901187
v 0.3242235749445372 -0.06581703792570444 0.006717856307433137
v 0.32343146071353773 -0.05654861815524794 0.006475607229397719
v 0.3226393464825383 -0.04728019838479165 0.006233358151362302
v 0.3218325274910229 -0.03801272134133256 0.006004183781915197
v 0.3210209308642139 -0.02874555059363183 0.005779257437394459
v 0.3202105657755168 -0.019477946314300356 0.005575248597258017
v 0.3194084278732987 -0.010207445863477525 0.005510977380788368
v 0.31860628997108037 -0.000936945412654694 0.005446706164318719
v 0.31773309207411954 0.008326826248556051 0.00539416912635536
v 0.3167643617533823 0.017581551784966846 0.005357407413422482
v 0.3157956314326451 0.02683627732137764 0.005320645700489655
v 0.31477174180656553 0.03608495976479635 0.005338606462193569
v 0.3137211960638858 0.045330721841643766 0.005383012239031801
v 0.31267065032120617 0.054576483918490966 0.0054274180158700325
v 0.31148207112099274 0.06380502022482815 0.005503548057749887
v 0.3102573096486824 0.07302904119461721 0.005587993880530336
v 0.30903092811613003 0.08225283584088842 0.005671954317968919
v 0.307645447749686 0.09145440427186526 0.0057082472428947205
v 0.30625996738324224 0.10065597270284167 0.005744540167820573
v 0.30476625533777396 0.10983818231309797 0.005704634169183854
v 0.30300646823187155 0.11897280050243596 0.005477401933213596
v 0.3012466811259693 0.12810741869177372 0.005250169697243285
v 0.29941427177340835 0.13722241890320536 0.004880767085972962
v 0.29754726978752394 0.14632807435394027 0.004443643522948644
v 0.29566664970535234 0.15543057546374714 0.004000486730531103
v 0.29372209205494004 0.16451826680249074 0.0035290036575590976
v 0.29177773466234913 0.17360612626360947 0.003060814060931792
v 0.28984838205732777 0.1827065826885337 0.00283939591421369
v 0.28791902945230646 0.19180703911345837 0.002617977767495589
v 0.28612383839694494 0.20093603690077744 0.00246297379052996
v 0.2843540464547728 0.2100704380640709 0.002320543170231663
v 0.2823183664123003 0.21914945191276156 0.002395704497630205
v 0.2802509268010527 0.22822140395506063 0.002450127101142931
v 0.27814031528918265 0.23728130367269462 0.002219322498669495
v 0.27595699013351455 0.24631549806883812 0.0017948035779368242
v 0.2736461421457657 0.2553063946291367 0.0011841700783485247
v 0.2710639972717715 0.2642059514848125 0.00034493364753693603
v 0.2670589737947325 0.27214392565132306 -0.002183158409475847
v 0.2622133052339912 0.27901762514280853 -0.004077610417296922
v 0.26117361526855487 0.2710846062216743 -0.0030901099089281525
v 0.2610332033215085 0.26182660613934855 -0.0025941209887540336
v 0.2618704431931805 0.25266262880149487 -0.0013389196055852016
v 0.2631213368286976 0.24351075761499588 -0.00023098094479053727
v 0.2642829235209135 0.23431861282002214 0.0006321094542128396
v 0.26567126404961605 0.2251341655629702 0.00116676546037713
v 0.26710090503204226 0.21595093171900723 0.0016163517679935045
v 0.26860103907449767 0.20676869772389392 0.001777321721087369
v 0.27010117311695336 0.1975864637287806 0.0019382916741812334
v 0.2711758482370512 0.1883445760325941 0.0018063208758238468
v 0.272242807614144 0.17910160651016627 0.0016690375656466744
v 0.2732651681194904 0.16985472705984583 0.0014770354053691833
v 0.2742619282277305 0.16060560325439285 0.001253623834115305
v 0.27524762181814044 0.15135565823638217 0.0010240916437429357
v 0.27595942310636656 0.14208538850544195 0.0006430763502959807
v 0.27667122439459263 0.1328151187745017 0.0002620610568490257
v 0.27729370726255637 0.12354872045232758 -0.0002763322793666169
v 0.2777901094602873 0.11428778695824303 -0.0010368783255597066
v 0.2782865116580182 0.10502685346415869 -0.0017974243717528478
v 0.2787112773418412 0.09577484425617275 -0.0026900794056378867
v 0.27909558088399183 0.08652787571402547 -0.0036573529864706174
v 0.27947988442614247 0.0772809071718784 -0.004624626567303348
v 0.27982711103417846 0.06802077110246783 -0.00546777398572793
v 0.2801565142196615 0.058754305210811104 -0.006251252148984932
v 0.2804859174051443 0.049487839319154174 -0.007034730312241986
v 0.2808376269443142 0.040216351065801 -0.007743229451085924
v 0.28120229468817903 0.03094194522260659 -0.0084081717827605
v 0.28156696243204415 0.021667539379412185 -0.009073114114435076
v 0.2818402353804314 0.012381157749688313 -0.009588764413404373
v 0.2820770582142401 0.0030899999312450515 -0.010044873994881574
v 0.28231388104804883 -0.0062011578871982095 -0.010500983576358775
v 0.282457559882777 -0.015497199648788642 -0.010889853038160643
v 0.2825908180505306 -0.02479378781106596 -0.011271199880133302
v 0.282726078889762 -0.03409097075262484 -0.011635465489737257
v 0.28286904272722346 -0.043390441430244085 -0.011934030506824227
v 0.283012006564685 -0.05268991210786313 -0.012232595523911248
v 0.28328275740842995 -0.061988392901945445 -0.012332756566059658
v 0.2836559571387602 -0.07128608009056565 -0.012273853968502621
v 0.28402915686909036 -0.08058376727918565 -0.012214951370945585
v 0.3628801956010082 -0.1915594359794095 0.14417182855958688
v 0.35891977806608927 -0.18453439352101328 0.14351760983328413
v 0.3573000138978023 -0.17512598878936322 0.14305528726751718
v 0.35656500979317984 -0.1655939298657235 0.14357000381260815
v 0.3558049129763719 -0.15606772686163992 0.1441631312759915
v 0.35489267084038484 -0.14654617228150205 0.14449535110149078
v 0.35390303896621594 -0.13702190000838974 0.144455653395256
v 0.35275157424802916 -0.1275179675746319 0.14423836336485796
v 0.35140601717513714 -0.11804782197276234 0.14382771676637213
v 0.34997129630809765 -0.1085931976526455 0.1433282443856434
v 0.34839572450069595 -0.09916078662604104 0.14283409021182447
v 0.34681444540091516 -0.08972927568402585 0.142340151532213
v 0.3452036001980577 -0.08029815842517299 0.14194740689999744
v 0.34358537501471553 -0.07086713943338133 0.14157992126431
v 0.3419295422049572 -0.06144180857892765 0.14123732577073345
v 0.3402409110875044 -0.05202143845442123 0.14091643743119178
v 0.3385877113712075 -0.04259413379478737 0.14063371117985568
v 0.33707240902138524 -0.03313984024674901 0.14049951000207228
v 0.33555710667156324 -0.023685546698710643 0.14036530882428885
v 0.3342624698075108 -0.014199325825337842 0.14042323566356937
v 0.3330442304579097 -0.00470205126003779 0.14054767994171874
v 0.3318276016037559 0.004795237636907696 0.140680945118264
v 0.33063853255546505 0.01429277178593714 0.14096515902782997
v 0.3294494635071742 0.023790305934966584 0.14124937293739598
v 0.32830004251161227 0.03329209040986698 0.14154325653541613
v 0.32730071468086297 0.042809965078800825 0.14187374607100334
v 0.3263013868501136 0.052327839747734674 0.14220423560659048
v 0.325284309684472 0.06184486393771944 0.1425007763726749
v 0.3242468532162875 0.07136091163095562 0.14275833808693217
v 0.32320939674810284 0.0808769593241918 0.14301589980118948
v 0.3222394435313244 0.09040041838280735 0.14325865015556646
v 0.3212947567903398 0.09992665151644957 0.14349585661601102
v 0.32034639927998126 0.10945244312936299 0.14373532332081762
v 0.31932267679652365 0.11896916983122281 0.1440211953532802
v 0.3182989543130661 0.12848589653308287 0.14430706738574278
v 0.3172179497869328 0.13799778675858113 0.14451244332297014
v 0.3160724756748256 0.14750423364417672 0.144627222806406
v 0.3149283082009824 0.1570108454466435 0.1447337257666597
v 0.313815536515014 0.16652141985701385 0.1446413611647319
v 0.3127027648290458 0.1760319942673846 0.14454899656280407
v 0.31151117830080755 0.18553319406340674 0.14450961351852673
v 0.3102885164429956 0.19503069761108122 0.14449112018636304
v 0.3089402498522644 0.20450142071522404 0.1442378345136551
v 0.3073793512004229 0.21392680810013687 0.1435870767223214
v 0.3059152440942094 0.22336817140646328 0.14295287817081634
v 0.30457492908462347 0.23282996720815455 0.14233985815307326
v 0.303147815578323 0.24226491838234157 0.14155982831021566
v 0.3016380635607436 0.25167431150959557 0.14062079291036392
v 0.30062835494989565 0.26104360760583245 0.1389551169623603
v 0.2997094786183159 0.27039896843422984 0.1371306186682544
v 0.29905069256357925 0.27966822874053243 0.13491928029117026
v 0.29950365215329716 0.2882481558493927 0.13093110878239564
v 0.3020248586746341 0.2906166762117373 0.12287821637093191
v 0.30552328288537356 0.28387383961511264 0.11714520740215284
v 0.3088131377022641 0.2752915933403298 0.11486621763567817
v 0.3121810985917558 0.26636139956601135 0.11422272102647522
v 0.3150921847973241 0.25727734096705307 0.11476619059755838
v 0.3177211407964607 0.24812707022387925 0.11576279723335427
v 0.32010071798809137 0.23893751317329234 0.1170227461462275
v 0.32224717749037857 0.22967766118135685 0.11816717115821537
v 0.3242782135799488 0.22038300409998307 0.11925439689490085
v 0.3258817501722424 0.21100450663663478 0.12032410450326184
v 0.32742681732417617 0.20161454225871733 0.12139141614352039
v 0.3286909963366797 0.19217431937296894 0.12236919501935568
v 0.32987412049882514 0.18271959357570697 0.12332113775687213
v 0.3308237203423418 0.173241312206183 0.1242705640466664
v 0.3315323571719479 0.16373872492402375 0.1252173937296874
v 0.3322409940015537 0.15423613764186495 0.12616422341270842
v 0.3326686455419751 0.14471600129831538 0.12710218574901574
v 0.3330886385366771 0.13519538663688196 0.12803990639658414
v 0.3334755060926587 0.1256708057146728 0.12894746769699444
v 0.33375032012364453 0.11613280810975185 0.12975300887959837
v 0.3340251341546301 0.10659481050483091 0.1305585500622023
v 0.3342126532405436 0.09705244908288266 0.13132947156047386
v 0.3342848771708817 0.08750432413175577 0.13205466896913448
v 0.3343571011012196 0.07795619918062868 0.13277986637779512
v 0.3341839953982267 0.06840122060028105 0.1333377157968222
v 0.33384674033726974 0.05884165627616888 0.13378359315327387
v 0.3335094852763126 0.04928209195205672 0.13422947050972556
v 0.33303199817603507 0.039724034524214774 0.13454558161133093
v 0.33250290074381433 0.03016653168729984 0.13481393415847115
v 0.3319738033115934 0.020609028850385104 0.13508228670561134
v 0.3312566462585721 0.011061810338986214 0.1352568853108057
v 0.33052403449307066 0.001515436991973044 0.1354237792305897
v 0.329759187414768 -0.00802805904294386 0.13559572563518457
v 0.32884578655345265 -0.017558295222141116 0.1357909559997306
v 0.3279323856921371 -0.02708853140133858 0.1359861863642766
v 0.32694874546890124 -0.036611276074172826 0.1361925614254007
v 0.32589625440368136 -0.046126677335752285 0.13640986087026177
v 0.3248437633384613 -0.05564207859733195 0.13662716031512287
v 0.323586091820089 -0.06513100659159303 0.1369023675492605
v 0.32232581288877926 -0.07461959816618732 0.13717831066986585
v 0.32107417422758466 -0.0841105567609405 0.13740482114604408
v 0.31982806882733317 -0.09360303120415908 0.13759967477387425
v 0.3186192020214942 -0.10309743636259422 0.13787649960680512
v 0.3174842520474825 -0.11259567389854519 0.13831603336786977
v 0.3163807530081717 -0.12208118267158602 0.13895783518844132
v 0.3153470303221193 -0.1315384516906791 0.14004838448527213
v 0.31441579287242616 -0.14099891353570956 0.14119723997513658
v 0.31356121635352796 -0.15046176367603978 0.14238970962044303
v 0.360106000031037 0.24645290877152481 -0.03536926175483195
v 0.35996014700248113 0.2378133631262912 -0.03573767841420218
v 0.35766955736398237 0.22979711532037628 -0.03441928898194527
v 0.3558363685161066 0.22203613354595067 -0.031173763056829694
v 0.3557124374762322 0.2136768802382673 -0.02891593028144803
v 0.3555884131781128 0.20536328016018557 -0.02645950953738095
v 0.3561681357776254 0.19721359768139488 -0.023545204004355655
v 0.3562518297314738 0.18905783067063106 -0.020637433384595207
v 0.35561629430986225 0.18067188225571806 -0.01856253357595963
v 0.3548758053236957 0.1721122476000577 -0.01736387004583802
v 0.35436756620678056 0.16347704155767734 -0.0166963586504239
v 0.3537241979612162 0.15484156487873088 -0.01619222848538377
v 0.3529392872492589 0.14621131554587988 -0.01579250759316729
v 0.3518833100114347 0.13761167481485662 -0.015343338106383842
v 0.351207506573378 0.12901114596476235 -0.01448345446568564
v 0.35074193617566335 0.12041234002815254 -0.013436790094725133
v 0.3504471319452715 0.1118177327313988 -0.012289411457280937
v 0.3500641380227396 0.10322246842162519 -0.011173739094867545
v 0.34971291420427353 0.09460784621926094 -0.010225430009744565
v 0.3493955062557417 0.08596964312250949 -0.00948775529176604
v 0.3486272601296502 0.07734822306667981 -0.008894816873366363
v 0.3477923522623752 0.06872894952139065 -0.008367813487093347
v 0.34712609889953977 0.06011194770292877 -0.007680128747803542
v 0.3468216072429352 0.051522851464288796 -0.00654551453669844
v 0.34681919831086333 0.0430017466303445 -0.004918819307088132
v 0.3470802163269447 0.03453264192948016 -0.003072324421405262
v 0.347616590221653 0.027208571470746797 0.0006645932746418079
v 0.3486097350823318 0.034700599913478236 0.004823547678470201
v 0.3489693709023067 0.043134200515379646 0.006814510778141321
v 0.34858954079667476 0.05167216565899717 0.008307675924587286
v 0.34783354570469144 0.06027560418229181 0.009120472634058092
v 0.34680631759723574 0.0688709200489422 0.009631919442254822
v 0.3456511844035057 0.07746059515217146 0.010013854637718572
v 0.3446769709525592 0.08603379427733517 0.01092040125517284
v 0.34376567371864575 0.09460565911534026 0.011895198063198371
v 0.34295003647892836 0.10317549525696272 0.012973764823421274
v 0.34171091075762333 0.11171481810830779 0.013798563746509764
v 0.3402382919691457 0.12023731726303244 0.014483446158952732
v 0.3383525152636667 0.12869017605194427 0.014860426932297884
v 0.3362809501957532 0.1371117190436964 0.015098950861504356
v 0.3342157675615208 0.1455357989834333 0.01529681558654427
v 0.3321558747644508 0.1539619815759202 0.015460981478200991
v 0.3300294699427966 0.1623719972617718 0.015580453072750492
v 0.32783909805566425 0.17076646463764827 0.015656940514473368
v 0.32543775744638803 0.17909936628390966 0.015585699499813898
v 0.3228501843330564 0.18737792082187124 0.015384051285107263
v 0.32001291051341657 0.19555982455794083 0.014978231193161063
v 0.31692830913204423 0.20364599605710737 0.014370179664553766
v 0.31377306804635013 0.2116997438567446 0.013704365853594764
v 0.31055037997389245 0.2197225334176135 0.012983400454295904
v 0.30780258798311855 0.22793400244043371 0.012565255355034987
v 0.3052111448042895 0.2362086177210154 0.012276010771526806
v 0.3026158099259764 0.24448445874475389 0.012063045805976178
v 0.29940290900163996 0.2525283831593453 0.011631276523928553
v 0.29635494086406083 0.2606283775258803 0.011077043786340977
v 0.29350006076139346 0.268744611005665 0.010061423302673756
v 0.2905857909633772 0.27672724453012026 0.008320867553086829
v 0.289457856376284 0.28395233176659795 0.005209132518646318
v 0.2947170445982223 0.27796333193799994 0.002301274815592421
v 0.2988186451021231 0.27054725172225846 0.0005633051605492434
v 0.3025727033230479 0.2628108651554752 -0.0005751073613433892
v 0.3061670399445315 0.25496332905991526 -0.0014075139035312854
v 0.30954909393293656 0.2469968179123375 -0.0020133792453075725
v 0.3125027802918177 0.23886929263550694 -0.002699844927930681
v 0.3154147779481554 0.23072469230695392 -0.0033746995985893618
v 0.31831374032274984 0.22257152403214814 -0.004001218625208876
v 0.32118928434584554 0.2143946082699241 -0.004279964502144279
v 0.32405288348746525 0.20620557974551124 -0.004381323467209052
v 0.32706777796888 0.19808552040347335 -0.0039281464406183365
v 0.33010088256854436 0.18997376228848167 -0.003408224688145414
v 0.3329037786294121 0.1817976146300697 -0.0026756461491210934
v 0.3356428650824079 0.17360361936470864 -0.0018841230277972343
v 0.33794017705030843 0.16527197652370978 -0.001205273512112932
v 0.3400117185658861 0.156869988390121 -0.0005840062511045692
v 0.3418151892653203 0.14840076307408442 -0.00013694127409354426
v 0.343391324978661 0.1398745178848797 0.00016239306076945025
v 0.3448772309121029 0.1313333138281156 0.00042509016050043975
v 0.34597675869506217 0.12272805354083206 0.0005309008401938201
v 0.34707628647802147 0.11412279325354871 0.0006367115198871485
v 0.3478854878727398 0.10549090261023764 0.0008839623989462138
v 0.34856975435979604 0.09684755224019803 0.0011920786314942675
v 0.3491598256136972 0.08822225787078027 0.0018042996446658223
v 0.3496091204628935 0.07962394850650327 0.002871010510836119
v 0.3499015730898277 0.07108738759059786 0.00431082897537793
v 0.3499702233133216 0.0626389372035724 0.006283044750114009
v 0.3499808804620865 0.05425892444871636 0.008515922666926678
v 0.34994560303111005 0.04593311909512054 0.010955263269268205
v 0.34924549486599066 0.03750348331954574 0.01279280409518057
v 0.34826377688689164 0.029029866927074998 0.014375433837128457
v 0.34673891829152953 0.020544255802216062 0.015329728021343246
v 0.3450241988041603 0.012084097440656983 0.016156615477612598
v 0.3429972782882573 0.003672506370946486 0.01679488717173113
v 0.340735839077716 -0.004672965955011997 0.01750187942305334
v 0.3384502091789358 -0.012979911711216279 0.018489563161294013
v 0.336171420126642 -0.021221426160930524 0.019921293865297198
v 0.33393717495590136 -0.02929120095783092 0.02211653253266259
v 0.3316941594189475 -0.036983408915108304 0.02542546641810118
v 0.32858893244513643 -0.04415301058984097 0.02914373368660298
v 0.32358420751460104 -0.048012924857603285 0.03444648754760414
v 0.3168906196286807 -0.04768678989445113 0.0399076257076483
v 0.32931518607969823 0.11827076874389164 -0.011881465270592457
v 0.3321484070939759 0.1170892681969127 -0.012746911196803268
v 0.33447127526453124 0.11481822527990086 -0.012850410331715398
v 0.3361309715008751 0.11200984343792962 -0.013026816534568995
v 0.3376307634788211 0.10911203160067476 -0.013061079118261702
v 0.3390566399899823 0.10617288090282764 -0.01302963605992792
v 0.34010224929569044 0.1030816838047737 -0.012930280934405874
v 0.3411168571346437 0.09997809105083973 -0.012825389244954567
v 0.3419763035517547 0.09683083714230396 -0.012715001625944893
v 0.34273626068692015 0.09365558776383329 -0.012601090024756586
v 0.3434962178220856 0.0904803383853626 -0.01248717842356833
v 0.3439066837989299 0.08724798219159893 -0.012324464561763648
v 0.34423610046002434 0.08400238254891267 -0.012150433132301401
v 0.3445655171211188 0.08075678290622641 -0.011976401702839154
v 0.34487553448261277 0.077516207166709 -0.01170535452878471
v 0.34518197219315505 0.0742765584616791 -0.011416405548499894
v 0.34548840990369717 0.071036909756649 -0.011127456568215078
v 0.34571578543734355 0.06780380574569093 -0.010724364909510647
v 0.3459203482872112 0.06457259014765226 -0.010288338402176139
v 0.346124911137079 0.06134137454961359 -0.00985231189484158
v 0.34631246823985273 0.05810957628418689 -0.009415613334324365
v 0.3463642083705081 0.05487312452603474 -0.008973547398420725
v 0.34641594850116364 0.05163667276788259 -0.008531481462517136
v 0.3464676886318192 0.048400221009730446 -0.008089415526613549
v 0.34643921988135296 0.04517036123158778 -0.007608737144705867
v 0.346321531526873 0.04194783398118834 -0.0070851085670804
v 0.3462038431723931 0.038725306730788896 -0.0065614799894549835
v 0.34608615481791316 0.035502779480389664 -0.006037851411829515
v 0.34591134522391 0.03227669117230142 -0.00555960909610566
v 0.3456744467154863 0.02904673211126861 -0.005130700158904638
v 0.34543754820706235 0.025816773050235806 -0.004701791221703668
v 0.34520064969863845 0.022586813989202793 -0.004272882284502646
v 0.3449637511902148 0.019356854928169985 -0.0038439733473016762
v 0.34454394671427896 0.016126753129986456 -0.0035958918750824942
v 0.3441203226208229 0.012896648351029084 -0.0033515866151038395
v 0.3436966985273671 0.00966654357207171 -0.0031072813551251332
v 0.34327307443391114 0.0064364387931145454 -0.002862976095146478
v 0.3428364995219614 0.0032059221300698012 -0.002657147031977729
v 0.3423722824355921 -2.5473656698835977e-05 -0.0025334414070859513
v 0.341908065349223 -0.0032568694434672663 -0.0024097357821941732
v 0.34144384826285396 -0.006488265230235903 -0.002286030157302395
v 0.3409796311764847 -0.009719661017004541 -0.002162324532410617
v 0.3405208124246462 -0.012951498809700613 -0.002032010010575228
v 0.34009506286564184 -0.016186044248461956 -0.0018612106158204414
v 0.33966931330663724 -0.0194205896872233 -0.0016904112210656028
v 0.33924356374763287 -0.022655135125984438 -0.0015196118263108164
v 0.3388178141886283 -0.025889680564745783 -0.0013488124315560296
v 0.3383920646296239 -0.029124226003507128 -0.001178013036801243
v 0.3379275817699207 -0.0323537707864628 -0.0010145097400641192
v 0.3374561754015137 -0.035582421711074945 -0.0008523106078887917
v 0.33698476903310665 -0.03881107263568729 -0.0006901114757134643
v 0.3365133626646996 -0.04203972356029943 -0.0005279123435381368
v 0.33604195629629263 -0.04526837448491178 -0.0003657132113628094
v 0.3355838484114049 -0.04849873374619713 -0.00020113159738767672
v 0.33516506830420373 -0.05173414509366973 -2.9504239104278048e-05
v 0.33474628819700264 -0.05496955644114212 0.00014212311917917238
v 0.3343275080898015 -0.05820496778861471 0.00031375047746257106
v 0.33390872798260035 -0.06144037913608731 0.00048537783574602154
v 0.33348994787539926 -0.0646757904835597 0.000657005194029472
v 0.3331070876230343 -0.06791100809251732 0.0008980678482509973
v 0.33273241552554256 -0.07114618153757261 0.0011549587111163476
v 0.33235774342805063 -0.0743813549826277 0.0014118495739816979
v 0.3319830713305587 -0.07761652842768278 0.001668740436847048
v 0.331608399233067 -0.08085170187273807 0.0019256312997123983
v 0.33129413156807663 -0.08408174410145464 0.0022791568527871274
v 0.33105321299881035 -0.0873055554947375 0.0027500258995242243
v 0.3308122944295443 -0.09052936688802035 0.0032208949462613212
v 0.330571375860278 -0.09375317828130321 0.0036917639929984186
v 0.3303304572910118 -0.09697698967458607 0.004162633039735464
v 0.3300895387217455 -0.10020080106786892 0.00463350208647256
v 0.330144878730389 -0.10340422304494251 0.005267328136173174
v 0.33021573392533865 -0.10660657721971536 0.005909688312644775
v 0.3302865891202883 -0.10980893139448802 0.006552048489116375
v 0.33035744431523795 -0.11301128556926089 0.0071944086655879765
v 0.3304282995101878 -0.11621363974403374 0.00783676884205963
v 0.3303758942555124 -0.11941047884817446 0.008503138212536057
v 0.33027555308313356 -0.12260517314453025 0.009178844744700992
v 0.330175211910755 -0.12579986744088603 0.009854551276865875
v 0.3300748707383762 -0.1289945617372418 0.01053025780903081
v 0.32998804852969293 -0.1321850894041564 0.011225358105749294
v 0.32996105093079603 -0.1353571787509419 0.01200628039465927
v 0.32993405333189896 -0.13852926809772756 0.012787202683569296
v 0.32990705573300205 -0.14170135744451304 0.013568124972479272
v 0.3298795629419351 -0.1448730414429783 0.014350659277943557
v 0.3298480967966128 -0.14804147298195322 0.015146128183797217
v 0.3298166306512905 -0.15120990452092814 0.01594159708965088
v 0.32978516450596823 -0.1543783360599031 0.01673706599550454
v 0.3297346046578171 -0.15753683134430918 0.017565100659830957
v 0.3295784267402645 -0.16064036358492845 0.018573274952877014
v 0.3294222488227121 -0.1637438958255475 0.01958144924592302
v 0.3292660709051597 -0.16684742806616676 0.020589623538969076
v 0.3289938562856116 -0.16989042482588956 0.021746630094782997
v 0.32872127220866326 -0.17293322884244564 0.02290411052808517
v 0.3284322100340137 -0.1759263467494287 0.024167514621987705
v 0.32810275819994444 -0.1787976784478391 0.025690549448373828
v 0.3277733063658755 -0.18166901014624948 0.027213584274759898
v 0.3271893702206048 -0.18454135514486586 0.02865247940996715
v 0.3265666363090054 -0.1874138546276012 0.030078546909309906
v 0.3255749384840485 -0.19010072701731368 0.0316346694525418
v 0.3244878953565785 -0.1927396308369353 0.03322439999117388
l 1 2 3 4 5 6 7 8 9 10 11 12 13 14 15 16 17 18 19 20 21 22 23 24 25 26 27 28 29 30 31 32 33 34 35 36 37 38 39 40 41 42 43 44 45 46 47 48 49 50 51 52 53 54 55 56 57 58 59 60 61 62 63 64 65 66 67 68 69 70 71 72 73 74 75 76 77 78 79 80 81 82 83 84 85 86 87 88 89 90 91 92 93 94 95 96 97 98 99 100
l 101 102 103 104 105 106 107 108 109 110 111 112 113 114 115 116 117 118 119 120 121 122 123 124 125 126 127 128 129 130 131 132 133 134 135 136 137 138 139 140 141 142 143 144 145 146 147 148 149 150 151 152 153 154 155 156 157 158 159 160 161 162 163 164 165 166 167 168 169 170 171 172 173 174 175 176 177 178 179 180 181 182 183 184 185 186 187 188 189 190 191 192 193 194 195 196 197 198 199 200
l 201 202 203 204 205 206 207 208 209 210 211 212 213 214 215 216 217 218 219 220 221 222 223 224 225 226 227 228 229 230 231 232 233 234 235 236 237 238 239 240 241 242 243 244 245 246 247 248 249 250 251 252 253 254 255 256 257 258 259 260 261 262 263 264 265 266 267 268 269 270 271 272 273 274 275 276 277 278 279 280 281 282 283 284 285 286 287 288 289 290 291 292 293 294 295 296 297 298 299 300
l 301 302 303 304 305 306 307 308 309 310 311 312 313 314 315 316 317 318 319 320 321 322 323 324 325 326 327 328 329 330 331 332 333 334 335 336 337 338 339 340 341 342 343 344 345 346 347 348 349 350 351 352 353 354 355 356 357 358 359 360 361 362 363 364 365 366 367 368 369 370 371 372 373 374 375 376 377 378 379 380 381 382 383 384 385 386 387 388 389 390 391 392 393 394 395 396 397 398 399 400
l 401 402 403 404 405 406 407 408 409 410 411 412 413 414 415 416 417 418 419 420 421 422 423 424 425 426 427 428 429 430 431 432 433 434 435 436 437 438 439 440 441 442 443 444 445 446 447 448 449 450 451 452 453 454 455 456 457 458 459 460 461 462 463 464 465 466 467 468 469 470 471 472 473 474 475 476 477 478 479 480 481 482 483 484 485 486 487 488 489 490 491 492 493 494 495 496 497 498 499 500
l 501 502 503 504 505 506 507 508 509 510 511 512 513 514 515 516 517 518 519 520 521 522 523 524 525 526 527 528 529 530 531 532 533 534 535 536 537 538 539 540 541 542 543 544 545 546 547 548 549 550 551 552 553 554 555 556 557 558 559 560 561 562 563 564 565 566 567 568 569 570 571 572 573 574 575 576 577 578 579 580 581 582 583 584 585 586 587 588 589 590 591 592 593 594 595 596 597 598 599 600
l 601 602 603 604 605 606 607 608 609 610 611 612 613 614 615 616 617 618 619 620 621 622 623 624 625 626 627 628 629 630 631 632 633 634 635 636 637 638 639 640 641 642 643 644 645 646 647 648 649 650 651 652 653 654 655 656 657 658 659 660 661 662 663 664 665 666 667 668 669 670 671 672 673 674 675 676 677 678 679 680 681 682 683 684 685 686 687 688 689 690 691 692 693 694 695 696 697 698 699 700
l 701 702 703 704 705 706 707 708 709 710 711 712 713 714 715 716 717 718 719 720 721 722 723 724 725 726 727 728 729 730 731 732 733 734 735 736 737 738 739 740 741 742 743 744 745 746 747 748 749 750 751 752 753 754 755 756 757 758 759 760 761 762 763 764 765 766 767 768 769 770 771 772 773 774 775 776 777 778 779 780 781 782 783 784 785 786 787 788 789 790 791 792 793 794 795 796 797 798 799 800
l 801 802 803 804 805 806 807 808 809 810 811 812 813 814 815 816 817 818 819 820 821 822 823 824 825 826 827 828 829 830 831 832 833 834 835 836 837 838 839 840 841 842 843 844 845 846 847 848 849 850 851 852 853 854 855 856 857 858 859 860 861 862 863 864 865 866 867 868 869 870 871 872 873 874 875 876 877 878 879 880 881 882 883 884 885 886 887 888 889 890 891 892 893 894 895 896 897 898 899 900
l 901 902 903 904 905 906 907 908 909 910 911 912 913 914 915 916 917 918 919 920 921 922 923 924 925 926 927 928 929 930 931 932 933 934 935 936 937 938 939 940 941 942 943 944 945 946 947 948 949 950 951 952 953 954 955 956 957 958 959 960 961 962 963 964 965 966 967 968 969 970 971 972 973 974 975 976 977 978 979 980 981 982 983 984 985 986 987 988 989 990 991 992 993 994 995 996 997 998 999 1000
l 1001 1002 1003 1004 1005 1006 1007 1008 1009 1010 1011 1012 1013 1014 1015 1016 1017 1018 1019 1020 1021 1022 1023 1024 1025 1026 1027 1028 1029 1030 1031 1032 1033 1034 1035 1036 1037 1038 1039 1040 1041 1042 1043 1044 1045 1046 1047 1048 1049 1050 1051 1052 1053 1054 1055 1056 1057 1058 1059 1060 1061 1062 1063 1064 1065 1066 1067 1068 1069 1070 1071 1072 1073 1074 1075 1076 1077 1078 1079 1080 1081 1082 1083 1084 1085 1086 1087 1088 1089 1090 1091 1092 1093 1094 1095 1096 1097 1098 1099 1100
l 1101 1102 1103 1104 1105 1106 1107 1108 1109 1110 1111 1112 1113 1114 1115 1116 1117 1118 1119 1120 1121 1122 1123 1124 1125 1126 1127 1128 1129 1130 1131 1132 1133 1134 1135 1136 1137 1138 1139 1140 1141 1142 1143 1144 1145 1146 1147 1148 1149 1150 1151 1152 1153 1154 1155 1156 1157 1158 1159 1160 1161 1162 1163 1164 1165 1166 1167 1168 1169 1170 1171 1172 1173 1174 1175 1176 1177 1178 1179 1180 1181 1182 1183 1184 1185 1186 1187 1188 1189 1190 1191 1192 1193 1194 1195 1196 1197 1198 1199 1200
l 1201 1202 1203 1204 1205 1206 1207 1208 1209 1210 1211 1212 1213 1214 1215 1216 1217 1218 1219 1220 1221 1222 1223 1224 1225 1226 1227 1228 1229 1230 1231 1232 1233 1234 1235 1236 1237 1238 1239 1240 1241 1242 1243 1244 1245 1246 1247 1248 1249 1250 1251 1252 1253 1254 1255 1256 1257 1258 1259 1260 1261 1262 1263 1264 1265 1266 1267 1268 1269 1270 1271 1272 1273 1274 1275 1276 1277 1278 1279 1280 1281 1282 1283 1284 1285 1286 1287 1288 1289 1290 1291 1292 1293 1294 1295 1296 1297 1298 1299 1300
l 1301 1302 1303 1304 1305 1306 1307 1308 1309 1310 1311 1312 1313 1314 1315 1316 1317 1318 1319 1320 1321 1322 1323 1324 1325 1326 1327 1328 1329 1330 1331 1332 1333 1334 1335 1336 1337 1338 1339 1340 1341 1342 1343 1344 1345 1346 1347 1348 1349 1350 1351 1352 1353 1354 1355 1356 1357 1358 1359 1360 1361 1362 1363 1364 1365 1366 1367 1368 1369 1370 1371 1372 1373 1374 1375 1376 1377 1378 1379 1380 1381 1382 1383 1384 1385 1386 1387 1388 1389 1390 1391 1392 1393 1394 1395 1396 1397 1398 1399 1400
l 1401 1402 1403 1404 1405 1406 1407 1408 1409 1410 1411 1412 1413 1414 1415 1416 1417 1418 1419 1420 1421 1422 1423 1424 1425 1426 1427 1428 1429 1430 1431 1432 1433 1434 1435 1436 1437 1438 1439 1440 1441 1442 1443 1444 1445 1446 1447 1448 1449 1450 1451 1452 1453 1454 1455 1456 1457 1458 1459 1460 1461 1462 1463 1464 1465 1466 1467 1468 1469 1470 1471 1472 1473 1474 1475 1476 1477 1478 1479 1480 1481 1482 1483 1484 1485 1486 1487 1488 1489 1490 1491 1492 1493 1494 1495 1496 1497 1498 1499 1500
l 1501 1502 1503 1504 1505 1506 1507 1508 1509 1510 1511 1512 1513 1514 1515 1516 1517 1518 1519 1520 1521 1522 1523 1524 1525 1526 1527 1528 1529 1530 1531 1532 1533 1534 1535 1536 1537 1538 1539 1540 1541 1542 1543 1544 1545 1546 1547 1548 1549 1550 1551 1552 1553 1554 1555 1556 1557 1558 1559 1560 1561 1562 1563 1564 1565 1566 1567 1568 1569 1570 1571 1572 1573 1574 1575 1576 1577 1578 1579 1580 1581 1582 1583 1584 1585 1586 1587 1588 1589 1590 1591 1592 1593 1594 1595 1596 1597 1598 1599 1600
l 1601 1602 1603 1604 1605 1606 1607 1608 1609 1610 1611 1612 1613 1614 1615 1616 1617 1618 1619 1620 1621 1622 1623 1624 1625 1626 1627 1628 1629 1630 1631 1632 1633 1634 1635 1636 1637 1638 1639 1640 1641 1642 1643 1644 1645 1646 1647 1648 1649 1650 1651 1652 1653 1654 1655 1656 1657 1658 1659 1660 1661 1662 1663 1664 1665 1666 1667 1668 1669 1670 1671 1672 1673 1674 1675 1676 1677 1678 1679 1680 1681 1682 1683 1684 1685 1686 1687 1688 1689 1690 1691 1692 1693 1694 1695 1696 1697 1698 1699 1700
l 1701 1702 1703 1704 1705 1706 1707 1708 1709 1710 1711 1712 1713 1714 1715 1716 1717 1718 1719 1720 1721 1722 1723 1724 1725 1726 1727 1728 1729 1730 1731 1732 1733 1734 1735 1736 1737 1738 1739 1740 1741 1742 1743 1744 1745 1746 1747 1748 1749 1750 1751 1752 1753 1754 1755 1756 1757 1758 1759 1760 1761 1762 1763 1764 1765 1766 1767 1768 1769 1770 1771 1772 1773 1774 1775 1776 1777 1778 1779 1780 1781 1782 1783 1784 1785 1786 1787 1788 1789 1790 1791 1792 1793 1794 1795 1796 1797 1798 1799 1800
l 1801 1802 1803 1804 1805 1806 1807 1808 1809 1810 1811 1812 1813 1814 1815 1816 1817 1818 1819 1820 1821 1822 1823 1824 1825 1826 1827 1828 1829 1830 1831 1832 1833 1834 1835 1836 1837 1838 1839 1840 1841 1842 1843 1844 1845 1846 1847 1848 1849 1850 1851 1852 1853 1854 1855 1856 1857 1858 1859 1860 1861 1862 1863 1864 1865 1866 1867 1868 1869 1870 1871 1872 1873 1874 1875 1876 1877 1878 1879 1880 1881 1882 1883 1884 1885 1886 1887 1888 1889 1890 1891 1892 1893 1894 1895 1896 1897 1898 1899 1900
l 1901 1902 1903 1904 1905 1906 1907 1908 1909 1910 1911 1912 1913 1914 1915 1916 1917 1918 1919 1920 1921 1922 1923 1924 1925 1926 1927 1928 1929 1930 1931 1932 1933 1934 1935 1936 1937 1938 1939 1940 1941 1942 1943 1944 1945 1946 1947 1948 1949 1950 1951 1952 1953 1954 1955 1956 1957 1958 1959 1960 1961 1962 1963 1964 1965 1966 1967 1968 1969 1970 1971 1972 1973 1974 1975 1976 1977 1978 1979 1980 1981 1982 1983 1984 1985 1986 1987 1988 1989 1990 1991 1992 1993 1994 1995 1996 1997 1998 1999 2000
l 2001 2002 2003 2004 2005 2006 2007 2008 2009 2010 2011 2012 2013 2014 2015 2016 2017 2018 2019 2020 2021 2022 2023 2024 2025 2026 2027 2028 2029 2030 2031 2032 2033 2034 2035 2036 2037 2038 2039 2040 2041 2042 2043 2044 2045 2046 2047 2048 2049 2050 2051 2052 2053 2054 2055 2056 2057 2058 2059 2060 2061 2062 2063 2064 2065 2066 2067 2068 2069 2070 2071 2072 2073 2074 2075 2076 2077 2078 2079 2080 2081 2082 2083 2084 2085 2086 2087 2088 2089 2090 2091 2092 2093 2094 2095 2096 2097 2098 2099 2100
l 2101 2102 2103 2104 2105 2106 2107 2108 2109 2110 2111 2112 2113 2114 2115 2116 2117 2118 2119 2120 2121 2122 2123 2124 2125 2126 2127 2128 2129 2130 2131 2132 2133 2134 2135 2136 2137 2138 2139 2140 2141 2142 2143 2144 2145 2146 2147 2148 2149 2150 2151 2152 2153 2154 2155 2156 2157 2158 2159 2160 2161 2162 2163 2164 2165 2166 2167 2168 2169 2170 2171 2172 2173 2174 2175 2176 2177 2178 2179 2180 2181 2182 2183 2184 2185 2186 2187 2188 2189 2190 2191 2192 2193 2194 2195 2196 2197 2198 2199 2200
l 2201 2202 2203 2204 2205 2206 2207 2208 2209 2210 2211 2212 2213 2214 2215 2216 2217 2218 2219 2220 2221 2222 2223 2224 2225 2226 2227 2228 2229 2230 2231 2232 2233 2234 2235 2236 2237 2238 2239 2240 2241 2242 2243 2244 2245 2246 2247 2248 2249 2250 2251 2252 2253 2254 2255 2256 2257 2258 2259 2260 2261 2262 2263 2264 2265 2266 2267 2268 2269 2270 2271 2272 2273 2274 2275 2276 2277 2278 2279 2280 2281 2282 2283 2284 2285 2286 2287 2288 2289 2290 2291 2292 2293 2294 2295 2296 2297 2298 2299 2300
l 2301 2302 2303 2304 2305 2306 2307 2308 2309 2310 2311 2312 2313 2314 2315 2316 2317 2318 2319 2320 2321 2322 2323 2324 2325 2326 2327 2328 2329 2330 2331 2332 2333 2334 2335 2336 2337 2338 2339 2340 2341 2342 2343 2344 2345 2346 2347 2348 2349 2350 2351 2352 2353 2354 2355 2356 2357 2358 2359 2360 2361 2362 2363 2364 2365 2366 2367 2368 2369 2370 2371 2372 2373 2374 2375 2376 2377 2378 2379 2380 2381 2382 2383 2384 2385 2386 2387 2388 2389 2390 2391 2392 2393 2394 2395 2396 2397 2398 2399 2400
l 2401 2402 2403 2404 2405 2406 2407 2408 2409 2410 2411 2412 2413 2414 2415 2416 2417 2418 2419 2420 2421 2422 2423 2424 2425 2426 2427 2428 2429 2430 2431 2432 2433 2434 2435 2436 2437 2438 2439 2440 2441 2442 2443 2444 2445 2446 2447 2448 2449 2450 2451 2452 2453 2454 2455 2456 2457 2458 2459 2460 2461 2462 2463 2464 2465 2466 2467 2468 2469 2470 2471 2472 2473 2474 2475 2476 2477 2478 2479 2480 2481 2482 2483 2484 2485 2486 2487 2488 2489 2490 2491 2492 2493 2494 2495 2496 2497 2498 2499 2500
l 2501 2502 2503 2504 2505 2506 2507 2508 2509 2510 2511 2512 2513 2514 2515 2516 2517 2518 2519 2520 2521 2522 2523 2524 2525 2526 2527 2528 2529 2530 2531 2532 2533 2534 2535 2536 2537 2538 2539 2540 2541 2542 2543 2544 2545 2546 2547 2548 2549 2550 2551 2552 2553 2554 2555 2556 2557 2558 2559 2560 2561 2562 2563 2564 2565 2566 2567 2568 2569 2570 2571 2572 2573 2574 2575 2576 2577 2578 2579 2580 2581 2582 2583 2584 2585 2586 2587 2588 2589 2590 2591 2592 2593 2594 2595 2596 2597 2598 2599 2600
l 2601 2602 2603 2604 2605 2606 2607 2608 2609 2610 2611 2612 2613 2614 2615 2616 2617 2618 2619 2620 2621 2622 2623 2624 2625 2626 2627 2628 2629 2630 2631 2632 2633 2634 2635 2636 2637 2638 2639 2640 2641 2642 2643 2644 2645 2646 2647 2648 2649 2650 2651 2652 2653 2654 2655 2656 2657 2658 2659 2660 2661 2662 2663 2664 2665 2666 2667 2668 2669 2670 2671 2672 2673 2674 2675 2676 2677 2678 2679 2680 2681 2682 2683 2684 2685 2686 2687 2688 2689 2690 2691 2692 2693 2694 2695 2696 2697 2698 2699 2700
l 2701 2702 2703 2704 2705 2706 2707 2708 2709 2710 2711 2712 2713 2714 2715 2716 2717 2718 2719 2720 2721 2722 2723 2724 2725 2726 2727 2728 2729 2730 2731 2732 2733 2734 2735 2736 2737 2738 2739 2740 2741 2742 2743 2744 2745 2746 2747 2748 2749 2750 2751 2752 2753 2754 2755 2756 2757 2758 2759 2760 2761 2762 2763 2764 2765 2766 2767 2768 2769 2770 2771 2772 2773 2774 2775 2776 2777 2778 2779 2780 2781 2782 2783 2784 2785 2786 2787 2788 2789 2790 2791 2792 2793 2794 2795 2796 2797 2798 2799 2800
l 2801 2802 2803 2804 2805 2806 2807 2808 2809 2810 2811 2812 2813 2814 2815 2816 2817 2818 2819 2820 2821 2822 2823 2824 2825 2826 2827 2828 2829 2830 2831 2832 2833 2834 2835 2836 2837 2838 2839 2840 2841 2842 2843 2844 2845 2846 2847 2848 2849 2850 2851 2852 2853 2854 2855 2856 2857 2858 2859 2860 2861 2862 2863 2864 2865 2866 2867 2868 2869 2870 2871 2872 2873 2874 2875 2876 2877 2878 2879 2880 2881 2882 2883 2884 2885 2886 2887 2888 2889 2890 2891 2892 2893 2894 2895 2896 2897 2898 2899 2900
l 2901 2902 2903 2904 2905 2906 2907 2908 2909 2910 2911 2912 2913 2914 2915 2916 2917 2918 2919 2920 2921 2922 2923 2924 2925 2926 2927 2928 2929 2930 2931 2932 2933 2934 2935 2936 2937 2938 2939 2940 2941 2942 2943 2944 2945 2946 2947 2948 2949 2950 2951 2952 2953 2954 2955 2956 2957 2958 2959 2960 2961 2962 2963 2964 2965 2966 2967 2968 2969 2970 2971 2972 2973 2974 2975 2976 2977 2978 2979 2980 2981 2982 2983 2984 2985 2986 2987 2988 2989 2990 2991 2992 2993 2994 2995 2996 2997 2998 2999 3000
l 3001 3002 3003 3004 3005 3006 3007 3008 3009 3010 3011 3012 3013 3014 3015 3016 3017 3018 3019 3020 3021 3022 3023 3024 3025 3026 3027 3028 3029 3030 3031 3032 3033 3034 3035 3036 3037 3038 3039 3040 3041 3042 3043 3044 3045 3046 3047 3048 3049 3050 3051 3052 3053 3054 3055 3056 3057 3058 3059 3060 3061 3062 3063 3064 3065 3066 3067 3068 3069 3070 3071 3072 3073 3074 3075 3076 3077 3078 3079 3080 3081 3082 3083 3084 3085 3086 3087 3088 3089 3090 3091 3092 3093 3094 3095 3096 3097 3098 3099 3100
l 3101 3102 3103 3104 3105 3106 3107 3108 3109 3110 3111 3112 3113 3114 3115 3116 3117 3118 3119 3120 3121 3122 3123 3124 3125 3126 3127 3128 3129 3130 3131 3132 3133 3134 3135 3136 3137 3138 3139 3140 3141 3142 3143 3144 3145 3146 3147 3148 3149 3150 3151 3152 3153 3154 3155 3156 3157 3158 3159 3160 3161 3162 3163 3164 3165 3166 3167 3168 3169 3170 3171 3172 3173 3174 3175 3176 3177 3178 3179 3180 3181 3182 3183 3184 3185 3186 3187 3188 3189 3190 3191 3192 3193 3194 3195 3196 3197 3198 3199 3200
l 3201 3202 3203 3204 3205 3206 3207 3208 3209 3210 3211 3212 3213 3214 3215 3216 3217 3218 3219 3220 3221 3222 3223 3224 3225 3226 3227 3228 3229 3230 3231 3232 3233 3234 3235 3236 3237 3238 3239 3240 3241 3242 3243 3244 3245 3246 3247 3248 3249 3250 3251 3252 3253 3254 3255 3256 3257 3258 3259 3260 3261 3262 3263 3264 3265 3266 3267 3268 3269 3270 3271 3272 3273 3274 3275 3276 3277 3278 3279 3280 3281 3282 3283 3284 3285 3286 3287 3288 3289 3290 3291 3292 3293 3294 3295 3296 3297 3298 3299 3300
l 3301 3302 3303 3304 3305 3306 3307 3308 3309 3310 3311 3312 3313 3314 3315 3316 3317 3318 3319 3320 3321 3322 3323 3324 3325 3326 3327 3328 3329 3330 3331 3332 3333 3334 3335 3336 3337 3338 3339 3340 3341 3342 3343 3344 3345 3346 3347 3348 3349 3350 3351 3352 3353 3354 3355 3356 3357 3358 3359 3360 3361 3362 3363 3364 3365 3366 3367 3368 3369 3370 3371 3372 3373 3374 3375 3376 3377 3378 3379 3380 3381 3382 3383 3384 3385 3386 3387 3388 3389 3390 3391 3392 3393 3394 3395 3396 3397 3398 3399 3400
l 3401 3402 3403 3404 3405 3406 3407 3408 3409 3410 3411 3412 3413 3414 3415 3416 3417 3418 3419 3420 3421 3422 3423 3424 3425 3426 3427 3428 3429 3430 3431 3432 3433 3434 3435 3436 3437 3438 3439 3440 3441 3442 3443 3444 3445 3446 3447 3448 3449 3450 3451 3452 3453 3454 3455 3456 3457 3458 3459 3460 3461 3462 3463 3464 3465 3466 3467 3468 3469 3470 3471 3472 3473 3474 3475 3476 3477 3478 3479 3480 3481 3482 3483 3484 3485 3486 3487 3488 3489 3490 3491 3492 3493 3494 3495 3496 3497 3498 3499 3500
l 3501 3502 3503 3504 3505 3506 3507 3508 3509 3510 3511 3512 3513 3514 3515 3516 3517 3518 3519 3520 3521 3522 3523 3524 3525 3526 3527 3528 3529 3530 3531 3532 3533 3534 3535 3536 3537 3538 3539 3540 3541 3542 3543 3544 3545 3546 3547 3548 3549 3550 3551 3552 3553 3554 3555 3556 3557 3558 3559 3560 3561 3562 3563 3564 3565 3566 3567 3568 3569 3570 3571 3572 3573 3574 3575 3576 3577 3578 3579 3580 3581 3582 3583 3584 3585 3586 3587 3588 3589 3590 3591 3592 3593 3594 3595 3596 3597 3598 3599 3600
l 3601 3602 3603 3604 3605 3606 3607 3608 3609 3610 3611 3612 3613 3614 3615 3616 3617 3618 3619 3620 3621 3622 3623 3624 3625 3626 3627 3628 3629 3630 3631 3632 3633 3634 3635 3636 3637 3638 3639 3640 3641 3642 3643 3644 3645 3646 3647 3648 3649 3650 3651 3652 3653 3654 3655 3656 3657 3658 3659 3660 3661 3662 3663 3664 3665 3666 3667 3668 3669 3670 3671 3672 3673 3674 3675 3676 3677 3678 3679 3680 3681 3682 3683 3684 3685 3686 3687 3688 3689 3690 3691 3692 3693 3694 3695 3696 3697 3698 3699 3700
l 3701 3702 3703 3704 3705 3706 3707 3708 3709 3710 3711 3712 3713 3714 3715 3716 3717 3718 3719 3720 3721 3722 3723 3724 3725 3726 3727 3728 3729 3730 3731 3732 3733 3734 3735 3736 3737 3738 3739 3740 3741 3742 3743 3744 3745 3746 3747 3748 3749 3750 3751 3752 3753 3754 3755 3756 3757 3758 3759 3760 3761 3762 3763 3764 3765 3766 3767 3768 3769 3770 3771 3772 3773 3774 3775 3776 3777 3778 3779 3780 3781 3782 3783 3784 3785 3786 3787 3788 3789 3790 3791 3792 3793 3794 3795 3796 3797 3798 3799 3800
